gene_id	WT_1	WT_2	WT_3	ref6_1	ref6_2	ref6_3
AT1G01010	217	232	220	153	200	209
AT1G01020	133	91	108	123	103	105
AT1G01030	37	40	20	52	47	48
AT1G01040	753	704	663	686	681	614
AT1G01046	9	8	3	6	2	5
AT1G01050	999	987	928	943	869	758
AT1G01060	288	272	197	52	72	77
AT1G01070	142	96	117	80	79	103
AT1G01080	803	798	723	792	765	701
AT1G01090	1729	1726	1600	2011	1712	1471
AT1G01100	1403	1324	1263	1422	1281	1264
AT1G01110	94	75	83	84	101	69
AT1G01120	499	610	502	425	456	448
AT1G01130	24	30	30	24	35	31
AT1G01140	811	1105	745	551	882	991
AT1G01150	0	1	3	0	0	0
AT1G01160	503	502	476	490	446	408
AT1G01170	421	473	359	441	457	419
AT1G01180	162	155	136	146	169	143
AT1G01183	1	0	1	0	0	0
AT1G01190	474	238	253	238	171	195
AT1G01200	29	26	23	32	21	25
AT1G01210	140	125	117	105	106	109
AT1G01220	393	386	324	454	438	382
AT1G01225	36	32	40	53	37	35
AT1G01230	294	285	292	272	241	239
AT1G01240	286	301	252	416	336	349
AT1G01250	11	24	12	10	8	5
AT1G01260	322	309	256	270	269	296
AT1G01270	0	0	0	0	0	0
AT1G01280	0	0	0	0	0	0
AT1G01290	242	252	218	220	213	206
AT1G01300	850	791	847	964	848	775
AT1G01305	1	0	0	0	0	0
AT1G01310	0	5	0	0	1	0
AT1G01320	6239	5339	5037	5675	5252	4941
AT1G01335	0	0	0	0	0	0
AT1G01340	254	248	245	143	177	175
AT1G01350	407	363	387	321	332	387
AT1G01355	1	0	0	1	1	2
AT1G01360	206	236	197	155	156	139
AT1G01370	55	51	45	62	31	33
AT1G01380	31	35	41	16	26	28
AT1G01390	39	24	25	44	48	27
AT1G01400	0	0	0	0	0	0
AT1G01410	0	0	0	0	0	0
AT1G01420	116	142	130	90	82	75
AT1G01430	584	621	601	686	621	572
AT1G01440	400	441	398	339	371	355
AT1G01448	116	139	101	134	127	121
AT1G01450	0	0	0	0	0	0
AT1G01453	44	11	28	30	11	14
AT1G01460	0	0	0	0	0	0
AT1G01470	1227	1743	1118	742	726	735
AT1G01480	88	108	61	30	56	67
AT1G01490	1291	1329	1251	788	859	948
AT1G01500	203	217	204	205	183	188
AT1G01510	546	576	492	522	469	456
AT1G01520	15	18	11	2	6	4
AT1G01530	2	1	2	1	4	0
AT1G01540	799	882	831	689	693	791
AT1G01550	2238	2573	2206	1795	2047	1931
AT1G01560	127	410	129	29	54	118
AT1G01570	22	19	16	15	23	23
AT1G01580	20	29	23	23	14	31
AT1G01590	0	2	0	2	1	1
AT1G01600	105	118	111	106	123	126
AT1G01610	677	726	755	690	676	620
AT1G01620	2588	2865	2701	2932	2902	2861
AT1G01630	659	671	684	582	593	579
AT1G01640	137	152	129	92	84	108
AT1G01650	594	573	511	463	393	454
AT1G01660	72	43	38	15	8	9
AT1G01670	20	20	26	0	1	1
AT1G01680	38	71	40	5	16	27
AT1G01690	88	85	77	90	78	74
AT1G01695	2	4	0	2	2	4
AT1G01700	19	18	20	28	26	21
AT1G01710	612	694	572	513	546	517
AT1G01715	30	54	44	31	25	33
AT1G01720	681	717	598	478	494	573
AT1G01725	37	41	33	39	25	24
AT1G01730	204	246	213	192	182	173
AT1G01740	108	114	114	110	118	83
AT1G01750	96	46	66	41	40	24
AT1G01760	55	49	47	55	51	47
AT1G01770	354	352	330	405	339	358
AT1G01780	266	218	220	210	154	174
AT1G01790	1921	1934	1526	1767	1622	1424
AT1G01800	740	823	621	595	570	547
AT1G01810	6	10	8	6	7	5
AT1G01820	817	871	820	725	813	779
AT1G01830	456	439	346	323	264	247
AT1G01840	1	1	0	1	1	0
AT1G01860	128	132	131	183	155	123
AT1G01870	0	0	0	0	0	0
AT1G01880	32	36	33	37	29	26
AT1G01890	0	0	0	0	0	0
AT1G01900	38	67	45	39	48	39
AT1G01910	620	657	620	581	634	547
AT1G01920	271	356	307	280	277	290
AT1G01930	251	290	216	220	206	224
AT1G01940	267	331	305	202	269	227
AT1G01950	332	372	311	346	356	313
AT1G01960	1743	1789	1601	1633	1558	1479
AT1G01970	315	271	239	313	291	282
AT1G01980	0	0	0	0	0	1
AT1G01990	298	289	276	263	257	290
AT1G02000	201	195	201	150	161	169
AT1G02010	184	151	127	174	166	127
AT1G02020	194	217	214	210	203	188
AT1G02030	9	11	12	7	1	5
AT1G02040	3	0	3	0	3	0
AT1G02050	124	106	111	103	111	99
AT1G02060	139	123	127	150	124	111
AT1G02065	17	18	19	29	20	26
AT1G02067	0	0	0	0	0	0
AT1G02070	2	9	1	6	5	5
AT1G02080	2814	2370	2128	2148	2311	2080
AT1G02090	665	600	586	614	578	516
AT1G02100	544	654	573	439	524	483
AT1G02110	322	327	298	335	295	261
AT1G02120	1367	1450	1309	1070	1101	1143
AT1G02130	550	532	513	512	503	494
AT1G02140	667	704	633	601	581	578
AT1G02145	308	320	264	283	309	278
AT1G02150	1075	1051	954	1216	1100	1027
AT1G02160	132	162	125	129	128	118
AT1G02170	495	567	497	429	457	465
AT1G02180	39	31	30	50	33	44
AT1G02190	1	2	3	5	7	9
AT1G02205	283	297	232	256	280	330
AT1G02210	0	0	0	0	0	0
AT1G02220	487	431	436	69	139	125
AT1G02230	40	70	31	3	6	3
AT1G02250	2	1	0	0	1	2
AT1G02260	229	218	200	114	130	109
AT1G02270	356	408	340	346	386	407
AT1G02280	643	687	604	848	712	738
AT1G02290	145	139	135	154	145	156
AT1G02300	276	301	326	430	353	325
AT1G02305	1550	1288	1353	1149	1140	1218
AT1G02310	73	68	45	13	9	31
AT1G02320	0	0	0	0	0	0
AT1G02330	441	465	398	372	404	384
AT1G02335	190	210	162	188	152	161
AT1G02340	114	79	96	116	121	129
AT1G02350	16	11	16	15	16	17
AT1G02360	335	327	358	315	403	296
AT1G02370	119	128	110	132	134	108
AT1G02380	50	64	48	26	32	30
AT1G02390	179	249	108	39	58	69
AT1G02400	185	190	146	86	117	121
AT1G02405	1	7	1	3	0	0
AT1G02410	316	307	280	214	241	240
AT1G02420	24	24	16	21	14	30
AT1G02430	5	9	13	13	14	11
AT1G02440	13	11	16	5	7	3
AT1G02450	19	71	33	14	18	20
AT1G02460	86	57	42	27	21	40
AT1G02470	99	114	65	24	48	80
AT1G02475	539	618	514	630	601	613
AT1G02480	0	0	0	0	0	0
AT1G02490	2	1	2	0	1	0
AT1G02500	7134	7848	7119	6447	6907	6196
AT1G02510	0	0	3	0	0	0
AT1G02520	491	490	375	262	369	348
AT1G02530	9	4	5	18	10	7
AT1G02540	0	0	0	0	0	0
AT1G02550	0	0	1	0	0	0
AT1G02560	2563	2628	2197	2746	2456	2458
AT1G02570	44	24	23	18	11	10
AT1G02575	15	4	10	2	2	2
AT1G02580	9	12	4	5	10	13
AT1G02590	0	0	0	0	0	0
AT1G02600	0	0	0	0	0	0
AT1G02610	66	109	147	69	152	150
AT1G02620	3	1	2	1	2	3
AT1G02630	2	1	0	4	2	5
AT1G02640	127	174	211	271	338	348
AT1G02650	30	27	31	34	18	18
AT1G02660	212	638	442	316	573	770
AT1G02670	27	47	34	36	34	44
AT1G02680	175	171	137	131	130	140
AT1G02690	224	245	267	246	212	226
AT1G02700	9	11	13	14	9	7
AT1G02705	8	1	3	6	2	10
AT1G02710	0	0	0	0	0	0
AT1G02720	156	175	156	194	181	169
AT1G02730	636	616	526	749	565	567
AT1G02740	124	155	143	150	152	179
AT1G02750	203	194	185	163	183	165
AT1G02760	0	0	0	0	0	0
AT1G02770	12	12	8	7	5	8
AT1G02780	7624	6730	6891	7356	6422	6076
AT1G02790	0	0	0	0	0	0
AT1G02800	36	52	41	36	19	24
AT1G02810	251	234	235	228	220	200
AT1G02813	2	2	0	1	2	1
AT1G02816	179	163	137	126	136	151
AT1G02820	68	53	49	14	8	18
AT1G02830	0	0	0	0	0	0
AT1G02840	1684	1795	1494	1639	1514	1369
AT1G02850	1125	1172	862	709	851	1278
AT1G02860	146	145	186	177	186	211
AT1G02870	270	264	226	265	235	268
AT1G02880	434	378	316	295	316	307
AT1G02890	1945	2110	1908	1748	1912	1731
AT1G02900	381	369	377	315	358	298
AT1G02910	635	609	588	626	590	542
AT1G02920	5209	6848	4987	2443	3200	3256
AT1G02930	3821	4969	3579	2180	2609	2245
AT1G02940	9	5	11	2	2	4
AT1G02950	75	49	42	59	48	48
AT1G02952	0	1	0	0	0	0
AT1G02960	287	304	280	324	275	275
AT1G02965	0	0	1	0	0	0
AT1G02970	55	50	48	44	27	48
AT1G02980	5	10	5	5	2	5
AT1G02990	428	438	344	360	357	360
AT1G03000	499	568	470	505	531	475
AT1G03010	35	31	43	41	35	21
AT1G03020	32	43	18	29	18	47
AT1G03030	271	269	269	283	285	282
AT1G03040	824	834	729	716	773	712
AT1G03050	0	1	0	0	0	1
AT1G03055	37	42	27	36	25	34
AT1G03060	1458	1156	1027	1179	1046	1012
AT1G03070	32	19	29	16	15	17
AT1G03080	2455	2662	2025	1638	1704	1883
AT1G03090	408	468	559	543	538	590
AT1G03100	31	21	22	21	33	21
AT1G03103	0	0	0	0	0	0
AT1G03106	1	0	0	4	1	0
AT1G03110	176	128	159	187	177	127
AT1G03120	7	7	4	11	7	7
AT1G03130	3795	5938	4033	5919	5663	5211
AT1G03140	691	750	667	677	719	658
AT1G03150	170	209	164	185	176	164
AT1G03160	810	825	713	856	881	807
AT1G03165	1	3	4	3	1	2
AT1G03170	13	21	9	12	15	21
AT1G03180	34	44	42	43	51	40
AT1G03190	199	220	177	193	203	158
AT1G03200	26	30	34	19	20	20
AT1G03210	347	283	268	231	223	198
AT1G03220	3951	4004	4105	2972	3714	3706
AT1G03230	735	740	767	702	678	673
AT1G03240	2	1	0	1	2	1
AT1G03250	509	478	392	365	333	378
AT1G03260	121	164	161	125	124	100
AT1G03270	64	65	38	60	60	52
AT1G03280	701	693	545	590	558	556
AT1G03290	642	686	604	429	506	501
AT1G03300	0	0	0	0	0	0
AT1G03310	576	728	472	807	683	610
AT1G03320	3	2	5	2	1	0
AT1G03325	0	0	0	0	0	0
AT1G03330	379	398	330	319	281	318
AT1G03340	48	40	36	20	35	24
AT1G03350	702	667	637	527	537	555
AT1G03360	150	155	134	139	135	155
AT1G03365	397	405	349	360	354	329
AT1G03370	862	945	857	576	687	703
AT1G03380	816	827	741	764	700	704
AT1G03390	0	0	0	0	0	1
AT1G03395	0	0	0	0	0	0
AT1G03400	366	392	317	185	282	271
AT1G03410	44	38	39	62	55	49
AT1G03430	287	314	245	207	231	239
AT1G03440	271	343	245	226	221	230
AT1G03445	15	22	8	5	7	9
AT1G03457	130	117	133	88	58	61
AT1G03470	90	110	114	116	96	125
AT1G03475	2323	2526	2167	2166	2286	2044
AT1G03490	0	0	0	0	0	0
AT1G03495	43	59	61	47	47	62
AT1G03502	0	0	0	0	0	0
AT1G03506	2	0	0	2	0	1
AT1G03510	39	31	25	36	29	30
AT1G03515	0	0	0	0	0	0
AT1G03520	158	161	146	135	142	159
AT1G03530	244	274	275	277	278	236
AT1G03540	47	37	36	37	37	37
AT1G03545	8	13	7	7	5	15
AT1G03550	33	33	16	25	24	16
AT1G03560	126	136	132	120	130	132
AT1G03570	0	0	0	0	0	0
AT1G03590	496	509	457	381	384	353
AT1G03600	1576	1740	1267	1930	1566	1420
AT1G03610	415	646	541	431	572	658
AT1G03620	50	57	58	60	59	68
AT1G03630	1889	2101	1487	1867	1848	1801
AT1G03640	0	0	0	0	0	0
AT1G03650	34	42	29	28	38	31
AT1G03660	10	19	16	4	2	10
AT1G03670	1	0	0	0	0	0
AT1G03680	2082	2194	1740	2286	2042	1815
AT1G03687	196	146	172	189	145	153
AT1G03700	14	25	11	14	11	13
AT1G03710	1	6	6	13	15	10
AT1G03720	0	0	0	0	0	0
AT1G03730	146	183	143	119	155	136
AT1G03740	1382	1896	1675	1059	1365	1500
AT1G03743	0	0	0	0	0	0
AT1G03746	0	0	0	0	0	0
AT1G03750	137	133	119	131	107	118
AT1G03760	136	182	154	153	134	150
AT1G03770	143	147	149	159	134	151
AT1G03780	251	231	243	338	251	265
AT1G03790	10	8	8	8	6	12
AT1G03800	10	11	13	10	12	3
AT1G03810	0	0	0	0	0	0
AT1G03820	129	148	136	161	141	120
AT1G03830	249	224	240	229	231	228
AT1G03840	51	62	57	65	51	52
AT1G03850	398	373	473	199	294	282
AT1G03860	863	910	927	842	874	831
AT1G03870	1134	892	1128	685	843	765
AT1G03880	0	2	1	0	0	0
AT1G03890	0	0	0	0	0	0
AT1G03900	1355	1345	1159	1069	1043	1033
AT1G03905	86	86	71	63	78	60
AT1G03910	1074	1127	926	953	916	904
AT1G03920	49	49	32	41	31	31
AT1G03930	547	418	417	444	450	410
AT1G03935	8	7	2	1	4	4
AT1G03940	42	62	39	39	41	59
AT1G03950	237	245	226	215	225	230
AT1G03960	221	236	230	237	245	195
AT1G03970	252	321	270	243	265	299
AT1G03980	7	15	8	8	11	11
AT1G03982	0	0	0	0	0	0
AT1G03987	2	0	2	0	2	1
AT1G03990	44	32	39	44	42	28
AT1G03993	0	0	0	0	0	0
AT1G03997	0	0	0	0	0	0
AT1G04000	79	86	71	72	84	75
AT1G04003	0	0	0	0	0	0
AT1G04007	15	14	13	6	20	15
AT1G04010	214	234	223	167	172	172
AT1G04013	9	3	8	7	8	6
AT1G04017	0	0	0	0	0	0
AT1G04020	151	97	115	135	100	102
AT1G04023	0	0	0	0	0	0
AT1G04027	1	7	6	4	4	4
AT1G04030	128	114	129	106	100	105
AT1G04033	1	0	0	0	0	0
AT1G04037	10	3	1	10	5	8
AT1G04040	1135	1342	1156	995	1056	876
AT1G04043	0	0	0	0	0	0
AT1G04047	1	3	10	2	4	4
AT1G04050	72	72	63	83	84	60
AT1G04053	0	0	0	0	0	0
AT1G04057	0	0	0	0	0	0
AT1G04063	0	0	0	0	0	0
AT1G04067	0	0	0	0	0	0
AT1G04070	73	67	55	54	58	43
AT1G04073	1	0	1	1	0	0
AT1G04077	0	0	0	0	0	0
AT1G04080	1961	1936	1807	1840	1798	1757
AT1G04083	0	0	3	1	0	0
AT1G04087	0	0	0	0	0	0
AT1G04090	16	9	6	4	4	2
AT1G04093	1	2	0	1	1	0
AT1G04097	0	4	1	0	0	1
AT1G04100	53	45	38	35	39	30
AT1G04103	1	1	2	0	0	0
AT1G04105	1	1	0	0	0	0
AT1G04110	101	96	83	113	114	97
AT1G04117	3	0	0	2	0	1
AT1G04120	2079	1953	1761	1436	1410	1457
AT1G04123	0	0	0	0	0	0
AT1G04127	0	0	0	0	0	0
AT1G04130	135	156	147	116	135	134
AT1G04133	0	0	0	0	0	0
AT1G04137	0	0	0	0	0	0
AT1G04140	1776	1978	1639	1596	1664	1588
AT1G04143	0	0	0	0	0	0
AT1G04147	4	1	2	0	2	4
AT1G04150	9	8	9	4	6	5
AT1G04153	0	0	0	0	0	0
AT1G04157	0	0	0	0	0	0
AT1G04160	326	273	282	258	217	219
AT1G04163	0	0	0	0	0	0
AT1G04167	0	0	0	0	0	0
AT1G04170	1256	1235	1251	1338	1137	1132
AT1G04173	0	2	0	2	1	2
AT1G04177	0	0	0	0	0	0
AT1G04180	40	30	32	36	26	31
AT1G04183	0	0	1	0	0	0
AT1G04187	7	14	5	6	15	8
AT1G04190	537	587	533	503	534	504
AT1G04193	0	0	1	0	0	1
AT1G04197	1	2	0	2	2	2
AT1G04200	516	562	498	436	495	464
AT1G04203	0	0	0	0	0	0
AT1G04207	0	0	0	0	0	0
AT1G04210	868	832	730	718	733	746
AT1G04213	0	0	0	0	0	0
AT1G04217	7	12	5	6	8	6
AT1G04220	57	52	47	62	63	41
AT1G04223	0	0	0	0	0	0
AT1G04227	0	0	0	0	0	0
AT1G04230	161	190	158	133	146	138
AT1G04233	0	0	0	0	0	0
AT1G04237	0	4	6	7	1	5
AT1G04240	148	192	179	153	161	173
AT1G04243	0	0	0	0	0	0
AT1G04247	11	9	7	13	11	3
AT1G04250	442	418	395	460	405	337
AT1G04253	0	0	0	0	0	0
AT1G04257	0	0	0	0	0	0
AT1G04260	131	108	113	86	82	77
AT1G04263	0	0	0	0	0	0
AT1G04267	2	2	4	2	3	0
AT1G04270	2451	2298	2306	2405	2164	2029
AT1G04273	5	5	3	4	2	1
AT1G04277	1	2	1	0	0	1
AT1G04280	669	673	638	690	666	658
AT1G04283	0	0	0	0	0	0
AT1G04287	0	0	0	0	0	0
AT1G04290	19	14	14	16	13	10
AT1G04293	0	0	0	0	0	0
AT1G04295	0	0	0	0	0	0
AT1G04297	0	2	2	6	1	2
AT1G04300	1614	1670	1542	1393	1405	1412
AT1G04303	7	3	6	1	3	3
AT1G04307	0	0	0	0	0	0
AT1G04310	313	310	258	299	218	265
AT1G04313	17	28	13	25	25	20
AT1G04320	0	0	0	0	0	0
AT1G04323	19	26	18	24	28	21
AT1G04327	0	0	0	0	0	0
AT1G04330	5	9	1	5	1	1
AT1G04333	0	0	0	0	0	0
AT1G04337	0	0	0	0	0	0
AT1G04340	220	193	226	225	212	197
AT1G04343	0	0	0	0	0	0
AT1G04347	1	3	1	4	4	3
AT1G04350	644	663	452	387	451	403
AT1G04353	0	0	1	1	0	0
AT1G04357	6	8	5	2	4	2
AT1G04360	59	56	37	52	53	30
AT1G04363	0	0	0	0	0	0
AT1G04367	3	1	0	0	2	0
AT1G04370	2	2	1	0	3	4
AT1G04373	0	0	0	0	0	0
AT1G04377	0	0	0	0	0	0
AT1G04380	3	5	2	1	0	1
AT1G04383	0	0	0	0	0	0
AT1G04387	0	0	0	0	0	0
AT1G04390	155	167	144	138	142	127
AT1G04393	0	2	0	1	0	0
AT1G04397	0	0	0	0	0	0
AT1G04400	2633	3224	2556	2710	2779	2708
AT1G04403	0	0	0	0	0	0
AT1G04407	0	0	0	0	0	0
AT1G04410	9163	9333	8867	7928	8149	7328
AT1G04413	0	0	0	0	0	1
AT1G04417	1	0	0	0	1	0
AT1G04420	986	1017	826	1022	1021	902
AT1G04423	2	2	0	4	4	5
AT1G04425	43	48	35	62	46	63
AT1G04427	2	7	2	2	2	3
AT1G04430	1285	1414	1316	1362	1302	1355
AT1G04433	0	0	0	0	0	0
AT1G04437	0	0	0	1	3	1
AT1G04440	1092	1171	1080	946	955	923
AT1G04443	0	0	0	0	0	0
AT1G04445	2	4	1	3	2	0
AT1G04447	0	0	0	0	0	0
AT1G04450	0	0	0	0	0	0
AT1G04453	0	0	0	0	0	0
AT1G04455	0	0	0	0	0	0
AT1G04463	0	0	0	0	0	0
AT1G04467	0	2	1	6	4	5
AT1G04470	0	0	0	0	0	0
AT1G04473	3	7	2	3	6	2
AT1G04477	4	0	0	5	1	4
AT1G04480	891	807	800	777	685	647
AT1G04483	1	0	0	0	1	0
AT1G04487	0	0	0	0	0	0
AT1G04490	16	19	12	27	16	11
AT1G04493	0	0	0	0	0	0
AT1G04497	0	0	0	0	0	0
AT1G04500	4	14	13	3	10	12
AT1G04503	0	0	0	0	0	0
AT1G04507	0	0	0	0	0	0
AT1G04510	748	776	682	717	679	642
AT1G04513	0	0	0	0	0	0
AT1G04517	1	0	1	3	3	2
AT1G04520	278	256	286	278	205	202
AT1G04523	0	0	0	0	1	0
AT1G04527	0	0	0	0	0	0
AT1G04530	693	661	590	583	571	513
AT1G04533	0	0	0	0	0	0
AT1G04537	0	0	0	0	0	0
AT1G04540	63	73	61	52	40	45
AT1G04547	1	1	0	0	0	1
AT1G04550	284	243	234	197	210	208
AT1G04555	111	127	99	96	91	95
AT1G04557	1	0	0	0	0	0
AT1G04560	0	0	0	0	0	0
AT1G04563	1	0	2	1	1	0
AT1G04567	2	2	1	0	4	1
AT1G04570	20	22	15	5	4	4
AT1G04573	0	0	0	0	0	0
AT1G04577	2	0	1	0	0	1
AT1G04580	0	4	1	0	0	1
AT1G04583	0	0	0	0	0	0
AT1G04587	5	3	3	3	4	5
AT1G04590	297	270	254	273	261	244
AT1G04593	0	0	0	0	0	0
AT1G04597	0	0	0	0	0	0
AT1G04600	21	19	20	18	20	26
AT1G04603	0	0	0	0	0	0
AT1G04607	0	0	0	0	0	0
AT1G04610	63	45	40	44	40	31
AT1G04620	637	678	579	545	511	500
AT1G04623	0	0	0	0	0	0
AT1G04625	0	0	0	0	0	0
AT1G04630	385	313	340	362	356	301
AT1G04635	21	19	16	21	20	14
AT1G04640	355	357	336	354	360	348
AT1G04643	0	0	0	0	0	0
AT1G04645	0	0	0	0	0	0
AT1G04647	0	0	0	0	0	0
AT1G04650	66	39	50	36	51	36
AT1G04653	0	0	0	0	0	0
AT1G04657	0	0	0	0	0	0
AT1G04660	1	1	0	1	0	0
AT1G04667	0	0	0	0	0	0
AT1G04670	0	0	0	0	0	0
AT1G04673	0	0	0	0	0	0
AT1G04677	0	1	0	0	1	0
AT1G04680	620	712	608	650	618	627
AT1G04683	1	1	0	0	0	0
AT1G04687	0	0	0	0	0	0
AT1G04690	1252	1352	1279	1343	1391	1195
AT1G04693	0	0	0	0	0	0
AT1G04697	0	0	0	0	0	0
AT1G04700	106	91	101	70	61	47
AT1G04703	0	0	0	0	0	0
AT1G04707	0	0	0	0	0	0
AT1G04710	320	334	330	325	293	332
AT1G04713	0	0	0	0	0	0
AT1G04717	0	0	0	0	0	0
AT1G04720	0	0	0	0	0	0
AT1G04723	1	2	1	1	1	0
AT1G04730	127	124	118	122	126	97
AT1G04733	0	0	0	0	0	0
AT1G04737	0	0	1	2	0	0
AT1G04743	0	0	0	0	0	0
AT1G04747	0	0	0	1	0	0
AT1G04750	1106	1114	1083	1072	1058	1003
AT1G04753	0	0	0	0	0	0
AT1G04760	41	46	24	36	47	47
AT1G04763	0	0	0	0	0	0
AT1G04767	0	0	0	0	0	0
AT1G04770	387	450	369	271	375	361
AT1G04773	0	0	0	0	0	0
AT1G04778	7	8	5	3	9	7
AT1G04780	1229	1546	1143	914	1046	1143
AT1G04783	0	0	0	0	0	0
AT1G04787	0	0	0	0	0	0
AT1G04790	505	522	464	469	510	463
AT1G04793	0	0	1	0	0	0
AT1G04797	0	1	2	2	1	1
AT1G04800	540	732	701	692	692	656
AT1G04803	0	0	0	0	0	0
AT1G04807	0	0	0	0	0	0
AT1G04810	1053	1179	1084	982	1018	986
AT1G04813	0	0	0	0	0	0
AT1G04817	0	0	2	2	2	1
AT1G04820	4777	4730	4582	4767	4502	3861
AT1G04823	0	0	0	0	0	0
AT1G04827	3	4	5	4	3	7
AT1G04830	309	313	319	308	294	295
AT1G04833	0	0	0	0	0	0
AT1G04837	0	0	1	0	0	0
AT1G04840	25	29	30	29	34	35
AT1G04847	0	0	0	0	0	0
AT1G04850	1530	1547	1411	1373	1331	1261
AT1G04853	1	2	0	1	4	1
AT1G04857	0	0	0	0	0	0
AT1G04860	646	631	544	544	581	518
AT1G04863	0	3	0	0	0	0
AT1G04867	0	0	0	0	0	0
AT1G04870	513	526	542	486	462	404
AT1G04873	0	0	0	0	0	0
AT1G04877	3	2	2	2	1	2
AT1G04880	7	3	7	4	5	4
AT1G04883	0	0	0	0	0	0
AT1G04887	0	0	0	0	0	0
AT1G04890	0	0	0	0	0	0
AT1G04893	3	2	1	3	2	0
AT1G04895	0	0	0	0	0	0
AT1G04897	0	0	0	0	0	0
AT1G04900	190	234	211	186	200	192
AT1G04907	0	1	1	0	0	0
AT1G04910	520	525	492	459	491	410
AT1G04913	0	1	0	0	1	2
AT1G04917	0	0	0	0	0	0
AT1G04920	33	56	28	52	46	39
AT1G04923	0	0	0	0	0	0
AT1G04927	3	2	1	1	0	2
AT1G04930	52	60	51	62	46	56
AT1G04933	0	0	0	0	0	0
AT1G04937	0	0	0	0	0	0
AT1G04940	18	16	17	26	24	22
AT1G04943	0	0	0	0	0	0
AT1G04945	125	122	93	116	106	125
AT1G04947	0	0	0	0	0	0
AT1G04950	388	452	349	370	373	364
AT1G04953	0	0	0	0	0	0
AT1G04957	0	0	0	0	0	0
AT1G04960	373	377	351	312	349	348
AT1G04963	0	0	0	0	0	0
AT1G04967	0	0	0	0	0	0
AT1G04970	797	840	652	521	628	649
AT1G04973	16	24	11	17	14	17
AT1G04977	0	0	0	0	0	0
AT1G04980	505	577	488	441	467	432
AT1G04983	0	0	0	0	0	0
AT1G04985	453	498	438	380	432	454
AT1G04987	0	0	0	0	0	0
AT1G04990	654	686	571	549	572	657
AT1G04993	0	0	0	0	0	0
AT1G04997	0	0	0	0	1	0
AT1G05000	1467	1404	1184	719	683	864
AT1G05003	0	0	0	0	0	0
AT1G05005	2	0	0	0	1	1
AT1G05007	0	0	0	0	0	0
AT1G05010	7168	7085	5880	3744	3995	4420
AT1G05013	0	0	0	1	1	0
AT1G05017	0	0	0	0	0	0
AT1G05020	41	46	60	44	27	26
AT1G05023	4	2	5	3	7	11
AT1G05027	0	0	0	0	0	1
AT1G05030	277	291	256	290	264	228
AT1G05033	0	0	0	0	0	0
AT1G05035	15	17	13	31	18	17
AT1G05037	0	0	0	0	0	0
AT1G05040	0	0	0	0	0	1
AT1G05043	1	2	2	8	3	0
AT1G05047	0	0	0	0	0	0
AT1G05053	0	0	0	0	0	0
AT1G05055	128	126	111	116	120	116
AT1G05057	0	1	0	0	0	1
AT1G05060	319	362	266	250	276	298
AT1G05065	12	8	11	15	12	17
AT1G05067	0	0	0	0	0	0
AT1G05070	201	212	194	193	229	178
AT1G05073	0	0	0	0	0	0
AT1G05077	1	4	1	1	2	2
AT1G05080	0	0	1	0	0	0
AT1G05083	2	0	1	0	1	0
AT1G05085	0	0	0	0	0	0
AT1G05087	2	11	7	3	4	6
AT1G05090	0	3	0	3	0	1
AT1G05093	0	0	0	0	0	0
AT1G05097	0	0	0	0	0	0
AT1G05100	58	44	23	9	6	18
AT1G05103	0	0	0	0	0	0
AT1G05107	0	0	0	0	0	0
AT1G05113	0	0	0	0	0	0
AT1G05117	0	0	0	0	0	0
AT1G05120	525	495	459	435	439	429
AT1G05123	0	0	0	0	1	0
AT1G05127	0	0	0	0	0	0
AT1G05133	0	0	1	0	0	0
AT1G05136	10	13	14	12	12	12
AT1G05137	0	0	0	0	0	0
AT1G05140	761	704	615	776	716	662
AT1G05143	2	4	2	2	1	4
AT1G05147	0	0	0	0	0	0
AT1G05150	591	517	487	625	600	530
AT1G05153	1	0	0	0	0	0
AT1G05160	169	195	153	171	151	153
AT1G05163	1	2	1	0	1	0
AT1G05170	302	246	203	190	183	162
AT1G05173	0	0	0	0	0	0
AT1G05177	0	0	0	0	0	0
AT1G05180	615	676	635	557	588	565
AT1G05183	0	0	0	0	0	1
AT1G05187	0	0	0	0	0	0
AT1G05190	4246	4715	3995	5038	4564	4055
AT1G05193	0	0	0	0	0	0
AT1G05197	0	0	0	0	0	0
AT1G05200	741	750	654	640	588	558
AT1G05203	0	0	0	0	0	2
AT1G05205	138	140	137	111	101	112
AT1G05207	27	32	12	43	28	35
AT1G05210	76	77	63	67	47	65
AT1G05213	32	13	17	8	21	27
AT1G05217	0	0	0	0	1	0
AT1G05220	17	15	12	14	15	17
AT1G05223	0	0	0	0	0	0
AT1G05227	0	1	0	0	0	0
AT1G05230	216	264	213	225	163	168
AT1G05233	0	0	0	0	0	0
AT1G05237	0	0	0	0	0	0
AT1G05240	5	5	0	0	3	1
AT1G05243	0	0	0	0	0	0
AT1G05247	0	0	0	0	0	0
AT1G05250	0	1	0	0	0	1
AT1G05253	0	0	0	0	0	0
AT1G05257	0	0	0	0	0	0
AT1G05260	1420	1018	1046	861	699	541
AT1G05263	0	0	0	0	0	0
AT1G05267	0	0	0	0	0	0
AT1G05270	451	457	463	399	421	422
AT1G05273	0	0	0	0	0	0
AT1G05277	12	13	7	12	4	12
AT1G05280	36	40	34	33	21	18
AT1G05283	0	0	0	0	0	0
AT1G05287	0	0	0	0	0	0
AT1G05290	0	0	0	0	0	0
AT1G05291	0	0	0	0	0	0
AT1G05293	2	0	0	0	1	0
AT1G05297	1	2	1	4	3	1
AT1G05300	284	366	377	244	323	308
AT1G05303	0	0	0	0	0	0
AT1G05307	0	0	0	0	0	0
AT1G05310	55	55	58	51	81	63
AT1G05313	0	0	0	0	0	0
AT1G05317	1	0	1	0	1	1
AT1G05320	595	609	573	383	403	363
AT1G05323	0	0	0	0	0	0
AT1G05327	0	0	0	0	0	0
AT1G05330	2	1	0	1	1	0
AT1G05333	0	0	0	0	0	0
AT1G05337	0	0	0	0	0	0
AT1G05340	306	290	351	230	377	327
AT1G05343	0	0	0	0	0	0
AT1G05347	1	0	0	0	0	0
AT1G05350	464	532	471	449	441	385
AT1G05353	0	0	0	0	0	0
AT1G05357	0	0	0	0	0	0
AT1G05360	185	175	157	168	149	165
AT1G05363	0	1	1	0	0	1
AT1G05367	0	0	0	0	1	0
AT1G05370	38	37	27	37	38	25
AT1G05373	0	0	0	0	0	0
AT1G05377	0	0	0	0	0	0
AT1G05380	824	995	848	719	801	787
AT1G05383	1	3	3	2	1	1
AT1G05385	222	210	147	219	233	163
AT1G05387	0	0	0	0	0	0
AT1G05390	0	0	0	0	0	0
AT1G05397	1	0	0	2	5	3
AT1G05400	18	16	14	16	15	13
AT1G05407	0	0	0	0	0	0
AT1G05410	201	203	203	199	197	178
AT1G05413	0	0	0	0	0	0
AT1G05417	0	0	0	0	0	0
AT1G05420	3	6	7	2	2	3
AT1G05423	0	0	0	0	0	0
AT1G05427	0	0	0	0	0	0
AT1G05430	374	399	400	358	385	361
AT1G05433	0	0	0	0	0	0
AT1G05440	36	28	28	43	32	45
AT1G05443	0	1	0	1	0	0
AT1G05447	0	0	0	0	0	0
AT1G05450	12	22	22	26	37	25
AT1G05453	0	0	0	0	0	0
AT1G05460	265	266	212	220	229	202
AT1G05463	0	0	0	1	1	0
AT1G05467	28	22	18	20	14	24
AT1G05470	152	189	146	190	198	171
AT1G05473	0	0	0	0	0	0
AT1G05477	1	0	0	0	0	0
AT1G05483	0	0	0	0	0	0
AT1G05487	1	3	1	1	2	2
AT1G05490	23	25	20	18	16	12
AT1G05493	0	0	0	0	0	0
AT1G05497	0	0	0	0	0	0
AT1G05500	663	702	631	608	622	559
AT1G05507	0	0	0	0	0	0
AT1G05510	0	0	0	1	0	1
AT1G05517	1	3	1	0	0	1
AT1G05520	883	961	806	783	841	798
AT1G05523	0	0	0	0	0	0
AT1G05527	0	1	0	0	0	0
AT1G05530	15	21	18	25	8	14
AT1G05533	0	0	0	0	0	0
AT1G05537	0	0	0	0	0	0
AT1G05540	35	36	30	17	19	8
AT1G05543	0	0	0	0	0	0
AT1G05547	0	0	0	0	0	0
AT1G05550	0	1	1	0	0	0
AT1G05553	0	0	0	0	0	0
AT1G05557	2	0	0	0	0	0
AT1G05560	0	0	0	0	0	0
AT1G05562	0	0	0	0	0	0
AT1G05563	0	0	0	0	0	0
AT1G05567	0	0	0	0	0	0
AT1G05570	1652	1465	1443	1363	1509	1316
AT1G05575	87	154	100	32	44	73
AT1G05577	5	7	6	4	6	3
AT1G05580	0	0	0	0	0	0
AT1G05583	0	0	0	0	0	0
AT1G05587	0	0	0	0	0	0
AT1G05590	204	217	220	230	198	211
AT1G05593	0	0	0	0	0	0
AT1G05597	0	0	0	0	0	0
AT1G05600	90	84	73	57	67	77
AT1G05603	0	0	0	0	0	0
AT1G05607	0	0	0	0	0	0
AT1G05610	72	45	25	10	2	16
AT1G05613	0	0	0	0	0	0
AT1G05615	0	0	0	0	0	0
AT1G05617	0	0	0	0	0	0
AT1G05620	525	448	434	300	341	362
AT1G05623	0	0	0	0	0	0
AT1G05627	0	0	0	0	0	0
AT1G05630	433	447	363	309	292	302
AT1G05633	0	0	0	0	0	0
AT1G05637	0	0	0	0	0	0
AT1G05640	60	63	66	56	59	41
AT1G05643	0	0	0	0	0	0
AT1G05647	0	0	0	0	0	0
AT1G05650	4	0	1	1	0	1
AT1G05653	0	0	0	0	0	0
AT1G05657	0	0	0	0	0	0
AT1G05660	57	24	41	20	9	17
AT1G05663	0	0	0	0	0	0
AT1G05667	0	0	0	0	0	0
AT1G05670	145	152	144	144	125	130
AT1G05673	0	0	0	0	0	0
AT1G05675	60	261	121	19	41	51
AT1G05680	319	547	167	73	134	182
AT1G05683	0	0	0	0	0	0
AT1G05687	3	2	0	0	1	1
AT1G05690	55	58	39	47	39	39
AT1G05693	0	0	0	0	0	0
AT1G05697	0	0	0	0	0	0
AT1G05700	40	102	105	57	66	61
AT1G05703	0	2	0	0	0	0
AT1G05707	0	0	1	0	0	0
AT1G05710	184	166	168	163	146	156
AT1G05713	0	0	0	0	0	0
AT1G05717	0	0	0	0	0	0
AT1G05720	121	177	139	126	133	140
AT1G05723	0	0	0	0	0	0
AT1G05727	0	0	0	0	0	0
AT1G05730	7	25	9	13	14	8
AT1G05733	0	0	0	0	0	0
AT1G05737	0	0	0	0	0	0
AT1G05740	0	0	1	2	0	0
AT1G05747	0	0	0	0	0	1
AT1G05750	52	69	87	65	70	63
AT1G05753	0	0	0	0	0	0
AT1G05757	1	0	0	0	1	0
AT1G05760	0	0	0	0	0	0
AT1G05763	0	0	0	0	0	0
AT1G05767	0	0	0	0	0	0
AT1G05770	9	11	4	12	13	15
AT1G05773	2	3	3	5	5	5
AT1G05777	0	0	2	0	0	0
AT1G05780	76	87	63	68	73	69
AT1G05783	11	6	19	6	7	13
AT1G05785	86	63	66	57	47	57
AT1G05787	0	0	0	0	0	0
AT1G05790	455	486	438	430	392	418
AT1G05793	0	0	0	0	0	0
AT1G05797	0	0	0	0	0	1
AT1G05800	0	1	0	0	0	0
AT1G05803	0	0	0	0	0	0
AT1G05805	704	808	691	646	677	632
AT1G05807	0	0	0	0	0	0
AT1G05810	123	108	160	119	114	94
AT1G05813	0	0	0	0	0	0
AT1G05817	0	0	0	0	0	0
AT1G05820	42	29	32	41	51	34
AT1G05823	0	0	0	0	0	0
AT1G05827	0	0	0	0	0	0
AT1G05830	723	740	688	707	707	674
AT1G05833	1	0	2	1	3	5
AT1G05835	3	4	6	9	3	8
AT1G05837	0	0	0	0	0	0
AT1G05840	408	414	326	303	336	313
AT1G05843	0	0	0	0	0	0
AT1G05847	0	0	0	0	0	0
AT1G05850	5947	6602	5813	5634	5545	5115
AT1G05853	0	0	0	0	0	0
AT1G05857	0	0	0	0	0	0
AT1G05860	167	195	173	168	192	142
AT1G05863	0	0	0	0	0	0
AT1G05867	0	0	0	0	1	0
AT1G05870	257	259	227	234	210	211
AT1G05873	0	0	0	0	0	0
AT1G05880	17	14	7	2	4	9
AT1G05887	0	0	0	0	0	0
AT1G05890	1493	1568	1418	1208	1275	1251
AT1G05893	0	0	0	0	0	0
AT1G05894	4	4	7	7	3	4
AT1G05897	0	1	0	1	0	0
AT1G05900	201	180	160	156	134	133
AT1G05903	0	0	0	0	0	0
AT1G05907	0	0	0	0	0	0
AT1G05910	593	562	479	505	461	451
AT1G05913	0	0	0	1	0	1
AT1G05917	0	0	0	0	0	0
AT1G05920	0	0	0	0	0	0
AT1G05927	0	0	0	0	0	0
AT1G05930	0	0	0	0	0	0
AT1G05933	1	2	4	0	3	4
AT1G05937	1	3	1	1	1	1
AT1G05940	540	572	466	477	479	508
AT1G05943	0	0	0	0	0	0
AT1G05947	0	0	0	0	0	0
AT1G05950	115	99	94	97	82	84
AT1G05953	0	0	0	0	0	0
AT1G05957	0	0	0	0	0	0
AT1G05960	1278	1256	1034	1008	958	942
AT1G05963	0	0	1	0	0	0
AT1G05967	0	0	0	0	0	1
AT1G05970	51	49	52	57	54	42
AT1G05973	0	0	0	0	0	0
AT1G05977	1	0	2	1	1	3
AT1G05980	0	0	0	0	0	0
AT1G05983	1	0	0	0	0	0
AT1G05987	1	2	2	1	0	0
AT1G05990	47	19	31	30	14	8
AT1G05993	0	0	0	0	0	0
AT1G05997	1	1	0	0	0	0
AT1G06000	0	0	0	0	0	0
AT1G06002	0	0	0	0	0	0
AT1G06003	0	0	0	0	0	0
AT1G06007	0	0	0	0	0	0
AT1G06010	75	102	93	98	81	82
AT1G06013	0	0	0	0	0	0
AT1G06017	2	2	2	0	1	1
AT1G06020	0	3	3	0	2	7
AT1G06023	1	0	0	0	0	0
AT1G06027	0	0	0	0	0	0
AT1G06030	2	2	2	0	1	0
AT1G06033	10	13	11	8	12	5
AT1G06037	0	0	0	1	1	0
AT1G06040	1357	1564	1232	1077	1027	923
AT1G06043	0	0	0	0	0	0
AT1G06045	0	0	0	0	0	0
AT1G06047	1	0	0	0	0	1
AT1G06050	114	127	101	69	70	93
AT1G06053	0	0	0	0	0	0
AT1G06057	0	0	0	0	0	0
AT1G06060	331	377	312	297	300	286
AT1G06063	0	0	0	0	0	0
AT1G06067	0	0	0	0	0	0
AT1G06070	355	346	353	366	353	362
AT1G06073	0	0	0	0	0	0
AT1G06080	77	89	85	161	137	108
AT1G06083	10	5	5	9	8	6
AT1G06087	1	0	1	1	1	2
AT1G06090	262	156	141	147	101	130
AT1G06093	0	0	0	0	0	0
AT1G06097	0	0	0	0	0	0
AT1G06100	11	8	9	8	11	15
AT1G06103	0	0	0	0	0	0
AT1G06110	493	543	464	485	444	472
AT1G06113	1	0	1	0	1	1
AT1G06117	0	0	0	0	0	1
AT1G06120	13	7	5	5	0	1
AT1G06123	0	0	0	0	0	0
AT1G06127	1	1	0	0	0	0
AT1G06130	395	415	350	364	376	375
AT1G06133	0	0	0	0	0	0
AT1G06135	0	4	2	0	0	0
AT1G06137	1	2	1	1	2	1
AT1G06140	17	16	13	21	17	15
AT1G06143	43	44	48	45	43	42
AT1G06147	0	0	0	0	0	1
AT1G06148	2	2	1	1	0	1
AT1G06150	670	657	537	641	618	592
AT1G06153	0	0	0	0	0	0
AT1G06157	0	0	0	0	0	0
AT1G06160	216	220	283	128	184	190
AT1G06163	1	0	0	0	0	0
AT1G06170	4	7	3	2	0	4
AT1G06173	0	3	3	2	3	4
AT1G06177	0	0	1	0	0	0
AT1G06180	322	312	252	170	153	225
AT1G06187	0	0	0	0	0	0
AT1G06190	997	1020	975	1125	1148	1020
AT1G06197	0	0	0	0	0	0
AT1G06200	719	895	645	685	668	612
AT1G06203	0	0	1	0	0	0
AT1G06207	1	0	0	0	1	2
AT1G06210	659	688	623	568	561	518
AT1G06213	0	0	0	0	0	0
AT1G06217	0	0	0	0	1	0
AT1G06220	1005	934	885	935	798	817
AT1G06225	0	0	0	0	0	0
AT1G06227	40	32	38	56	47	36
AT1G06230	1131	1126	1027	906	936	921
AT1G06233	0	0	0	0	0	0
AT1G06237	0	0	0	0	0	0
AT1G06240	193	232	163	206	199	173
AT1G06243	0	0	0	0	0	0
AT1G06247	0	0	0	0	0	0
AT1G06250	32	30	15	16	29	24
AT1G06253	0	0	0	0	0	0
AT1G06257	0	0	0	0	0	0
AT1G06260	0	0	0	0	0	0
AT1G06263	0	6	0	0	0	2
AT1G06265	28	30	26	40	30	24
AT1G06267	4	3	7	2	5	2
AT1G06270	72	61	58	62	57	62
AT1G06273	3	0	0	0	0	0
AT1G06277	0	0	0	0	0	0
AT1G06280	0	0	0	0	0	0
AT1G06283	1	2	1	5	1	3
AT1G06287	0	0	0	1	0	1
AT1G06290	1409	1366	1236	1097	1181	1145
AT1G06293	0	0	0	0	0	0
AT1G06297	0	0	0	0	0	0
AT1G06303	0	0	0	0	0	0
AT1G06307	0	0	0	0	0	0
AT1G06310	29	19	19	8	11	12
AT1G06313	0	0	0	0	0	0
AT1G06317	0	0	0	0	0	0
AT1G06320	6	5	2	3	0	1
AT1G06323	0	0	0	0	1	0
AT1G06327	0	0	0	0	0	0
AT1G06330	6	7	10	4	3	5
AT1G06333	0	0	0	0	0	0
AT1G06337	0	0	0	0	0	0
AT1G06340	0	0	0	0	0	0
AT1G06343	0	0	0	0	0	0
AT1G06347	0	0	0	0	0	0
AT1G06350	35	50	38	45	37	35
AT1G06353	0	0	0	0	0	0
AT1G06357	0	0	0	0	0	0
AT1G06360	203	226	153	249	258	247
AT1G06363	0	0	0	0	0	0
AT1G06373	0	0	0	0	0	0
AT1G06377	0	0	0	0	0	0
AT1G06380	126	108	123	101	127	106
AT1G06383	0	0	0	0	0	0
AT1G06387	0	0	0	0	0	0
AT1G06390	916	929	818	857	846	777
AT1G06393	0	0	0	0	0	0
AT1G06397	0	0	0	0	0	0
AT1G06400	918	1015	919	737	829	793
AT1G06403	0	0	0	0	0	0
AT1G06407	0	0	0	0	2	0
AT1G06410	2265	2203	2100	1744	1888	1946
AT1G06413	0	0	0	0	0	0
AT1G06417	0	1	0	0	1	0
AT1G06420	27	35	22	44	32	43
AT1G06423	0	0	0	0	0	0
AT1G06427	0	0	0	0	0	0
AT1G06430	1768	1809	1255	1080	1012	1019
AT1G06433	0	0	0	0	0	0
AT1G06437	0	0	0	0	0	0
AT1G06440	32	37	26	25	29	28
AT1G06443	0	0	0	0	0	0
AT1G06447	0	0	0	0	0	0
AT1G06450	16	14	16	4	10	6
AT1G06453	0	0	0	0	0	0
AT1G06457	0	0	0	0	0	0
AT1G06460	2365	3033	2341	2942	2947	2447
AT1G06463	1	1	0	0	1	3
AT1G06467	0	0	0	0	0	0
AT1G06470	396	424	379	411	399	354
AT1G06473	26	25	20	35	33	26
AT1G06475	0	0	0	0	0	0
AT1G06480	0	0	0	0	0	0
AT1G06483	1	0	0	3	1	0
AT1G06487	0	7	3	1	2	4
AT1G06490	133	131	81	138	97	136
AT1G06493	0	0	1	0	0	0
AT1G06497	0	0	0	0	0	0
AT1G06500	117	120	131	134	139	121
AT1G06507	0	0	0	0	0	0
AT1G06510	277	294	270	293	242	241
AT1G06513	0	0	0	0	0	0
AT1G06515	167	174	124	157	153	127
AT1G06517	0	0	0	0	0	0
AT1G06520	43	45	49	12	13	14
AT1G06523	0	0	0	0	0	0
AT1G06527	0	0	0	0	0	0
AT1G06530	0	0	0	0	0	0
AT1G06533	0	0	0	0	0	0
AT1G06537	2	6	1	0	3	2
AT1G06540	4	6	8	2	3	8
AT1G06543	0	0	0	0	0	0
AT1G06547	1	5	3	2	1	4
AT1G06550	886	814	744	775	742	698
AT1G06553	2	3	3	0	4	3
AT1G06557	0	0	0	0	0	0
AT1G06560	249	293	268	264	275	276
AT1G06567	0	1	0	0	1	0
AT1G06570	641	639	540	329	360	387
AT1G06573	39	49	38	28	45	43
AT1G06577	10	8	3	5	7	2
AT1G06580	40	33	32	31	38	35
AT1G06583	2	1	1	1	2	3
AT1G06587	0	0	0	0	0	0
AT1G06590	159	160	151	169	156	134
AT1G06593	1	0	0	0	0	2
AT1G06597	0	0	0	0	0	0
AT1G06603	0	0	0	0	0	0
AT1G06607	0	0	0	1	0	0
AT1G06610	0	0	0	0	0	0
AT1G06613	0	0	0	0	0	0
AT1G06617	0	0	0	0	0	0
AT1G06620	578	486	381	192	211	340
AT1G06623	0	0	0	0	0	0
AT1G06627	0	0	0	0	0	0
AT1G06630	272	289	239	269	226	267
AT1G06633	0	0	0	0	0	0
AT1G06637	0	0	0	0	0	0
AT1G06640	2947	3274	2739	2220	2161	2504
AT1G06643	0	0	0	0	0	0
AT1G06645	206	191	159	183	142	163
AT1G06647	0	0	0	0	0	0
AT1G06650	580	694	584	463	603	553
AT1G06653	0	0	0	0	0	0
AT1G06657	0	0	0	0	0	0
AT1G06660	54	63	78	62	70	55
AT1G06663	0	0	0	0	0	0
AT1G06667	0	0	0	1	0	0
AT1G06670	1090	1054	982	890	927	900
AT1G06673	0	0	0	0	0	0
AT1G06677	0	0	0	0	0	0
AT1G06680	19227	25211	16616	24056	21615	19633
AT1G06683	0	0	0	0	0	0
AT1G06687	16	15	9	10	10	9
AT1G06690	298	312	216	244	233	211
AT1G06693	5	3	8	6	7	1
AT1G06697	0	0	0	0	0	0
AT1G06700	1066	1197	1118	1098	1058	970
AT1G06703	0	0	0	0	0	0
AT1G06707	1	0	0	0	0	0
AT1G06710	121	123	109	114	110	113
AT1G06713	0	0	0	0	0	0
AT1G06717	7	4	3	1	0	1
AT1G06720	673	686	663	609	674	575
AT1G06723	0	0	0	0	0	0
AT1G06727	2	4	1	5	0	0
AT1G06730	253	235	194	226	195	226
AT1G06733	2	3	0	3	2	3
AT1G06737	1	0	0	1	0	0
AT1G06740	82	96	67	66	57	56
AT1G06743	2	1	4	1	2	2
AT1G06747	0	0	0	0	0	0
AT1G06750	3	1	0	2	3	1
AT1G06753	10	9	6	9	10	9
AT1G06757	0	0	0	0	0	0
AT1G06760	1213	1036	920	922	840	820
AT1G06770	133	153	117	132	134	119
AT1G06773	1	0	0	0	1	0
AT1G06777	0	0	0	0	0	0
AT1G06780	435	423	404	353	352	331
AT1G06783	1	0	0	0	0	0
AT1G06787	0	0	0	0	0	0
AT1G06790	106	106	95	119	91	105
AT1G06797	0	0	0	0	0	0
AT1G06800	109	112	109	81	103	96
AT1G06810	2	1	0	0	1	0
AT1G06817	0	0	0	0	0	0
AT1G06820	641	657	609	608	577	599
AT1G06823	0	0	0	0	0	0
AT1G06827	0	0	0	0	0	0
AT1G06830	36	69	63	49	45	33
AT1G06837	13	8	8	11	14	8
AT1G06840	690	749	693	582	659	638
AT1G06850	200	175	170	155	149	145
AT1G06853	1	1	0	3	4	4
AT1G06857	0	0	0	0	0	0
AT1G06860	0	0	0	1	0	0
AT1G06863	0	0	0	0	0	0
AT1G06867	1	0	0	0	1	1
AT1G06870	286	244	249	220	242	249
AT1G06873	0	0	0	0	0	0
AT1G06877	0	2	2	0	0	1
AT1G06880	0	0	0	0	0	0
AT1G06883	2	5	2	1	0	1
AT1G06890	920	987	830	802	782	789
AT1G06897	0	0	0	0	0	0
AT1G06900	889	837	814	840	852	770
AT1G06903	0	0	0	0	0	0
AT1G06907	0	0	0	0	0	0
AT1G06910	68	85	63	67	58	60
AT1G06913	0	0	0	0	0	0
AT1G06917	0	0	1	0	0	0
AT1G06920	0	0	1	0	0	0
AT1G06923	33	15	17	15	7	11
AT1G06925	0	0	0	0	0	0
AT1G06927	0	0	0	0	0	0
AT1G06930	10	6	10	11	6	3
AT1G06933	0	0	0	0	0	0
AT1G06937	0	0	0	0	0	0
AT1G06943	0	0	0	0	0	0
AT1G06947	0	0	0	0	0	0
AT1G06950	2602	2641	2420	2614	2501	2368
AT1G06953	0	1	0	0	0	0
AT1G06957	0	0	0	1	2	0
AT1G06960	175	146	132	153	131	144
AT1G06963	2	3	3	2	4	2
AT1G06967	0	0	0	0	0	0
AT1G06970	1	2	0	0	1	0
AT1G06973	0	0	0	0	0	0
AT1G06977	8	3	10	8	16	10
AT1G06980	21	21	11	5	18	12
AT1G06983	16	21	16	9	13	16
AT1G06987	0	0	0	0	0	0
AT1G06990	0	0	0	0	0	2
AT1G06993	4	0	2	2	0	1
AT1G06997	0	0	0	0	0	0
AT1G07000	493	878	548	229	356	437
AT1G07003	0	0	0	0	0	0
AT1G07007	0	0	0	0	0	0
AT1G07010	793	745	605	360	340	324
AT1G07013	0	0	0	0	0	0
AT1G07017	0	0	0	0	0	0
AT1G07020	156	216	168	168	161	149
AT1G07023	1	2	0	0	1	0
AT1G07025	0	0	0	0	0	0
AT1G07027	2	1	2	0	1	0
AT1G07030	394	389	314	284	358	305
AT1G07040	455	573	506	547	565	551
AT1G07050	755	779	607	828	657	512
AT1G07051	0	1	0	0	0	0
AT1G07060	3	4	1	2	3	3
AT1G07070	185	180	169	183	175	155
AT1G07080	981	1146	1003	913	910	896
AT1G07090	241	296	295	253	242	250
AT1G07100	0	0	0	0	0	0
AT1G07110	1211	1267	1076	1331	1209	1113
AT1G07117	0	0	0	0	0	0
AT1G07119	9	12	7	9	7	4
AT1G07120	1	2	0	1	2	2
AT1G07123	0	0	0	0	0	1
AT1G07127	0	0	0	0	0	0
AT1G07128	3	3	2	2	0	2
AT1G07130	0	0	0	0	0	0
AT1G07133	0	0	0	2	0	0
AT1G07135	687	1381	771	628	615	1070
AT1G07137	0	0	0	0	0	0
AT1G07140	2485	2660	2566	2226	2380	2320
AT1G07143	1	5	2	4	1	1
AT1G07147	0	0	0	0	0	0
AT1G07150	103	84	57	58	58	89
AT1G07157	0	0	0	0	0	0
AT1G07160	16	26	14	7	4	7
AT1G07163	0	0	0	0	0	0
AT1G07167	3	1	3	0	2	0
AT1G07170	174	187	179	161	167	157
AT1G07173	0	0	0	0	0	0
AT1G07175	2	1	1	2	2	1
AT1G07177	0	0	0	0	0	0
AT1G07180	344	227	195	45	47	58
AT1G07183	0	0	0	0	0	0
AT1G07187	23	26	25	31	20	28
AT1G07190	0	0	0	0	0	0
AT1G07193	0	0	0	0	0	0
AT1G07197	0	0	0	0	0	0
AT1G07200	483	557	495	394	384	384
AT1G07210	599	652	550	571	587	533
AT1G07220	303	337	248	203	237	236
AT1G07230	513	545	468	467	480	451
AT1G07233	0	0	0	0	0	0
AT1G07237	0	0	0	0	0	0
AT1G07240	506	518	525	470	470	494
AT1G07243	0	0	0	1	0	0
AT1G07247	0	0	0	0	0	0
AT1G07250	461	499	446	453	424	402
AT1G07253	0	0	0	0	0	0
AT1G07257	0	0	0	0	0	0
AT1G07260	189	143	152	89	102	101
AT1G07263	0	0	0	0	0	0
AT1G07267	0	0	0	0	0	0
AT1G07270	18	21	14	13	19	17
AT1G07273	0	0	0	0	0	0
AT1G07277	0	0	0	0	0	0
AT1G07280	1087	1064	909	952	875	762
AT1G07283	0	0	0	0	0	0
AT1G07287	0	0	0	0	0	0
AT1G07290	50	47	54	44	36	32
AT1G07293	0	0	0	0	0	0
AT1G07297	0	0	0	0	0	0
AT1G07300	105	115	85	60	69	84
AT1G07303	0	0	0	0	0	0
AT1G07310	473	465	425	423	447	418
AT1G07313	12	25	16	11	10	17
AT1G07317	0	0	0	0	0	0
AT1G07320	3330	3303	2923	3541	3045	2951
AT1G07323	172	194	139	151	138	154
AT1G07327	0	0	0	0	0	0
AT1G07330	3	1	0	1	2	1
AT1G07333	0	0	0	0	0	0
AT1G07337	0	0	0	0	0	0
AT1G07340	0	0	0	0	0	0
AT1G07343	0	0	0	0	0	0
AT1G07347	0	0	0	0	0	0
AT1G07350	1164	1039	977	956	868	797
AT1G07353	0	0	0	0	0	0
AT1G07357	0	0	0	0	0	0
AT1G07360	547	540	506	534	498	474
AT1G07367	0	0	0	0	0	0
AT1G07370	154	135	135	159	121	138
AT1G07373	0	0	0	0	0	0
AT1G07380	301	289	297	246	240	270
AT1G07383	1	0	0	0	0	0
AT1G07390	115	118	119	67	73	96
AT1G07393	0	0	0	0	0	0
AT1G07397	0	0	0	1	0	0
AT1G07400	55	55	53	48	50	51
AT1G07407	1	2	1	0	1	1
AT1G07410	82	71	67	47	41	49
AT1G07413	1	0	0	0	0	0
AT1G07417	0	0	0	0	0	1
AT1G07420	464	461	402	416	380	407
AT1G07423	1	0	1	0	0	0
AT1G07430	10	19	10	8	6	7
AT1G07433	0	0	0	0	0	0
AT1G07437	0	0	0	0	0	0
AT1G07440	445	513	389	257	260	182
AT1G07447	0	0	0	0	0	0
AT1G07450	8	18	12	1	0	1
AT1G07453	0	0	0	0	0	0
AT1G07457	0	0	0	0	0	0
AT1G07460	1	1	0	0	0	0
AT1G07463	0	0	0	0	0	0
AT1G07467	0	0	0	0	0	0
AT1G07470	146	149	137	162	141	126
AT1G07473	0	1	0	0	0	0
AT1G07476	0	0	0	0	0	0
AT1G07477	0	2	0	0	1	1
AT1G07480	194	184	172	149	116	135
AT1G07483	0	1	0	0	0	0
AT1G07485	0	0	0	1	0	0
AT1G07487	0	0	0	0	0	0
AT1G07490	0	0	0	0	0	0
AT1G07493	0	0	0	0	0	0
AT1G07497	0	0	0	1	0	0
AT1G07500	0	0	0	0	0	0
AT1G07503	0	0	0	0	0	0
AT1G07507	0	0	0	0	0	0
AT1G07510	652	730	573	587	569	565
AT1G07513	0	0	0	0	0	0
AT1G07517	4	2	3	2	2	2
AT1G07520	0	0	0	0	0	0
AT1G07523	0	0	0	0	0	0
AT1G07527	0	0	0	0	0	0
AT1G07530	644	769	636	544	513	550
AT1G07533	0	0	0	0	0	0
AT1G07537	0	0	0	0	0	0
AT1G07540	0	0	0	0	0	0
AT1G07543	0	0	0	0	1	2
AT1G07547	0	0	0	0	0	0
AT1G07550	10	14	23	15	18	11
AT1G07553	0	0	0	0	0	1
AT1G07557	0	0	0	0	0	0
AT1G07560	64	71	76	60	66	58
AT1G07563	0	0	0	0	0	0
AT1G07567	0	0	0	0	0	0
AT1G07570	283	285	255	215	188	186
AT1G07573	0	0	0	0	0	0
AT1G07580	0	0	0	0	0	0
AT1G07583	0	0	0	0	0	0
AT1G07587	5	3	6	7	2	3
AT1G07590	2676	2318	1947	1289	1061	1229
AT1G07593	0	0	0	0	0	0
AT1G07597	0	0	0	0	0	0
AT1G07600	0	0	0	0	0	0
AT1G07603	1	0	1	0	1	1
AT1G07607	16	11	13	14	9	9
AT1G07610	1489	1257	1220	727	636	684
AT1G07613	0	0	0	0	0	0
AT1G07615	119	126	131	127	165	142
AT1G07617	0	0	0	0	0	0
AT1G07620	237	268	169	37	99	96
AT1G07623	0	0	0	0	0	0
AT1G07627	0	0	0	0	0	0
AT1G07630	600	675	649	375	466	463
AT1G07633	0	0	0	0	0	0
AT1G07637	2	4	1	0	2	0
AT1G07640	678	603	575	504	474	470
AT1G07645	0	0	0	0	0	0
AT1G07647	0	0	0	0	0	0
AT1G07650	1008	1226	1179	811	963	897
AT1G07653	5	3	6	1	3	4
AT1G07657	0	0	0	0	0	0
AT1G07660	138	143	120	118	122	125
AT1G07663	0	0	1	1	2	0
AT1G07667	0	0	0	0	0	0
AT1G07670	1122	1142	1015	805	885	879
AT1G07673	0	0	0	0	0	0
AT1G07680	1	7	0	0	2	0
AT1G07683	0	0	1	1	0	0
AT1G07690	0	1	0	0	0	0
AT1G07693	0	1	1	0	0	0
AT1G07697	0	1	3	1	4	4
AT1G07700	488	524	408	284	266	281
AT1G07702	0	0	0	0	0	0
AT1G07703	1	3	0	0	0	0
AT1G07705	411	498	367	383	390	359
AT1G07707	0	0	2	0	0	1
AT1G07710	8	17	19	14	19	11
AT1G07717	0	0	0	0	0	0
AT1G07720	413	492	453	280	347	354
AT1G07723	0	0	0	0	0	0
AT1G07725	0	0	0	0	0	0
AT1G07727	0	0	0	0	0	0
AT1G07728	1	0	0	0	0	0
AT1G07730	0	1	0	0	0	0
AT1G07733	0	0	0	0	0	0
AT1G07737	0	0	0	0	0	0
AT1G07740	50	76	62	50	57	52
AT1G07743	26	32	21	23	21	29
AT1G07745	76	98	99	109	85	75
AT1G07747	0	0	0	0	0	0
AT1G07750	500	466	436	281	255	270
AT1G07753	0	0	0	0	0	0
AT1G07757	2	1	0	0	0	0
AT1G07760	0	0	0	0	0	0
AT1G07763	0	0	0	0	0	0
AT1G07767	0	0	0	0	0	0
AT1G07770	2627	2457	2215	1914	1915	1892
AT1G07773	0	0	0	0	0	0
AT1G07777	0	0	0	0	0	0
AT1G07780	67	52	47	65	60	60
AT1G07783	0	0	0	0	0	0
AT1G07787	0	0	0	0	0	0
AT1G07790	368	373	368	382	333	343
AT1G07793	0	0	0	0	2	1
AT1G07795	5	2	8	3	7	2
AT1G07803	0	0	0	0	0	0
AT1G07807	0	0	0	0	0	0
AT1G07810	796	796	701	617	651	618
AT1G07813	0	0	0	0	0	0
AT1G07820	646	627	559	546	505	501
AT1G07823	0	0	0	0	0	0
AT1G07827	0	0	0	0	0	0
AT1G07830	212	238	220	222	206	216
AT1G07833	0	0	0	0	0	0
AT1G07837	0	0	0	0	0	0
AT1G07840	330	355	362	325	348	336
AT1G07843	0	0	0	0	0	0
AT1G07847	0	0	0	0	0	0
AT1G07850	0	0	1	0	0	0
AT1G07853	0	0	0	0	0	0
AT1G07857	0	0	0	0	0	0
AT1G07860	0	0	0	0	0	0
AT1G07863	0	0	0	0	0	0
AT1G07867	0	0	0	0	0	0
AT1G07870	228	291	229	151	211	227
AT1G07873	0	0	0	0	0	0
AT1G07877	2	1	6	3	1	3
AT1G07880	55	83	55	82	50	50
AT1G07883	0	0	0	0	0	0
AT1G07885	6	6	2	3	3	1
AT1G07887	0	0	0	0	0	0
AT1G07890	14480	14773	13540	13050	12913	11768
AT1G07893	0	0	0	0	0	0
AT1G07897	7	2	4	5	7	2
AT1G07900	18	28	10	5	16	19
AT1G07901	16	14	17	15	19	16
AT1G07902	23	29	21	24	16	16
AT1G07903	0	0	0	0	0	0
AT1G07907	0	0	0	0	0	0
AT1G07910	391	385	375	381	352	332
AT1G07913	2	0	2	0	1	1
AT1G07917	0	0	0	0	0	0
AT1G07920	1518	1320	1500	1437	1405	1283
AT1G07923	0	0	0	0	0	0
AT1G07927	0	0	0	0	0	0
AT1G07930	3260	3276	3275	3158	3084	2765
AT1G07933	2	2	2	4	1	1
AT1G07937	1	5	4	9	4	2
AT1G07940	734	677	729	720	638	674
AT1G07943	0	0	0	0	0	0
AT1G07947	0	0	0	0	0	0
AT1G07950	165	162	162	155	131	140
AT1G07957	2	0	1	2	0	0
AT1G07960	398	392	317	330	283	286
AT1G07963	1	2	0	0	1	0
AT1G07967	0	1	1	1	1	1
AT1G07970	222	280	221	265	230	200
AT1G07973	0	0	0	0	0	0
AT1G07977	0	0	0	0	0	0
AT1G07980	232	256	267	219	203	200
AT1G07983	0	0	0	0	0	0
AT1G07985	20	28	21	25	36	48
AT1G07987	0	0	0	0	0	0
AT1G07990	996	1089	883	852	862	875
AT1G07993	3	0	0	1	1	0
AT1G07997	0	0	0	0	0	0
AT1G08000	139	157	151	121	123	138
AT1G08003	0	0	0	0	0	0
AT1G08005	0	0	0	0	0	0
AT1G08007	0	0	0	0	0	0
AT1G08010	252	219	212	234	200	207
AT1G08013	0	0	0	0	0	0
AT1G08017	0	0	0	0	0	0
AT1G08023	0	0	0	0	0	0
AT1G08027	0	0	0	0	0	0
AT1G08030	355	337	282	302	330	305
AT1G08033	1	0	1	0	0	1
AT1G08035	0	0	1	2	2	1
AT1G08037	0	0	0	0	0	0
AT1G08040	283	330	227	272	257	277
AT1G08043	1	1	0	0	0	1
AT1G08047	2	3	2	3	4	5
AT1G08050	170	215	196	93	159	153
AT1G08053	0	0	0	0	0	0
AT1G08057	0	0	0	0	0	0
AT1G08060	545	573	468	458	462	436
AT1G08063	0	0	0	0	0	0
AT1G08065	0	0	0	0	0	0
AT1G08070	38	41	34	39	29	36
AT1G08073	0	0	0	0	0	0
AT1G08077	0	0	0	0	0	0
AT1G08080	1	3	0	1	2	2
AT1G08087	0	0	0	0	0	0
AT1G08090	1	4	14	36	60	23
AT1G08093	0	0	0	0	0	0
AT1G08097	0	0	0	0	0	0
AT1G08100	0	0	1	0	0	0
AT1G08103	0	1	1	0	0	0
AT1G08107	0	0	0	0	0	0
AT1G08110	1148	1283	1034	1149	1110	1058
AT1G08113	0	0	0	0	0	0
AT1G08115	6	9	4	4	2	3
AT1G08117	0	0	0	0	0	0
AT1G08120	0	0	0	0	0	0
AT1G08123	0	0	0	0	0	0
AT1G08125	307	345	325	294	289	301
AT1G08127	0	0	0	0	0	0
AT1G08130	440	410	324	383	381	406
AT1G08133	0	0	0	0	0	0
AT1G08135	0	0	0	0	0	0
AT1G08137	0	0	0	0	0	0
AT1G08140	0	0	0	0	0	0
AT1G08143	0	0	0	0	0	0
AT1G08147	0	0	0	0	0	0
AT1G08150	0	0	0	0	0	0
AT1G08153	0	0	0	0	0	0
AT1G08157	0	0	0	0	0	0
AT1G08160	161	136	137	152	125	101
AT1G08163	0	0	0	0	0	0
AT1G08165	87	115	88	21	17	40
AT1G08170	5	5	0	0	3	1
AT1G08173	8	5	10	5	2	2
AT1G08177	0	0	0	0	0	0
AT1G08180	101	109	116	66	84	85
AT1G08183	0	0	0	0	0	0
AT1G08190	1883	1889	1745	1576	1525	1451
AT1G08193	0	1	0	0	0	0
AT1G08200	2763	2632	2362	2116	2116	2046
AT1G08207	0	0	0	0	0	0
AT1G08210	251	238	209	249	234	219
AT1G08213	3	2	3	1	2	3
AT1G08217	0	0	2	0	1	0
AT1G08220	100	107	99	102	98	113
AT1G08223	0	0	0	0	0	0
AT1G08227	0	0	0	0	0	0
AT1G08230	494	476	340	279	227	364
AT1G08237	0	0	0	1	0	0
AT1G08240	0	0	0	0	0	0
AT1G08247	0	0	0	0	0	0
AT1G08250	0	0	0	0	0	0
AT1G08253	0	0	0	0	0	0
AT1G08257	0	0	0	0	0	1
AT1G08260	464	461	396	410	385	350
AT1G08263	0	0	0	1	0	0
AT1G08267	0	0	0	0	0	0
AT1G08270	12	18	20	22	11	17
AT1G08273	0	0	0	0	0	0
AT1G08277	0	0	0	0	0	0
AT1G08280	176	210	180	163	128	151
AT1G08283	24	5	12	21	11	16
AT1G08287	0	0	0	0	0	0
AT1G08290	42	49	39	65	57	48
AT1G08293	16	9	7	9	8	6
AT1G08297	0	0	0	0	0	0
AT1G08300	93	111	120	129	112	107
AT1G08303	0	0	0	0	0	0
AT1G08307	0	0	0	0	0	0
AT1G08310	1033	1189	820	330	375	558
AT1G08313	0	0	0	0	0	0
AT1G08315	0	0	0	0	0	0
AT1G08317	0	0	0	0	0	0
AT1G08320	245	188	208	191	186	168
AT1G08323	0	0	0	0	0	0
AT1G08327	0	0	0	0	0	0
AT1G08333	1	1	0	0	1	3
AT1G08337	0	0	0	0	0	0
AT1G08340	199	146	140	103	84	68
AT1G08343	0	0	0	0	0	0
AT1G08347	0	0	0	0	0	0
AT1G08350	198	186	195	200	137	162
AT1G08353	0	0	0	0	1	0
AT1G08357	0	0	0	0	0	0
AT1G08360	2473	2326	2249	2300	2213	2003
AT1G08363	0	0	0	0	0	0
AT1G08367	0	0	0	0	0	0
AT1G08370	455	440	410	404	380	378
AT1G08377	0	0	0	0	0	0
AT1G08380	9412	13092	9370	13919	12296	10989
AT1G08383	0	0	0	0	0	0
AT1G08387	0	0	0	0	0	0
AT1G08390	24	16	12	19	21	16
AT1G08393	0	0	3	1	0	0
AT1G08397	0	0	0	0	0	0
AT1G08400	92	79	89	92	72	79
AT1G08403	0	0	0	0	0	0
AT1G08410	226	249	253	215	237	253
AT1G08413	1	3	1	0	0	1
AT1G08417	0	0	0	0	0	0
AT1G08420	1097	1158	977	970	976	924
AT1G08427	4	1	2	0	0	1
AT1G08430	479	327	482	523	359	318
AT1G08433	0	0	0	0	0	0
AT1G08437	0	0	0	0	0	0
AT1G08440	3	2	4	2	2	2
AT1G08443	0	0	0	1	1	0
AT1G08447	0	0	0	0	0	0
AT1G08450	1478	1970	1457	1040	1319	1283
AT1G08453	0	0	0	0	0	0
AT1G08457	0	0	0	0	0	0
AT1G08460	464	483	427	384	403	356
AT1G08463	0	0	0	0	0	0
AT1G08465	156	206	171	247	268	199
AT1G08470	265	293	239	265	251	229
AT1G08473	0	0	0	0	0	0
AT1G08477	0	0	0	0	0	0
AT1G08480	802	766	751	730	620	657
AT1G08483	0	0	0	0	0	0
AT1G08487	0	0	0	0	0	1
AT1G08490	615	584	493	503	522	498
AT1G08493	0	0	0	0	0	0
AT1G08497	0	0	0	0	0	0
AT1G08500	92	66	71	83	66	74
AT1G08503	0	0	0	0	0	0
AT1G08507	9	17	9	10	19	13
AT1G08510	1913	2013	1750	1496	1580	1576
AT1G08513	0	0	0	0	0	0
AT1G08517	0	0	0	0	0	0
AT1G08520	2726	3011	2441	3011	2760	2566
AT1G08523	0	0	0	0	0	0
AT1G08530	211	195	172	183	169	182
AT1G08533	0	0	0	0	0	0
AT1G08537	0	0	0	0	0	0
AT1G08540	1097	1173	973	1373	1209	1109
AT1G08543	1	0	0	0	0	0
AT1G08547	0	0	0	0	0	0
AT1G08550	1102	1163	982	1361	1147	1032
AT1G08553	0	0	0	0	0	1
AT1G08557	0	0	0	0	0	0
AT1G08560	397	373	375	452	381	368
AT1G08563	3	5	2	4	1	7
AT1G08567	0	0	0	0	0	0
AT1G08570	1587	1521	1267	867	853	820
AT1G08573	0	0	0	0	0	0
AT1G08577	0	0	0	1	0	0
AT1G08580	261	226	236	269	213	207
AT1G08583	0	0	0	0	0	0
AT1G08587	0	0	0	0	0	0
AT1G08590	7	5	10	9	7	5
AT1G08592	0	0	0	0	0	0
AT1G08597	0	0	0	0	0	0
AT1G08600	880	874	796	738	744	733
AT1G08603	0	0	0	0	0	0
AT1G08607	0	0	0	0	0	0
AT1G08610	78	114	84	97	126	85
AT1G08613	0	0	0	0	0	0
AT1G08620	640	607	520	518	511	488
AT1G08623	0	0	0	0	0	0
AT1G08627	0	0	0	0	0	0
AT1G08630	65	61	98	36	49	51
AT1G08633	2	0	0	0	1	1
AT1G08637	0	0	0	0	0	0
AT1G08640	727	750	621	724	706	660
AT1G08643	0	2	0	1	0	0
AT1G08645	0	0	0	0	0	0
AT1G08647	0	0	0	0	0	0
AT1G08650	2015	1900	1251	626	554	906
AT1G08653	0	0	0	0	0	0
AT1G08657	0	0	0	0	0	0
AT1G08660	577	589	502	585	536	497
AT1G08663	0	0	0	0	0	0
AT1G08667	0	0	0	0	0	0
AT1G08670	39	29	24	38	37	27
AT1G08673	0	0	0	0	0	0
AT1G08677	0	0	0	0	0	0
AT1G08680	674	732	662	650	661	671
AT1G08683	0	0	0	0	0	0
AT1G08695	0	0	0	0	0	0
AT1G08697	18	15	22	34	12	15
AT1G08700	421	455	354	326	340	347
AT1G08703	0	0	0	0	0	0
AT1G08707	0	0	0	0	0	0
AT1G08710	191	210	185	176	185	180
AT1G08713	0	0	0	0	0	0
AT1G08717	0	0	0	0	0	0
AT1G08720	481	460	472	480	429	482
AT1G08723	0	0	0	0	0	0
AT1G08727	0	0	0	0	0	0
AT1G08730	19	12	23	20	24	17
AT1G08733	1	0	0	0	0	1
AT1G08737	0	0	0	0	0	0
AT1G08743	0	0	0	0	0	0
AT1G08747	4	2	2	4	3	3
AT1G08750	182	178	199	191	147	136
AT1G08753	0	1	0	0	0	0
AT1G08757	8	9	17	14	12	9
AT1G08760	343	457	374	328	376	342
AT1G08763	7	15	13	2	4	3
AT1G08767	0	0	0	0	0	0
AT1G08770	116	118	118	103	115	88
AT1G08773	0	0	0	0	0	0
AT1G08777	0	1	0	0	0	0
AT1G08780	191	221	189	197	198	194
AT1G08783	0	0	0	0	0	0
AT1G08787	0	0	0	0	0	0
AT1G08790	0	0	0	0	0	0
AT1G08793	0	0	0	0	0	0
AT1G08797	0	0	0	0	0	0
AT1G08800	805	642	660	499	525	546
AT1G08803	0	0	0	0	0	0
AT1G08807	0	0	0	0	0	0
AT1G08810	290	314	296	252	253	250
AT1G08813	0	0	0	0	0	0
AT1G08817	0	0	0	0	0	0
AT1G08820	690	759	681	614	680	626
AT1G08823	0	0	0	0	0	0
AT1G08827	0	0	0	0	0	0
AT1G08830	909	754	755	724	631	554
AT1G08833	0	1	0	0	0	1
AT1G08840	134	123	112	140	128	106
AT1G08843	0	0	0	0	0	0
AT1G08845	61	84	64	76	58	77
AT1G08847	87	81	76	75	75	68
AT1G08853	0	0	0	0	0	0
AT1G08857	9	11	7	6	8	9
AT1G08860	6	4	3	5	6	11
AT1G08863	0	0	0	0	0	0
AT1G08867	0	0	0	0	0	0
AT1G08870	0	0	0	0	0	0
AT1G08877	0	0	0	0	0	0
AT1G08880	811	810	704	665	685	640
AT1G08883	0	0	0	0	0	0
AT1G08887	0	0	0	0	0	0
AT1G08890	309	296	276	191	246	230
AT1G08893	0	0	0	0	0	0
AT1G08897	0	0	0	0	0	0
AT1G08900	201	223	200	169	186	196
AT1G08903	26	16	31	18	30	22
AT1G08907	0	0	0	0	0	0
AT1G08910	443	406	423	430	494	477
AT1G08913	0	0	0	0	0	0
AT1G08920	828	835	684	272	281	502
AT1G08923	0	0	0	0	0	0
AT1G08927	0	0	0	0	0	0
AT1G08930	2410	3950	3372	1866	2958	3160
AT1G08933	0	0	0	0	0	0
AT1G08937	8	3	4	6	5	3
AT1G08940	228	219	188	145	239	233
AT1G08947	31	38	22	8	5	7
AT1G08950	0	0	0	0	0	0
AT1G08953	0	0	0	0	0	0
AT1G08960	171	135	146	143	149	140
AT1G08963	0	0	0	0	0	0
AT1G08967	0	0	0	1	1	0
AT1G08970	584	588	602	601	588	623
AT1G08973	1	0	2	2	0	1
AT1G08977	0	0	0	0	0	0
AT1G08980	939	1193	961	1278	1283	1201
AT1G08983	0	0	0	0	0	0
AT1G08985	0	0	0	0	0	0
AT1G08987	1	5	0	2	1	3
AT1G08990	199	124	149	140	106	99
AT1G08993	0	0	0	0	0	0
AT1G08997	0	0	0	0	0	0
AT1G09000	121	101	88	89	86	79
AT1G09003	0	0	0	0	0	0
AT1G09007	0	0	0	0	0	0
AT1G09010	883	943	945	1025	1049	981
AT1G09013	0	0	0	0	0	0
AT1G09017	0	0	0	0	0	0
AT1G09020	837	753	763	739	736	729
AT1G09023	11	12	17	19	18	15
AT1G09027	0	0	0	0	0	0
AT1G09030	0	0	0	0	1	0
AT1G09033	0	0	0	0	0	0
AT1G09037	0	0	0	0	0	0
AT1G09040	104	91	108	71	86	93
AT1G09043	0	0	0	0	0	0
AT1G09047	0	0	0	0	0	0
AT1G09050	104	91	107	77	85	78
AT1G09053	0	0	0	0	0	0
AT1G09057	0	0	0	0	0	0
AT1G09060	825	1012	834	680	719	772
AT1G09063	0	0	0	0	0	0
AT1G09067	0	0	0	0	0	0
AT1G09070	3546	5216	3350	1877	2889	4237
AT1G09073	0	0	0	0	0	0
AT1G09077	0	0	0	0	0	0
AT1G09080	156	242	114	32	58	58
AT1G09083	9	12	4	9	10	16
AT1G09087	5	4	3	4	2	6
AT1G09090	269	195	161	107	126	109
AT1G09097	0	0	0	0	0	0
AT1G09100	537	586	527	491	538	496
AT1G09103	0	3	2	0	0	1
AT1G09107	0	0	0	0	1	0
AT1G09110	0	0	0	0	0	0
AT1G09113	0	0	0	0	0	0
AT1G09117	0	0	0	0	0	0
AT1G09123	0	0	0	0	0	0
AT1G09127	0	0	0	0	0	0
AT1G09130	2143	2103	1807	1801	1712	1812
AT1G09133	0	0	0	1	0	0
AT1G09137	0	0	1	0	0	0
AT1G09140	1178	1229	1039	996	930	951
AT1G09143	0	0	0	0	0	0
AT1G09147	0	0	0	0	0	0
AT1G09150	465	434	417	435	446	363
AT1G09153	0	0	0	0	0	0
AT1G09155	36	22	27	14	12	12
AT1G09157	0	0	0	2	0	0
AT1G09160	402	451	432	408	384	414
AT1G09163	0	0	0	0	0	0
AT1G09167	0	0	0	0	0	0
AT1G09170	135	67	81	70	54	41
AT1G09173	0	0	0	0	0	0
AT1G09176	6	4	3	1	1	1
AT1G09177	0	0	0	0	0	0
AT1G09180	31	32	17	3	0	3
AT1G09183	0	0	0	0	0	0
AT1G09187	0	0	0	0	0	0
AT1G09190	65	70	63	56	60	49
AT1G09193	0	0	0	0	1	0
AT1G09195	164	164	160	149	135	132
AT1G09197	0	1	0	1	0	0
AT1G09200	797	798	685	681	571	670
AT1G09207	0	0	0	0	0	0
AT1G09210	3442	3710	3257	2824	2738	2562
AT1G09213	0	0	0	0	0	0
AT1G09217	0	1	2	1	1	1
AT1G09220	28	29	33	27	26	31
AT1G09223	1	0	0	0	0	1
AT1G09227	0	0	0	0	0	0
AT1G09230	292	302	304	222	241	246
AT1G09233	0	0	0	0	0	0
AT1G09237	0	0	0	0	0	0
AT1G09240	788	1004	823	239	286	330
AT1G09243	0	0	0	0	0	0
AT1G09245	0	0	0	0	0	0
AT1G09247	0	0	0	0	0	0
AT1G09250	281	206	225	206	177	179
AT1G09253	0	0	0	0	0	0
AT1G09257	0	0	0	0	0	0
AT1G09260	0	0	0	3	0	2
AT1G09263	0	0	0	0	0	0
AT1G09267	1	2	1	1	1	0
AT1G09270	1043	1109	965	915	882	766
AT1G09273	0	0	0	0	0	0
AT1G09277	0	0	0	0	0	0
AT1G09280	353	341	289	291	303	295
AT1G09283	0	0	0	0	0	0
AT1G09287	5	7	10	7	4	4
AT1G09290	100	100	122	105	99	115
AT1G09293	0	0	1	0	0	0
AT1G09297	5	3	2	0	0	3
AT1G09300	165	172	175	172	165	186
AT1G09303	0	0	0	0	0	0
AT1G09307	0	0	0	0	0	0
AT1G09310	5361	7284	6773	6314	6157	5516
AT1G09313	0	0	0	0	0	0
AT1G09317	0	0	0	0	0	0
AT1G09320	123	151	155	122	143	125
AT1G09323	0	0	0	0	0	0
AT1G09327	0	0	0	0	0	0
AT1G09330	530	521	529	456	467	445
AT1G09333	0	0	0	0	0	0
AT1G09337	0	0	0	0	0	0
AT1G09340	6441	6258	4596	5134	4966	3980
AT1G09343	0	0	0	0	0	0
AT1G09350	7	22	9	8	5	11
AT1G09353	0	0	0	0	0	0
AT1G09357	0	1	0	0	0	0
AT1G09360	0	0	0	0	0	0
AT1G09363	6	6	1	2	5	7
AT1G09367	1	4	4	3	8	7
AT1G09370	4	0	1	0	2	2
AT1G09373	0	0	0	0	0	0
AT1G09377	0	0	0	0	0	0
AT1G09380	7	23	12	9	8	8
AT1G09383	0	0	0	0	0	0
AT1G09387	0	0	0	0	0	0
AT1G09390	117	108	101	162	141	150
AT1G09393	0	0	0	0	0	0
AT1G09397	0	0	0	0	0	0
AT1G09400	2	3	2	4	6	4
AT1G09407	0	0	0	0	0	0
AT1G09410	25	30	31	27	34	30
AT1G09415	369	383	359	342	304	337
AT1G09417	0	0	0	0	0	0
AT1G09420	163	180	166	139	140	175
AT1G09421	0	0	0	0	0	0
AT1G09423	0	0	0	0	0	0
AT1G09427	4	1	4	0	3	2
AT1G09430	1414	1444	1443	1142	1211	1133
AT1G09433	0	0	0	0	0	0
AT1G09437	0	0	0	0	0	1
AT1G09440	111	128	111	111	123	117
AT1G09443	0	0	0	0	0	0
AT1G09447	6	3	3	1	1	5
AT1G09450	73	57	54	59	63	56
AT1G09453	0	0	0	0	0	0
AT1G09457	1	0	2	0	2	1
AT1G09460	183	188	195	194	185	190
AT1G09463	3	1	0	0	0	0
AT1G09467	55	70	58	45	62	47
AT1G09470	79	87	75	114	66	83
AT1G09473	0	0	0	0	0	0
AT1G09477	0	0	0	0	0	0
AT1G09480	62	45	41	33	36	37
AT1G09483	0	0	0	0	0	0
AT1G09487	0	0	0	0	0	0
AT1G09490	347	436	323	317	373	332
AT1G09493	4	0	0	1	1	1
AT1G09497	0	1	0	0	0	0
AT1G09500	1014	1279	612	46	74	177
AT1G09503	0	0	0	0	0	0
AT1G09507	0	0	0	0	0	0
AT1G09510	0	1	0	0	0	0
AT1G09513	0	3	1	2	1	2
AT1G09517	0	0	0	0	0	1
AT1G09520	166	196	138	187	131	141
AT1G09523	0	0	0	0	0	0
AT1G09527	0	2	1	1	0	0
AT1G09530	649	665	588	595	493	515
AT1G09533	6	8	13	10	3	6
AT1G09537	0	3	1	1	1	3
AT1G09540	59	36	26	10	3	3
AT1G09543	28	12	22	22	16	20
AT1G09547	0	0	0	0	0	0
AT1G09550	0	0	0	0	0	0
AT1G09553	2	0	1	1	0	0
AT1G09557	0	0	0	0	0	0
AT1G09560	2584	2206	2639	1590	1744	1867
AT1G09563	0	0	0	0	0	0
AT1G09567	0	0	0	0	0	0
AT1G09570	1247	1394	1270	1393	1268	1257
AT1G09573	1	2	2	3	0	4
AT1G09575	30	48	34	48	47	57
AT1G09577	0	0	0	0	0	1
AT1G09580	135	152	138	155	150	112
AT1G09583	0	0	0	0	0	0
AT1G09587	0	0	0	0	0	0
AT1G09590	1805	1651	1607	1663	1567	1478
AT1G09593	0	0	0	0	0	0
AT1G09597	0	0	0	0	0	0
AT1G09600	19	27	16	20	14	18
AT1G09603	0	0	0	0	0	0
AT1G09607	0	0	1	0	1	1
AT1G09610	1	0	1	2	0	0
AT1G09613	0	1	0	0	0	0
AT1G09617	0	0	0	0	0	0
AT1G09620	2134	2082	1871	1989	2062	1931
AT1G09623	0	0	0	0	0	0
AT1G09625	0	0	0	0	0	0
AT1G09627	0	0	0	0	0	0
AT1G09630	251	222	248	256	217	177
AT1G09633	0	0	0	0	0	0
AT1G09637	0	0	0	0	0	0
AT1G09640	3165	3292	3058	3031	3039	2763
AT1G09645	303	278	266	248	228	229
AT1G09647	9	10	10	2	6	1
AT1G09650	5	4	9	6	4	4
AT1G09653	0	0	0	0	0	0
AT1G09657	0	0	0	0	0	0
AT1G09660	496	578	492	506	467	494
AT1G09663	1	0	1	1	0	0
AT1G09665	0	0	1	0	0	0
AT1G09667	0	0	0	0	0	0
AT1G09673	0	0	0	0	0	0
AT1G09677	2	0	1	0	2	1
AT1G09680	40	45	42	48	32	44
AT1G09683	0	0	0	0	0	0
AT1G09687	36	51	34	31	33	30
AT1G09690	2671	2313	2480	2639	2414	2181
AT1G09693	0	1	1	0	0	0
AT1G09697	0	0	0	0	0	0
AT1G09700	155	206	152	186	170	159
AT1G09703	0	0	0	0	0	0
AT1G09710	98	120	98	113	114	111
AT1G09713	0	0	0	0	0	0
AT1G09717	0	0	0	0	0	0
AT1G09720	0	1	0	1	0	0
AT1G09723	0	0	0	0	0	0
AT1G09730	681	749	672	661	679	626
AT1G09733	0	0	0	0	0	0
AT1G09737	0	2	0	0	0	0
AT1G09740	520	382	443	321	308	332
AT1G09743	0	0	0	0	0	0
AT1G09747	0	0	0	0	0	0
AT1G09750	1152	1194	1234	1721	1526	1430
AT1G09753	31	15	11	19	19	16
AT1G09757	0	0	0	0	0	0
AT1G09760	590	665	532	639	567	585
AT1G09763	0	0	0	0	0	0
AT1G09767	0	0	0	0	0	0
AT1G09770	2461	2742	2484	2390	2318	2317
AT1G09773	0	0	0	0	0	0
AT1G09777	1	2	2	0	1	0
AT1G09780	2852	2819	2547	2442	2246	2326
AT1G09783	3	0	2	1	0	2
AT1G09787	2	1	1	6	3	2
AT1G09790	0	0	0	0	0	1
AT1G09793	0	0	0	0	0	0
AT1G09794	66	50	38	29	37	39
AT1G09795	1123	1189	1003	1151	1071	976
AT1G09797	0	1	0	0	0	1
AT1G09800	56	48	50	69	60	54
AT1G09803	0	0	0	0	0	0
AT1G09807	0	0	0	0	0	0
AT1G09810	158	183	167	158	184	173
AT1G09812	21	21	13	21	30	15
AT1G09813	0	0	0	0	0	0
AT1G09815	224	221	184	180	166	144
AT1G09817	0	0	0	0	0	0
AT1G09820	88	75	68	92	72	63
AT1G09823	1	1	1	1	2	0
AT1G09827	0	0	0	0	0	0
AT1G09830	427	458	425	425	455	377
AT1G09833	0	0	0	0	0	0
AT1G09837	0	2	0	2	1	0
AT1G09840	847	782	743	759	700	716
AT1G09843	0	0	0	0	0	0
AT1G09847	0	0	0	0	0	0
AT1G09850	570	542	496	475	437	526
AT1G09853	0	0	0	0	0	0
AT1G09857	0	0	0	0	0	0
AT1G09860	0	0	0	0	0	0
AT1G09863	23	24	19	25	10	16
AT1G09867	4	4	3	7	2	4
AT1G09870	409	452	399	391	374	361
AT1G09873	0	0	0	0	0	0
AT1G09877	0	0	0	0	0	0
AT1G09880	15	11	17	12	8	7
AT1G09883	0	0	0	0	0	0
AT1G09887	0	0	0	0	0	0
AT1G09890	50	35	29	46	35	43
AT1G09893	0	0	0	0	0	0
AT1G09897	0	2	1	1	0	2
AT1G09900	230	212	198	245	238	239
AT1G09903	0	0	0	0	0	0
AT1G09907	0	0	0	1	0	0
AT1G09910	292	381	304	296	311	261
AT1G09913	1	0	0	1	0	1
AT1G09917	1	1	4	1	0	0
AT1G09920	539	523	532	468	497	429
AT1G09923	0	3	0	0	0	0
AT1G09927	0	0	0	0	0	0
AT1G09930	3	2	4	5	8	4
AT1G09932	199	225	166	136	233	216
AT1G09935	6	5	2	0	1	1
AT1G09937	1	0	0	1	0	0
AT1G09940	478	716	542	458	480	611
AT1G09947	0	0	0	0	2	1
AT1G09950	10	32	19	8	16	24
AT1G09953	0	0	0	0	0	0
AT1G09957	0	0	0	0	0	0
AT1G09960	120	125	119	118	121	111
AT1G09963	0	0	0	1	0	0
AT1G09967	0	0	0	0	0	0
AT1G09970	6623	7912	6053	4072	5253	5962
AT1G09973	0	0	0	0	0	0
AT1G09977	0	0	0	0	0	0
AT1G09980	513	553	474	483	514	494
AT1G09983	0	0	0	0	0	0
AT1G09987	1	0	1	1	1	0
AT1G09993	0	0	2	2	1	1
AT1G09995	58	54	56	45	49	57
AT1G09997	0	0	0	0	0	0
AT1G10000	11	10	10	5	9	15
AT1G10010	0	0	0	0	0	0
AT1G10020	242	251	243	186	220	248
AT1G10030	140	110	95	116	87	75
AT1G10040	109	90	95	49	60	78
AT1G10050	426	417	390	288	355	330
AT1G10060	384	410	322	483	374	338
AT1G10070	148	117	130	35	62	84
AT1G10090	482	578	459	422	469	506
AT1G10095	84	88	86	58	61	70
AT1G10100	0	0	0	1	0	0
AT1G10110	1	2	0	1	0	1
AT1G10120	396	332	353	413	369	370
AT1G10130	905	876	827	777	719	761
AT1G10140	317	296	354	185	203	296
AT1G10150	0	0	0	0	0	0
AT1G10155	7	5	6	6	7	3
AT1G10170	1233	1469	1143	850	1045	1096
AT1G10180	402	444	407	422	412	403
AT1G10190	0	0	0	0	0	0
AT1G10200	1472	1651	1395	1502	1424	1263
AT1G10210	198	164	148	153	142	145
AT1G10220	9	5	19	8	5	5
AT1G10225	1	0	0	0	0	0
AT1G10230	101	133	106	135	140	132
AT1G10240	168	171	167	141	158	151
AT1G10250	0	0	0	0	0	0
AT1G10270	215	246	231	233	231	224
AT1G10280	99	84	77	68	77	74
AT1G10290	1682	1693	1456	1362	1428	1433
AT1G10300	72	79	57	50	45	35
AT1G10310	293	267	233	244	253	229
AT1G10320	300	311	297	341	272	288
AT1G10330	21	22	19	21	14	25
AT1G10340	152	238	226	60	172	184
AT1G10350	221	278	227	182	187	204
AT1G10360	307	312	237	237	256	256
AT1G10370	162	147	120	92	107	123
AT1G10380	136	126	153	176	149	108
AT1G10385	18	3	9	1	2	0
AT1G10390	1632	1648	1458	1421	1431	1390
AT1G10395	0	0	0	0	0	0
AT1G10400	24	32	39	26	32	26
AT1G10410	1072	1065	885	777	883	954
AT1G10417	22	46	25	26	28	21
AT1G10430	449	432	338	348	382	342
AT1G10440	0	0	0	0	0	0
AT1G10450	506	559	486	460	471	497
AT1G10455	0	0	0	0	0	0
AT1G10460	30	27	18	25	20	12
AT1G10470	360	315	314	368	333	332
AT1G10480	73	45	49	45	44	58
AT1G10490	512	535	421	459	457	437
AT1G10500	677	686	586	585	554	545
AT1G10510	649	681	568	624	573	564
AT1G10520	47	31	32	27	34	35
AT1G10522	369	377	415	394	424	420
AT1G10530	26	28	25	19	19	11
AT1G10540	12	18	17	7	12	25
AT1G10550	13	16	13	12	21	15
AT1G10560	44	53	33	42	23	35
AT1G10570	354	380	353	318	369	312
AT1G10580	732	658	580	608	572	545
AT1G10585	141	134	81	25	28	74
AT1G10586	6	0	1	0	0	2
AT1G10588	3	1	1	1	1	0
AT1G10590	948	933	795	804	813	722
AT1G10600	267	330	287	262	267	242
AT1G10610	93	115	83	106	95	103
AT1G10620	0	0	0	0	0	0
AT1G10630	932	868	799	772	721	658
AT1G10640	114	170	97	228	204	155
AT1G10650	357	379	340	247	239	228
AT1G10657	150	207	161	177	198	202
AT1G10660	468	556	440	405	417	431
AT1G10670	2736	2941	2698	2757	2590	2539
AT1G10680	3	3	5	2	3	2
AT1G10682	527	479	425	718	491	546
AT1G10690	53	64	66	40	38	35
AT1G10700	429	491	426	401	508	469
AT1G10710	4	7	7	10	4	2
AT1G10715	0	0	0	0	0	0
AT1G10717	0	0	0	0	0	0
AT1G10720	330	307	293	284	276	303
AT1G10730	177	208	175	152	172	151
AT1G10740	608	614	527	393	362	357
AT1G10745	0	0	0	0	0	0
AT1G10747	1	0	0	0	0	0
AT1G10750	62	71	57	73	60	71
AT1G10760	8842	12331	9412	10996	10897	9181
AT1G10770	5	6	15	22	14	16
AT1G10780	69	61	72	78	82	63
AT1G10790	6	15	13	7	11	11
AT1G10800	6	11	9	10	13	7
AT1G10810	27	24	16	21	13	12
AT1G10820	360	417	323	363	334	289
AT1G10830	246	237	229	245	238	208
AT1G10840	1315	1443	1296	1331	1359	1253
AT1G10850	317	281	273	333	273	288
AT1G10865	242	303	253	225	238	236
AT1G10870	462	463	413	463	425	425
AT1G10875	0	0	0	0	0	0
AT1G10880	0	0	0	1	1	0
AT1G10890	1067	1104	1030	920	941	915
AT1G10900	686	724	624	623	585	623
AT1G10910	471	499	445	615	541	457
AT1G10920	182	216	164	114	164	141
AT1G10930	290	314	268	320	292	249
AT1G10940	1049	1117	1015	961	989	938
AT1G10950	1765	1805	1669	1601	1535	1427
AT1G10960	3292	3323	2952	3140	2884	2536
AT1G10970	93	85	93	73	99	92
AT1G10980	5	4	6	1	5	3
AT1G10990	123	101	132	73	80	97
AT1G11000	170	163	160	174	126	136
AT1G11010	0	0	0	0	0	0
AT1G11020	222	278	212	194	177	196
AT1G11030	0	0	0	0	0	0
AT1G11040	2	0	1	0	0	0
AT1G11050	1	0	1	0	2	1
AT1G11060	232	244	200	234	216	190
AT1G11070	8	3	1	8	6	12
AT1G11080	160	100	92	120	95	173
AT1G11090	0	0	0	0	0	0
AT1G11100	119	95	86	92	81	113
AT1G11110	0	0	0	0	0	0
AT1G11112	9	7	4	4	6	10
AT1G11120	27	18	27	35	26	23
AT1G11125	16	18	22	19	13	14
AT1G11130	415	479	335	401	381	408
AT1G11145	0	0	0	0	0	1
AT1G11160	124	117	101	123	95	80
AT1G11170	95	117	114	64	71	47
AT1G11175	154	155	175	142	157	184
AT1G11180	114	103	98	148	130	123
AT1G11185	149	167	199	96	131	167
AT1G11190	226	166	191	95	82	106
AT1G11200	200	214	174	168	149	176
AT1G11210	350	505	323	360	432	472
AT1G11220	29	50	37	41	31	33
AT1G11230	1	0	0	0	0	0
AT1G11240	432	426	444	415	395	396
AT1G11250	0	0	0	0	0	0
AT1G11260	1351	1683	1883	1409	1509	1944
AT1G11270	59	55	48	60	56	51
AT1G11280	371	403	363	387	356	341
AT1G11290	98	110	103	107	112	100
AT1G11300	127	156	117	65	101	105
AT1G11303	120	160	132	99	132	105
AT1G11310	3389	4608	3435	2138	2744	2774
AT1G11320	67	57	58	52	67	52
AT1G11330	758	888	720	340	492	498
AT1G11340	100	96	95	82	87	76
AT1G11350	683	758	744	540	661	591
AT1G11360	383	445	389	347	328	353
AT1G11362	0	2	1	5	2	3
AT1G11370	0	0	1	0	0	0
AT1G11380	152	174	173	135	174	149
AT1G11390	255	231	235	250	236	215
AT1G11400	336	320	325	347	265	302
AT1G11410	336	317	259	253	269	276
AT1G11420	83	81	86	100	97	85
AT1G11430	1068	1187	974	1089	1015	986
AT1G11440	192	183	190	181	180	190
AT1G11450	89	101	87	105	74	111
AT1G11460	25	17	10	19	19	15
AT1G11470	0	0	0	0	0	0
AT1G11475	310	307	318	268	300	317
AT1G11480	1173	1238	1089	1048	1004	1021
AT1G11490	10	3	5	7	2	2
AT1G11500	2	11	1	9	9	5
AT1G11510	0	0	0	0	0	0
AT1G11520	0	0	0	0	0	0
AT1G11530	333	417	308	301	326	267
AT1G11540	28	23	27	17	23	13
AT1G11545	236	220	229	267	268	194
AT1G11550	0	0	0	0	0	0
AT1G11560	0	1	0	0	1	1
AT1G11570	10	6	4	8	5	2
AT1G11572	0	0	0	0	0	0
AT1G11580	3551	5814	3707	2195	3172	2919
AT1G11590	0	0	0	0	0	0
AT1G11591	1	0	1	0	0	0
AT1G11592	141	91	116	115	114	90
AT1G11593	0	0	0	0	0	0
AT1G11600	107	99	79	142	98	99
AT1G11608	0	0	0	0	0	0
AT1G11610	0	0	0	0	0	0
AT1G11620	1	0	0	0	0	0
AT1G11630	137	131	117	113	131	140
AT1G11640	0	0	0	0	0	0
AT1G11650	3705	3428	3364	3222	3404	3095
AT1G11655	12	5	6	3	0	2
AT1G11660	729	735	670	733	705	661
AT1G11670	601	517	503	463	370	372
AT1G11680	1698	1848	1632	1493	1484	1344
AT1G11684	0	0	0	0	0	0
AT1G11690	0	0	1	0	0	0
AT1G11700	167	202	189	153	125	122
AT1G11710	35	32	31	41	38	37
AT1G11720	823	734	596	794	717	737
AT1G11730	24	32	22	29	23	36
AT1G11735	3	2	3	1	0	1
AT1G11740	11	16	14	19	17	12
AT1G11750	847	886	776	963	829	786
AT1G11755	182	164	136	132	134	149
AT1G11760	87	92	123	84	75	79
AT1G11765	0	0	0	0	0	0
AT1G11770	0	0	0	0	0	0
AT1G11780	195	174	143	162	174	160
AT1G11785	4	5	3	1	3	2
AT1G11790	337	384	316	314	301	278
AT1G11800	111	133	120	95	118	86
AT1G11810	0	0	0	0	0	0
AT1G11820	450	539	463	546	483	424
AT1G11840	5978	6583	5205	5124	4858	5929
AT1G11850	111	118	108	146	103	150
AT1G11860	8454	8271	6496	8057	7298	6369
AT1G11870	253	276	205	254	250	240
AT1G11880	80	71	79	90	63	76
AT1G11890	394	429	348	330	358	369
AT1G11900	15	14	12	15	16	9
AT1G11905	170	169	151	124	126	135
AT1G11910	8755	8698	7794	6812	6780	6848
AT1G11915	9	12	15	14	10	8
AT1G11920	5	7	5	4	4	3
AT1G11925	6	8	1	3	3	9
AT1G11930	842	909	790	797	757	721
AT1G11940	123	93	84	93	87	111
AT1G11950	146	151	147	177	136	125
AT1G11960	226	346	213	188	252	306
AT1G11970	0	0	0	0	0	0
AT1G11980	0	0	0	0	0	0
AT1G11990	4	6	4	3	2	2
AT1G12000	1153	1053	1032	1041	899	862
AT1G12010	182	197	251	247	363	234
AT1G12013	1	2	1	2	2	2
AT1G12015	0	0	0	1	1	0
AT1G12020	97	79	72	87	83	81
AT1G12030	26	39	31	35	20	22
AT1G12040	894	459	584	423	329	239
AT1G12050	747	786	663	655	639	667
AT1G12060	48	39	44	63	56	47
AT1G12064	0	1	0	0	1	0
AT1G12070	2	1	3	8	6	4
AT1G12080	357	275	309	341	202	159
AT1G12090	4750	5462	4761	6031	5618	5247
AT1G12100	8	10	13	8	9	10
AT1G12110	3186	3015	3474	2602	3115	2409
AT1G12120	971	1070	899	917	887	852
AT1G12130	0	2	2	0	1	5
AT1G12140	723	650	604	509	515	579
AT1G12150	18	5	7	2	0	2
AT1G12160	126	116	97	99	105	81
AT1G12170	0	0	0	0	0	0
AT1G12180	0	0	0	0	1	0
AT1G12190	0	0	0	1	0	0
AT1G12200	653	697	646	418	476	458
AT1G12210	14	34	21	19	22	15
AT1G12211	0	0	0	0	0	0
AT1G12220	316	336	329	261	254	258
AT1G12230	970	1002	839	1152	945	855
AT1G12240	2498	2527	2236	1342	1456	1877
AT1G12244	98	99	98	119	123	82
AT1G12250	488	493	381	500	426	441
AT1G12260	53	49	30	49	41	28
AT1G12270	1027	980	1003	967	951	906
AT1G12280	194	146	152	108	140	94
AT1G12290	124	147	113	88	100	94
AT1G12294	0	0	0	0	0	0
AT1G12300	62	60	52	57	48	57
AT1G12310	0	0	0	0	0	0
AT1G12320	89	83	75	58	63	45
AT1G12330	164	161	162	240	173	174
AT1G12340	0	0	0	0	0	0
AT1G12350	224	267	243	208	205	226
AT1G12360	1215	1310	1171	997	1074	1060
AT1G12370	170	139	137	127	115	98
AT1G12380	178	208	161	156	154	194
AT1G12390	154	164	138	132	133	105
AT1G12400	91	90	115	82	91	80
AT1G12410	1361	1508	1301	1328	1379	1263
AT1G12411	0	0	0	0	0	0
AT1G12420	208	178	182	144	138	118
AT1G12430	475	544	480	505	544	481
AT1G12440	666	657	648	669	671	595
AT1G12450	137	143	140	119	120	120
AT1G12460	130	150	110	142	145	100
AT1G12470	919	994	876	781	757	773
AT1G12480	96	97	73	64	81	76
AT1G12490	2	3	5	0	1	1
AT1G12500	343	364	325	318	334	326
AT1G12510	0	0	0	0	0	0
AT1G12520	325	295	299	333	313	275
AT1G12530	262	265	251	215	233	234
AT1G12540	0	0	0	0	0	0
AT1G12550	59	85	71	63	50	52
AT1G12560	314	164	195	163	105	112
AT1G12570	31	34	31	38	41	41
AT1G12580	504	738	611	453	529	630
AT1G12590	0	0	0	0	0	0
AT1G12600	5	8	6	7	5	9
AT1G12610	2	2	0	0	0	1
AT1G12615	0	0	0	0	0	0
AT1G12620	91	68	79	84	82	70
AT1G12630	3	0	3	6	5	3
AT1G12640	639	573	501	433	432	453
AT1G12650	366	446	396	348	317	343
AT1G12660	0	0	0	0	0	0
AT1G12663	0	0	0	0	0	0
AT1G12665	0	0	0	0	0	0
AT1G12672	0	0	0	0	0	0
AT1G12680	389	367	335	335	336	268
AT1G12700	61	41	45	70	59	63
AT1G12710	193	216	160	207	226	229
AT1G12730	124	116	109	158	117	145
AT1G12740	200	166	174	228	259	185
AT1G12750	325	333	298	291	292	252
AT1G12760	892	982	829	756	799	787
AT1G12770	704	744	644	796	736	706
AT1G12775	49	62	38	54	50	41
AT1G12780	680	881	851	794	1040	1104
AT1G12790	59	63	68	70	54	66
AT1G12800	2108	2244	1768	2181	1923	1838
AT1G12805	180	360	224	84	169	136
AT1G12810	337	351	307	244	255	294
AT1G12820	477	459	462	458	430	371
AT1G12830	0	0	0	0	0	0
AT1G12840	1446	1408	1173	1166	1120	1192
AT1G12845	131	152	119	258	158	188
AT1G12850	427	429	359	388	369	367
AT1G12855	2	0	2	3	2	1
AT1G12860	359	350	314	458	390	364
AT1G12870	0	0	0	0	0	0
AT1G12880	95	95	88	76	71	71
AT1G12890	2	5	1	0	1	3
AT1G12900	6192	6857	5009	6164	6018	5165
AT1G12910	329	341	328	371	307	312
AT1G12920	1297	1311	1223	1081	1150	1130
AT1G12930	387	421	396	394	385	376
AT1G12940	68	115	202	90	129	75
AT1G12950	328	209	279	183	149	149
AT1G12960	0	0	0	0	0	0
AT1G12970	192	241	231	205	199	223
AT1G12980	0	3	2	2	4	0
AT1G12990	288	342	267	209	273	257
AT1G13000	389	462	436	354	389	374
AT1G13010	0	0	0	0	0	0
AT1G13020	688	633	567	567	525	476
AT1G13030	163	159	177	173	174	158
AT1G13040	95	126	91	105	93	93
AT1G13050	60	84	70	71	67	53
AT1G13060	1608	1665	1438	1527	1526	1503
AT1G13080	444	505	483	144	130	134
AT1G13090	947	1074	858	959	981	916
AT1G13100	186	198	265	149	195	164
AT1G13110	2486	3173	3033	1953	2566	1861
AT1G13120	371	402	391	394	372	344
AT1G13130	25	25	16	36	19	18
AT1G13140	16	17	10	23	19	16
AT1G13143	0	0	0	0	0	0
AT1G13150	29	14	15	24	17	13
AT1G13160	583	550	533	497	548	476
AT1G13170	443	479	484	514	446	417
AT1G13180	173	199	151	181	168	190
AT1G13190	704	869	746	677	722	754
AT1G13195	145	149	150	108	115	117
AT1G13200	1	1	3	0	1	0
AT1G13210	1692	2672	1937	927	1452	1662
AT1G13220	553	508	472	543	478	455
AT1G13230	3	0	0	1	0	1
AT1G13240	0	0	0	0	0	0
AT1G13245	487	540	486	543	604	515
AT1G13250	269	340	274	263	290	304
AT1G13260	1523	2119	1743	1255	1734	1725
AT1G13270	859	892	866	843	830	835
AT1G13280	818	822	669	748	626	788
AT1G13290	0	0	0	1	1	2
AT1G13300	498	484	457	325	355	411
AT1G13310	17	5	10	1	1	4
AT1G13320	980	1034	853	837	864	830
AT1G13330	44	29	29	28	31	28
AT1G13340	268	262	223	114	144	201
AT1G13350	718	788	670	671	665	656
AT1G13360	1113	991	891	648	680	639
AT1G13370	6	1	3	9	2	7
AT1G13380	274	309	234	249	241	262
AT1G13390	426	453	433	292	334	406
AT1G13400	1	2	1	8	3	1
AT1G13410	32	49	38	36	36	27
AT1G13420	258	181	163	177	100	89
AT1G13430	49	44	27	61	26	26
AT1G13440	15538	17514	15130	12484	11900	11478
AT1G13448	8	9	13	14	15	11
AT1G13450	581	601	620	523	507	596
AT1G13460	276	185	235	204	192	184
AT1G13470	372	464	294	69	153	198
AT1G13480	41	77	60	37	88	75
AT1G13485	0	0	0	0	0	0
AT1G13490	1	1	0	0	0	0
AT1G13500	6	2	3	3	3	3
AT1G13510	17	19	22	14	7	6
AT1G13520	196	220	171	77	146	154
AT1G13530	35	34	45	18	17	18
AT1G13540	13	13	22	6	23	17
AT1G13550	5	10	9	5	4	5
AT1G13560	839	788	687	690	641	661
AT1G13570	183	205	194	224	171	186
AT1G13580	97	98	99	84	92	86
AT1G13590	35	24	18	33	28	31
AT1G13600	68	49	42	31	26	34
AT1G13605	0	0	0	0	0	0
AT1G13607	0	0	0	0	0	0
AT1G13608	0	0	0	0	0	1
AT1G13609	0	0	0	1	4	1
AT1G13610	10	28	7	14	12	9
AT1G13620	12	11	7	7	12	7
AT1G13630	68	64	63	70	71	68
AT1G13635	41	35	17	28	13	15
AT1G13640	814	808	821	780	798	668
AT1G13650	34	29	31	89	76	74
AT1G13670	165	193	183	266	232	205
AT1G13680	0	0	1	2	2	0
AT1G13690	199	207	227	230	187	176
AT1G13700	83	86	150	102	172	200
AT1G13710	61	65	66	90	73	64
AT1G13720	0	0	0	0	0	0
AT1G13730	488	423	428	465	418	387
AT1G13740	88	63	44	69	61	43
AT1G13750	836	876	717	379	432	453
AT1G13755	0	0	0	0	0	0
AT1G13760	0	0	0	0	0	0
AT1G13770	183	160	161	151	173	152
AT1G13780	98	96	89	80	91	80
AT1G13790	86	118	111	108	113	126
AT1G13800	26	43	38	25	30	35
AT1G13805	0	0	0	0	0	0
AT1G13810	72	51	68	79	82	59
AT1G13820	475	508	381	486	452	464
AT1G13825	0	1	0	0	0	0
AT1G13830	156	170	142	100	104	91
AT1G13840	0	0	0	0	0	0
AT1G13850	0	0	0	0	0	0
AT1G13860	236	248	213	220	239	240
AT1G13870	197	184	185	174	156	187
AT1G13880	437	480	404	371	369	432
AT1G13890	1	0	0	0	0	2
AT1G13900	323	359	316	299	314	281
AT1G13910	87	82	73	84	71	60
AT1G13920	117	156	123	171	111	123
AT1G13930	12456	13201	10664	13299	11102	9525
AT1G13940	342	343	344	269	303	284
AT1G13950	309	258	288	166	142	144
AT1G13960	488	479	487	362	412	402
AT1G13970	204	137	133	120	105	115
AT1G13980	776	830	719	705	681	654
AT1G13990	1068	1333	907	651	832	855
AT1G14000	1289	1312	1087	859	849	890
AT1G14010	732	783	683	613	636	623
AT1G14020	242	253	207	217	205	184
AT1G14030	292	273	217	373	313	283
AT1G14040	260	259	237	214	230	223
AT1G14048	0	0	0	0	0	0
AT1G14060	228	259	263	245	280	272
AT1G14071	18	20	11	15	25	22
AT1G14080	151	103	126	77	80	91
AT1G14100	0	2	0	2	2	2
AT1G14110	0	0	0	0	0	0
AT1G14120	797	614	595	299	243	469
AT1G14130	297	282	261	131	159	226
AT1G14140	140	143	141	129	138	122
AT1G14150	399	418	290	462	417	348
AT1G14160	73	77	54	55	51	38
AT1G14170	549	436	426	293	316	328
AT1G14180	91	63	74	80	80	83
AT1G14185	20	22	30	14	12	18
AT1G14190	23	23	23	29	28	21
AT1G14200	240	186	144	142	132	99
AT1G14205	35	43	45	37	30	45
AT1G14210	549	512	629	595	588	532
AT1G14220	64	49	52	46	34	19
AT1G14230	365	289	318	306	306	293
AT1G14240	96	99	80	77	84	82
AT1G14250	217	245	40	37	33	175
AT1G14260	15	18	14	15	15	17
AT1G14270	423	458	368	454	412	362
AT1G14280	274	294	269	303	249	241
AT1G14290	426	452	430	446	385	377
AT1G14300	224	267	218	219	235	250
AT1G14310	218	221	172	202	224	178
AT1G14315	0	0	0	0	0	0
AT1G14320	4721	4190	4276	4770	4316	4087
AT1G14330	319	296	278	185	203	271
AT1G14340	173	157	162	167	168	179
AT1G14345	557	559	482	580	524	478
AT1G14350	257	258	223	201	200	194
AT1G14360	690	931	754	602	650	675
AT1G14370	447	628	458	249	409	471
AT1G14380	366	400	400	469	407	372
AT1G14390	63	59	45	47	39	49
AT1G14400	1232	1300	1183	1174	1130	1009
AT1G14410	276	311	240	323	255	243
AT1G14420	0	0	1	0	0	1
AT1G14430	46	41	39	74	64	47
AT1G14440	146	154	129	215	162	150
AT1G14450	17	6	5	8	10	10
AT1G14453	2	3	1	0	0	1
AT1G14455	4	7	6	3	2	0
AT1G14460	336	336	304	345	349	270
AT1G14470	31	35	24	35	39	48
AT1G14480	51	87	57	51	45	62
AT1G14490	17	10	10	8	7	12
AT1G14500	5	4	7	2	0	1
AT1G14510	588	574	596	537	525	493
AT1G14518	0	0	1	0	1	0
AT1G14520	53	59	59	5	3	2
AT1G14530	118	117	100	95	80	93
AT1G14540	188	173	166	179	332	281
AT1G14550	48	25	30	41	67	55
AT1G14560	221	214	198	207	217	170
AT1G14570	749	685	666	660	610	651
AT1G14580	135	149	115	125	115	116
AT1G14590	109	108	78	82	78	83
AT1G14600	82	83	81	95	81	90
AT1G14610	2011	2071	1940	2005	1887	1879
AT1G14620	312	372	307	298	327	304
AT1G14630	27	43	32	43	48	33
AT1G14640	79	82	66	82	78	58
AT1G14642	9	6	7	8	7	5
AT1G14650	1168	1200	1073	1083	1012	1034
AT1G14660	144	180	121	146	138	161
AT1G14670	2048	2081	1825	1821	1646	1556
AT1G14680	28	28	16	11	23	20
AT1G14685	461	495	487	590	476	470
AT1G14686	0	5	1	1	1	0
AT1G14687	21	42	31	35	19	14
AT1G14688	0	0	0	0	0	0
AT1G14690	587	660	635	543	553	532
AT1G14700	154	181	136	286	223	219
AT1G14710	1168	1253	1197	1143	1181	1138
AT1G14720	809	858	758	756	805	726
AT1G14730	201	167	167	150	131	129
AT1G14740	1785	2389	2074	1544	1822	1873
AT1G14750	17	26	20	21	20	27
AT1G14755	0	0	0	0	0	0
AT1G14760	1	4	1	2	2	1
AT1G14770	69	88	73	68	74	70
AT1G14780	136	112	117	87	95	97
AT1G14790	393	454	315	270	321	304
AT1G14800	0	0	0	0	0	0
AT1G14810	875	901	824	753	784	828
AT1G14820	254	228	238	268	206	200
AT1G14830	1484	1370	1322	1211	1265	1158
AT1G14840	307	352	306	439	400	339
AT1G14850	668	717	596	618	609	558
AT1G14860	135	102	131	121	121	118
AT1G14870	1877	1950	1595	1082	1438	1618
AT1G14880	347	401	330	42	205	265
AT1G14890	320	286	282	360	287	257
AT1G14900	531	541	519	561	530	517
AT1G14910	666	759	668	609	615	568
AT1G14920	489	485	414	428	388	410
AT1G14930	1	0	1	0	0	0
AT1G14940	0	0	0	0	0	0
AT1G14950	0	0	0	0	0	0
AT1G14960	331	240	294	331	195	245
AT1G14970	137	139	130	177	142	151
AT1G14980	1308	1402	1234	1168	1213	1223
AT1G14990	146	159	120	139	150	141
AT1G15000	0	0	0	0	0	0
AT1G15002	1	0	1	0	1	1
AT1G15010	26	51	22	27	40	70
AT1G15015	0	0	0	0	0	0
AT1G15020	301	304	311	288	283	254
AT1G15030	579	650	554	478	500	485
AT1G15040	456	498	441	134	167	290
AT1G15050	0	3	2	3	3	5
AT1G15060	375	405	306	340	298	271
AT1G15080	54	58	40	69	65	42
AT1G15085	17	41	25	36	24	25
AT1G15090	0	0	0	0	0	0
AT1G15100	371	346	279	281	169	238
AT1G15110	405	421	381	306	292	363
AT1G15120	1356	1268	1259	1015	1181	1031
AT1G15125	6713	7459	7865	2732	4026	3721
AT1G15130	1282	1299	1156	1186	1202	1193
AT1G15140	851	892	777	764	764	740
AT1G15150	7	11	12	12	10	16
AT1G15160	60	55	44	52	54	37
AT1G15165	85	65	50	73	59	59
AT1G15170	231	257	206	193	192	216
AT1G15175	17	29	15	32	24	32
AT1G15180	250	323	217	380	320	310
AT1G15190	15	22	26	22	24	24
AT1G15200	1148	1212	1155	1225	1149	1088
AT1G15210	872	687	754	558	466	539
AT1G15215	121	155	110	122	118	97
AT1G15220	86	81	75	62	72	65
AT1G15230	325	347	298	301	312	245
AT1G15240	759	816	671	683	680	663
AT1G15250	125	113	102	109	81	104
AT1G15260	172	210	156	239	194	152
AT1G15270	1884	1994	1804	1415	1531	1373
AT1G15280	1160	1137	1105	1090	1036	1003
AT1G15290	1873	2277	1921	1664	1710	1849
AT1G15310	126	162	140	100	97	97
AT1G15320	0	0	0	1	0	0
AT1G15330	2	2	0	1	1	2
AT1G15340	2804	2571	2504	2470	2161	2400
AT1G15350	372	341	308	263	295	273
AT1G15360	0	0	3	1	1	2
AT1G15370	386	416	411	413	371	370
AT1G15380	257	148	167	213	154	153
AT1G15385	16	11	12	8	12	10
AT1G15390	233	245	206	239	227	214
AT1G15400	525	533	555	507	521	447
AT1G15405	0	0	0	0	0	0
AT1G15410	384	385	378	306	321	237
AT1G15415	6	4	2	1	6	3
AT1G15420	289	300	302	275	276	254
AT1G15430	167	187	154	134	138	169
AT1G15440	448	471	416	426	419	381
AT1G15450	0	0	0	0	0	0
AT1G15460	35	24	31	26	18	30
AT1G15470	221	246	210	225	202	196
AT1G15480	164	233	172	212	212	214
AT1G15490	248	211	233	242	208	187
AT1G15500	3575	3487	3237	3519	3145	2759
AT1G15510	140	129	145	182	201	153
AT1G15520	1176	823	395	81	205	239
AT1G15530	247	258	237	223	273	215
AT1G15540	4	2	0	3	2	0
AT1G15550	63	63	70	87	68	87
AT1G15570	244	268	226	256	220	216
AT1G15580	7	1	2	5	3	2
AT1G15590	0	0	0	0	0	0
AT1G15600	1	0	0	0	0	0
AT1G15610	1	0	0	1	0	0
AT1G15620	0	0	0	2	0	0
AT1G15625	9	5	6	4	2	1
AT1G15630	4	6	3	5	6	6
AT1G15640	9	11	6	3	3	3
AT1G15650	0	0	0	0	0	0
AT1G15660	253	267	243	288	248	263
AT1G15670	524	674	759	521	765	706
AT1G15680	0	0	0	0	0	0
AT1G15690	9383	8699	8322	7516	7340	6724
AT1G15700	0	0	0	0	0	0
AT1G15710	230	228	198	249	203	221
AT1G15720	2	3	3	2	5	2
AT1G15730	447	522	471	506	453	468
AT1G15740	1106	1326	1066	1003	1109	1064
AT1G15750	2615	2425	2422	1925	2104	1902
AT1G15757	0	0	0	0	0	0
AT1G15760	10	9	8	15	13	16
AT1G15770	0	2	1	0	0	0
AT1G15772	3	0	2	0	0	1
AT1G15780	1279	1294	1157	1053	1155	1079
AT1G15790	160	220	213	87	154	164
AT1G15800	99	113	109	112	93	94
AT1G15810	524	570	470	520	464	455
AT1G15820	8392	13061	8350	12202	11256	9392
AT1G15825	1	9	3	1	3	7
AT1G15830	52	47	39	63	62	54
AT1G15840	0	0	0	1	0	0
AT1G15850	0	0	0	0	0	0
AT1G15860	437	459	397	346	380	358
AT1G15870	31	49	30	25	40	29
AT1G15880	457	505	401	350	391	314
AT1G15885	47	68	61	50	42	41
AT1G15890	126	208	170	60	107	99
AT1G15900	3	5	12	7	8	5
AT1G15910	371	376	352	395	352	361
AT1G15920	226	234	206	229	222	202
AT1G15930	1413	1405	1300	1328	1216	1151
AT1G15940	668	653	577	583	576	609
AT1G15950	793	772	677	520	546	534
AT1G15960	118	136	148	158	171	169
AT1G15970	189	187	174	171	182	154
AT1G15980	2003	2122	1600	1892	1829	1602
AT1G15990	1	0	0	0	0	1
AT1G16000	186	152	162	225	150	184
AT1G16010	645	605	578	527	509	515
AT1G16020	304	342	294	331	309	286
AT1G16022	0	1	0	0	0	1
AT1G16025	0	1	0	0	0	0
AT1G16030	95	84	95	92	80	96
AT1G16040	156	175	178	162	148	137
AT1G16060	68	57	72	53	70	55
AT1G16070	55	47	41	52	44	57
AT1G16080	812	742	582	651	620	579
AT1G16090	51	66	31	40	34	50
AT1G16100	0	0	0	0	0	0
AT1G16110	228	422	323	164	259	286
AT1G16120	37	19	26	11	10	16
AT1G16130	143	285	191	33	53	82
AT1G16150	15	14	20	4	8	4
AT1G16160	13	13	11	7	8	4
AT1G16170	120	134	128	136	137	134
AT1G16180	1763	1774	1563	1554	1589	1450
AT1G16190	340	364	331	346	309	319
AT1G16210	816	772	751	696	691	677
AT1G16220	64	106	75	103	70	99
AT1G16225	3	1	2	1	3	3
AT1G16230	3	12	3	3	3	4
AT1G16240	987	1087	929	871	959	927
AT1G16250	176	179	187	172	176	198
AT1G16260	514	512	380	218	264	238
AT1G16270	771	751	660	681	640	637
AT1G16280	186	198	175	196	170	145
AT1G16290	1	0	0	0	0	0
AT1G16300	163	155	124	148	144	137
AT1G16310	75	84	70	76	72	60
AT1G16320	727	580	543	512	473	412
AT1G16330	63	61	67	87	63	50
AT1G16340	207	254	216	230	211	229
AT1G16350	1024	934	952	1016	931	931
AT1G16360	14	11	6	6	11	16
AT1G16370	101	61	83	46	48	68
AT1G16380	0	0	0	0	0	0
AT1G16390	224	236	281	217	312	229
AT1G16400	757	715	647	526	479	621
AT1G16410	1810	1759	924	1812	1875	1971
AT1G16420	57	36	31	12	10	7
AT1G16430	41	46	28	35	28	35
AT1G16440	49	30	25	25	11	17
AT1G16445	60	30	40	43	41	36
AT1G16450	0	0	0	0	0	0
AT1G16460	687	757	680	684	701	685
AT1G16470	836	820	780	731	717	742
AT1G16480	36	51	38	41	42	53
AT1G16489	0	0	0	0	0	0
AT1G16490	0	0	0	0	0	0
AT1G16500	93	110	74	66	58	51
AT1G16510	39	57	37	30	49	30
AT1G16515	3	9	6	3	10	7
AT1G16520	266	273	271	279	237	212
AT1G16530	4	6	4	8	16	7
AT1G16540	303	316	246	211	264	229
AT1G16560	726	729	702	611	608	607
AT1G16570	224	259	212	218	202	242
AT1G16590	54	58	52	53	43	49
AT1G16610	659	606	559	597	567	511
AT1G16630	157	100	137	165	118	147
AT1G16635	0	2	2	3	3	4
AT1G16640	18	21	15	24	16	22
AT1G16650	115	117	118	117	120	113
AT1G16670	403	454	427	238	337	357
AT1G16680	370	345	355	320	331	303
AT1G16690	113	103	89	110	98	96
AT1G16700	718	718	627	574	573	582
AT1G16705	3	4	2	2	8	2
AT1G16710	740	741	641	661	620	672
AT1G16720	1484	1381	1210	1236	1033	970
AT1G16730	60	74	37	18	12	24
AT1G16740	364	379	367	353	343	352
AT1G16750	153	166	131	172	157	161
AT1G16760	0	0	0	0	0	0
AT1G16770	4	4	1	6	3	1
AT1G16780	215	228	186	245	244	246
AT1G16790	0	1	0	0	1	0
AT1G16800	272	215	215	221	233	213
AT1G16810	734	757	698	707	636	613
AT1G16820	18	16	10	19	15	17
AT1G16825	33	32	26	45	30	37
AT1G16830	22	31	15	30	29	25
AT1G16840	486	533	472	455	410	436
AT1G16850	74	123	60	50	43	49
AT1G16860	577	621	532	549	555	564
AT1G16870	366	375	372	386	374	336
AT1G16880	3206	2836	2417	2949	2686	2469
AT1G16890	1114	1217	1008	836	881	874
AT1G16900	289	283	231	252	246	267
AT1G16905	20	18	21	11	10	20
AT1G16910	0	2	0	2	1	4
AT1G16916	34	29	22	30	19	23
AT1G16920	381	420	395	416	342	358
AT1G16930	96	97	93	82	76	70
AT1G16940	0	0	0	0	0	0
AT1G16945	0	0	0	0	0	0
AT1G16950	3	1	0	0	0	1
AT1G16960	136	146	97	120	101	122
AT1G16970	279	252	228	241	229	224
AT1G16980	0	0	0	0	0	0
AT1G17000	1	0	0	0	0	1
AT1G17010	0	0	0	0	0	0
AT1G17020	347	328	254	83	78	110
AT1G17030	41	34	37	14	20	14
AT1G17040	133	113	127	127	96	84
AT1G17050	660	539	437	246	242	282
AT1G17060	72	67	55	45	65	65
AT1G17065	0	3	1	5	1	3
AT1G17070	222	190	207	199	197	195
AT1G17080	556	549	522	439	420	425
AT1G17090	68	66	57	41	38	50
AT1G17100	1033	886	754	763	572	556
AT1G17110	1009	1091	936	927	959	886
AT1G17120	239	259	219	251	225	206
AT1G17130	534	558	464	476	442	488
AT1G17140	534	591	555	657	589	585
AT1G17145	266	316	267	292	287	280
AT1G17147	97	189	162	99	100	107
AT1G17150	2	0	0	0	0	0
AT1G17160	313	371	328	353	299	326
AT1G17170	631	564	435	414	465	522
AT1G17180	326	231	252	321	268	234
AT1G17190	334	185	227	224	127	201
AT1G17200	275	268	262	270	268	217
AT1G17210	1371	1522	1226	1130	1054	1099
AT1G17220	4216	3940	3419	4130	3870	3573
AT1G17230	0	0	0	0	0	0
AT1G17232	0	0	0	0	0	0
AT1G17235	4	7	5	5	5	5
AT1G17240	17	33	20	17	13	15
AT1G17250	0	0	0	0	0	0
AT1G17255	14	21	19	9	12	21
AT1G17260	44	35	25	27	30	24
AT1G17270	103	110	109	67	67	96
AT1G17280	566	580	477	476	431	417
AT1G17285	34	23	24	27	25	15
AT1G17290	2533	3138	2642	2145	2533	2539
AT1G17300	11	8	18	15	13	9
AT1G17310	20	29	17	17	10	20
AT1G17330	273	269	271	219	247	240
AT1G17340	678	692	585	472	467	528
AT1G17345	3	7	12	4	11	16
AT1G17350	153	181	150	157	140	152
AT1G17360	828	892	765	459	466	469
AT1G17370	798	813	694	666	620	611
AT1G17380	124	171	129	27	63	203
AT1G17400	17	12	11	16	15	7
AT1G17410	57	66	65	59	58	49
AT1G17420	457	1218	690	119	205	608
AT1G17430	189	173	150	133	117	148
AT1G17440	901	942	847	718	716	803
AT1G17450	378	424	347	340	324	332
AT1G17455	125	135	133	117	110	99
AT1G17460	163	181	154	170	152	146
AT1G17470	1151	1276	1120	1123	1005	1013
AT1G17480	42	65	40	46	68	45
AT1G17490	178	213	179	155	171	154
AT1G17500	890	948	827	690	749	767
AT1G17510	72	64	66	56	62	52
AT1G17520	204	275	235	245	242	233
AT1G17530	429	430	392	388	332	380
AT1G17540	2	1	4	0	0	2
AT1G17545	0	0	0	0	0	0
AT1G17550	763	765	561	542	470	632
AT1G17560	106	106	107	148	123	104
AT1G17570	0	0	0	0	0	0
AT1G17580	769	806	688	662	681	608
AT1G17590	197	207	200	149	175	160
AT1G17600	65	72	43	25	42	52
AT1G17610	1	0	0	1	0	1
AT1G17615	7	5	4	0	0	1
AT1G17620	545	530	514	362	423	462
AT1G17630	60	62	44	54	55	43
AT1G17640	57	89	72	67	76	66
AT1G17650	388	403	339	432	372	355
AT1G17660	0	0	0	0	0	0
AT1G17665	232	205	210	206	241	207
AT1G17670	0	0	0	0	0	0
AT1G17680	500	575	487	459	445	421
AT1G17690	397	420	375	420	392	388
AT1G17700	43	34	33	61	46	45
AT1G17710	4533	4960	3202	597	824	1710
AT1G17720	1120	1117	1008	933	897	969
AT1G17730	377	475	339	351	336	328
AT1G17744	1	1	1	2	0	0
AT1G17745	2002	1849	1239	827	918	1415
AT1G17750	73	67	57	45	46	59
AT1G17760	509	488	479	438	391	454
AT1G17770	0	0	0	0	0	0
AT1G17780	209	215	184	141	132	130
AT1G17790	142	151	106	140	128	129
AT1G17800	0	0	0	0	0	0
AT1G17810	0	0	0	0	0	0
AT1G17820	0	0	0	0	0	0
AT1G17830	171	198	139	82	68	99
AT1G17840	1049	1062	850	991	928	862
AT1G17850	307	315	274	320	324	316
AT1G17860	16	26	19	14	19	26
AT1G17870	25	40	33	32	30	21
AT1G17880	1495	1595	1572	1702	1595	1509
AT1G17890	614	522	541	516	479	445
AT1G17910	0	0	0	0	0	0
AT1G17920	53	56	45	54	55	47
AT1G17930	186	175	173	147	149	165
AT1G17940	246	252	188	220	166	183
AT1G17950	17	20	26	23	21	22
AT1G17960	27	24	30	15	7	19
AT1G17970	168	166	179	177	158	181
AT1G17980	484	638	536	522	560	519
AT1G17990	1	0	1	0	0	0
AT1G18000	1	0	0	0	0	0
AT1G18010	0	0	0	0	0	1
AT1G18020	0	0	0	0	1	0
AT1G18030	150	177	164	130	148	131
AT1G18040	187	194	186	179	193	159
AT1G18050	0	4	2	0	1	1
AT1G18060	502	574	407	455	394	390
AT1G18070	1819	1864	1741	1536	1466	1525
AT1G18075	34	30	23	21	12	24
AT1G18080	3662	3256	3604	3484	3216	2957
AT1G18090	70	67	50	75	66	62
AT1G18100	96	76	109	74	53	60
AT1G18130	0	2	1	0	0	0
AT1G18140	72	48	71	109	57	89
AT1G18150	1012	1046	855	829	775	763
AT1G18160	988	1153	968	975	989	950
AT1G18170	339	372	367	417	357	330
AT1G18180	109	70	63	48	51	58
AT1G18190	424	418	419	364	390	381
AT1G18193	0	0	1	1	0	1
AT1G18197	3	1	5	1	0	1
AT1G18200	50	60	44	35	42	55
AT1G18210	593	673	532	497	570	538
AT1G18220	0	0	0	0	0	0
AT1G18250	227	241	270	292	268	247
AT1G18260	982	1114	883	782	781	799
AT1G18265	21	25	16	54	37	34
AT1G18270	1097	985	901	1001	905	921
AT1G18280	1	1	0	0	0	2
AT1G18290	21	18	24	12	17	17
AT1G18300	243	357	188	120	131	247
AT1G18310	0	0	0	0	0	0
AT1G18320	25	24	29	10	23	21
AT1G18330	104	93	81	84	59	61
AT1G18335	123	112	101	107	84	104
AT1G18340	118	132	106	119	106	96
AT1G18350	15	14	20	4	4	1
AT1G18360	226	258	200	280	252	256
AT1G18370	392	377	333	395	350	355
AT1G18382	0	1	4	0	1	0
AT1G18390	279	364	332	192	266	228
AT1G18400	89	93	82	113	98	94
AT1G18410	51	40	29	18	12	14
AT1G18415	19	19	23	18	19	11
AT1G18420	0	0	0	0	0	0
AT1G18430	0	0	0	0	0	0
AT1G18440	158	157	126	149	146	141
AT1G18450	523	506	452	501	481	534
AT1G18460	601	573	542	438	516	478
AT1G18470	623	627	596	540	538	582
AT1G18480	333	304	307	280	284	277
AT1G18485	205	194	179	231	196	224
AT1G18486	0	0	0	0	0	0
AT1G18490	143	142	122	157	134	120
AT1G18500	1610	1574	1544	1362	1454	1462
AT1G18510	0	0	0	0	0	0
AT1G18520	0	0	0	0	0	0
AT1G18530	0	0	0	0	0	0
AT1G18540	3680	3365	3573	3613	3323	3086
AT1G18550	122	134	145	146	140	152
AT1G18560	95	86	67	74	69	53
AT1G18570	640	1574	926	388	540	764
AT1G18580	303	319	309	274	305	281
AT1G18590	529	632	554	481	607	666
AT1G18600	227	201	196	213	211	207
AT1G18610	155	174	138	135	149	150
AT1G18620	485	623	584	579	649	626
AT1G18630	188	191	165	168	178	161
AT1G18640	282	282	262	276	285	277
AT1G18650	172	193	166	223	215	203
AT1G18660	687	727	631	679	619	551
AT1G18670	224	308	267	261	268	258
AT1G18680	53	71	57	47	59	45
AT1G18690	133	131	143	120	133	123
AT1G18700	521	572	518	493	456	455
AT1G18710	17	21	11	29	31	43
AT1G18720	1405	1447	1233	1221	1278	1370
AT1G18730	640	705	487	578	549	507
AT1G18735	0	0	0	0	0	0
AT1G18740	454	658	416	254	364	559
AT1G18745	33	37	34	38	49	25
AT1G18750	68	71	62	75	63	65
AT1G18760	0	0	0	0	0	0
AT1G18770	0	0	0	0	0	0
AT1G18773	19	36	28	19	22	26
AT1G18780	0	0	0	0	0	0
AT1G18790	0	0	0	0	0	0
AT1G18800	585	574	566	538	481	475
AT1G18810	73	61	52	63	44	52
AT1G18820	0	0	0	0	0	0
AT1G18830	18	34	18	2	0	1
AT1G18835	8	6	3	5	4	5
AT1G18840	409	424	420	459	399	395
AT1G18850	140	155	142	134	154	133
AT1G18860	85	106	88	63	81	96
AT1G18870	79	108	83	85	39	47
AT1G18871	0	0	0	0	0	0
AT1G18879	0	0	0	0	0	0
AT1G18880	364	284	317	276	231	276
AT1G18890	337	437	365	266	364	354
AT1G18900	383	421	329	233	269	321
AT1G18910	363	300	343	283	284	274
AT1G18940	43	35	34	27	29	31
AT1G18950	768	843	699	716	683	707
AT1G18960	1	2	1	2	2	0
AT1G18970	261	183	267	69	102	139
AT1G18975	0	0	0	0	0	0
AT1G18980	12	10	13	3	6	8
AT1G18990	1	3	2	7	10	8
AT1G19000	2773	2799	2508	2392	2455	2303
AT1G19010	113	93	72	102	94	79
AT1G19020	561	835	618	290	404	582
AT1G19025	25	35	27	23	23	32
AT1G19040	0	0	0	0	0	0
AT1G19050	55	57	54	36	48	51
AT1G19060	0	0	0	0	0	0
AT1G19070	11	14	9	5	4	3
AT1G19080	43	53	53	52	57	34
AT1G19086	0	0	0	0	0	0
AT1G19090	0	0	0	0	0	0
AT1G19100	197	180	178	173	147	158
AT1G19110	664	775	648	591	641	621
AT1G19115	2	2	2	3	1	1
AT1G19120	233	226	211	204	221	232
AT1G19130	421	423	421	391	405	434
AT1G19140	382	356	287	311	218	231
AT1G19150	619	568	410	718	630	542
AT1G19160	4	4	2	1	0	3
AT1G19170	187	183	156	151	153	153
AT1G19180	1725	1784	1468	680	688	1527
AT1G19190	32	33	26	29	29	34
AT1G19200	313	387	231	89	98	198
AT1G19210	2	2	5	1	0	3
AT1G19220	311	322	314	318	343	325
AT1G19230	347	283	293	194	245	201
AT1G19240	114	166	124	133	122	110
AT1G19250	309	416	274	68	175	193
AT1G19260	0	0	0	0	0	0
AT1G19270	387	462	377	242	309	393
AT1G19290	190	156	158	157	167	170
AT1G19300	164	249	141	108	135	162
AT1G19310	217	261	198	213	200	227
AT1G19320	1	1	5	9	2	5
AT1G19330	170	280	200	199	237	241
AT1G19340	41	68	45	70	58	50
AT1G19350	2076	2296	1726	2104	1901	1895
AT1G19360	510	584	479	387	443	405
AT1G19370	401	422	373	300	357	336
AT1G19371	0	0	1	0	1	1
AT1G19373	0	0	0	0	1	0
AT1G19376	0	0	0	1	0	3
AT1G19380	145	327	229	162	173	268
AT1G19390	1	0	0	0	0	0
AT1G19394	5	3	18	5	8	11
AT1G19396	13	28	21	10	17	19
AT1G19397	38	35	47	39	39	37
AT1G19400	748	836	741	546	650	593
AT1G19410	0	0	0	0	0	0
AT1G19430	404	376	336	416	374	406
AT1G19440	167	183	187	180	162	134
AT1G19450	530	471	455	419	450	387
AT1G19460	0	0	0	0	0	0
AT1G19464	1	1	2	1	0	0
AT1G19470	1	0	0	0	0	0
AT1G19480	113	100	99	116	103	114
AT1G19485	471	426	400	407	419	381
AT1G19490	49	66	45	32	28	31
AT1G19500	0	1	0	0	0	0
AT1G19510	20	11	18	10	10	17
AT1G19520	500	419	467	457	463	441
AT1G19530	265	610	344	304	519	430
AT1G19540	42	61	52	46	63	67
AT1G19550	0	0	0	0	0	0
AT1G19565	2	5	0	0	1	3
AT1G19570	4777	5392	3725	3570	3369	5004
AT1G19580	464	505	420	379	413	330
AT1G19600	600	688	617	587	650	573
AT1G19610	25	10	39	33	25	48
AT1G19620	0	0	0	0	0	0
AT1G19630	35	21	12	20	12	14
AT1G19640	14	22	9	8	4	14
AT1G19650	349	356	270	240	284	210
AT1G19660	2589	3073	2233	2772	2754	2516
AT1G19670	2088	1581	974	527	603	1447
AT1G19680	412	399	327	270	290	290
AT1G19690	185	191	171	156	161	142
AT1G19700	725	678	611	430	432	444
AT1G19710	207	211	192	189	163	160
AT1G19715	720	746	669	792	675	632
AT1G19720	989	1095	832	933	948	851
AT1G19730	129	126	121	127	88	110
AT1G19740	903	902	782	937	827	802
AT1G19750	13	13	7	17	21	9
AT1G19770	1930	3247	2358	1924	2180	2452
AT1G19780	0	1	3	1	3	1
AT1G19790	17	24	15	19	23	21
AT1G19800	426	427	383	396	392	372
AT1G19830	4	6	4	6	7	6
AT1G19835	1020	1099	1024	991	970	939
AT1G19840	59	61	59	32	36	30
AT1G19850	448	484	381	410	371	389
AT1G19860	223	262	236	209	228	216
AT1G19870	1409	1470	1331	1258	1167	1217
AT1G19880	688	713	701	690	609	674
AT1G19890	0	0	0	0	0	0
AT1G19900	122	60	103	53	30	23
AT1G19910	1646	1645	1563	1483	1345	1262
AT1G19920	1280	1289	1107	1095	942	875
AT1G19930	0	0	0	0	0	0
AT1G19940	21	24	22	19	13	13
AT1G19950	107	107	91	89	89	87
AT1G19960	215	264	186	37	82	80
AT1G19968	1	3	2	0	2	3
AT1G19970	67	104	63	56	74	60
AT1G19980	96	106	88	86	89	85
AT1G19990	128	127	104	127	123	112
AT1G20000	0	0	0	0	0	0
AT1G20010	2532	2872	2866	3593	3214	2684
AT1G20015	0	0	0	0	1	0
AT1G20020	12765	14623	11123	14820	12798	11217
AT1G20030	136	204	137	303	257	259
AT1G20040	0	0	0	0	0	0
AT1G20050	941	909	837	815	809	804
AT1G20060	102	100	92	104	77	87
AT1G20065	15	5	5	7	7	8
AT1G20070	1	1	0	0	0	0
AT1G20080	1	2	0	0	0	3
AT1G20090	591	569	509	519	544	505
AT1G20100	954	955	901	797	783	906
AT1G20110	1277	1335	1232	1054	1192	1085
AT1G20120	21	10	14	6	10	18
AT1G20130	0	2	0	0	0	0
AT1G20132	0	0	0	0	0	0
AT1G20135	0	0	0	0	0	0
AT1G20140	218	197	192	103	123	122
AT1G20150	0	0	0	0	1	0
AT1G20160	357	221	246	215	168	217
AT1G20170	0	0	0	0	0	0
AT1G20180	2	11	7	0	1	1
AT1G20190	126	90	112	140	97	99
AT1G20200	944	956	915	858	832	774
AT1G20210	0	0	0	0	0	0
AT1G20220	1000	868	852	980	846	882
AT1G20225	621	616	584	542	505	512
AT1G20230	42	53	51	66	46	49
AT1G20240	0	0	0	0	0	0
AT1G20250	0	0	0	0	0	0
AT1G20260	3211	3141	2924	2931	2603	2636
AT1G20270	250	279	215	207	246	209
AT1G20280	0	0	0	0	0	0
AT1G20290	0	0	0	0	0	0
AT1G20300	140	166	142	138	128	146
AT1G20310	13	17	8	2	3	8
AT1G20320	0	0	0	0	0	0
AT1G20330	967	948	895	802	864	780
AT1G20340	19943	23700	16766	20397	19641	17897
AT1G20350	22	37	18	0	2	10
AT1G20360	0	0	0	0	0	0
AT1G20370	252	228	235	247	224	228
AT1G20375	0	0	0	1	0	0
AT1G20380	147	145	139	145	131	137
AT1G20400	11	7	3	3	6	4
AT1G20405	0	0	0	0	0	0
AT1G20410	229	243	231	234	216	239
AT1G20420	0	0	0	0	0	0
AT1G20430	271	176	205	231	201	180
AT1G20440	9178	7949	7559	5987	5777	4999
AT1G20450	4097	5857	3932	2693	3631	3804
AT1G20460	184	198	161	139	160	155
AT1G20470	6	4	3	6	7	3
AT1G20480	79	72	69	71	59	64
AT1G20490	137	124	115	94	89	112
AT1G20500	0	0	0	0	0	0
AT1G20510	1251	2487	1636	602	942	1545
AT1G20515	6	5	5	2	7	6
AT1G20520	0	0	0	0	0	0
AT1G20530	14	14	16	16	9	15
AT1G20540	268	282	233	290	228	241
AT1G20550	89	80	100	89	98	71
AT1G20560	622	619	500	589	571	532
AT1G20570	22	22	24	23	15	13
AT1G20575	354	334	347	328	305	305
AT1G20580	674	692	643	648	636	552
AT1G20590	0	0	0	0	0	0
AT1G20600	0	0	0	0	0	1
AT1G20610	151	114	129	160	98	134
AT1G20620	59820	72995	61128	55040	61646	62042
AT1G20630	784	1038	784	886	936	859
AT1G20640	475	486	412	418	415	380
AT1G20650	263	249	213	290	262	263
AT1G20670	367	364	403	391	400	357
AT1G20680	1	0	3	1	0	0
AT1G20683	0	0	0	0	0	0
AT1G20687	0	0	0	0	0	0
AT1G20690	0	0	0	0	0	0
AT1G20691	0	0	1	0	0	0
AT1G20693	4491	5078	4134	3273	3546	3367
AT1G20696	3651	3441	2957	2584	2450	2527
AT1G20700	27	35	29	25	35	25
AT1G20710	0	0	0	0	0	0
AT1G20720	103	92	80	104	85	69
AT1G20730	0	2	0	0	0	0
AT1G20735	10	17	7	0	1	5
AT1G20740	0	0	0	0	0	0
AT1G20750	1	3	0	2	0	0
AT1G20760	915	1063	996	836	898	853
AT1G20770	399	455	390	360	379	358
AT1G20780	443	524	456	338	388	428
AT1G20790	0	0	0	0	0	0
AT1G20795	0	3	0	0	0	0
AT1G20800	0	0	0	0	0	0
AT1G20803	0	0	0	0	0	0
AT1G20810	359	402	315	429	329	298
AT1G20816	62	85	62	73	63	65
AT1G20820	0	0	0	0	0	0
AT1G20823	99	203	115	62	67	92
AT1G20830	222	206	154	227	188	173
AT1G20840	1001	927	996	1029	1060	965
AT1G20850	553	630	580	617	497	449
AT1G20860	109	70	71	10	15	51
AT1G20870	32	24	20	41	17	24
AT1G20875	0	0	0	0	0	0
AT1G20880	265	255	239	123	109	94
AT1G20890	147	139	137	147	124	120
AT1G20900	294	300	280	276	259	220
AT1G20910	211	188	200	201	220	189
AT1G20920	1453	1503	1216	1242	1204	1096
AT1G20923	0	0	0	0	0	0
AT1G20925	0	1	0	0	0	0
AT1G20930	245	219	196	175	156	185
AT1G20940	0	0	0	0	0	0
AT1G20950	878	847	851	837	715	625
AT1G20960	3226	3152	2777	2868	2709	2591
AT1G20970	1597	1572	1483	1317	1432	1470
AT1G20980	1880	2068	1736	1573	1626	1650
AT1G20990	23	18	19	15	12	13
AT1G21000	928	1031	961	492	666	695
AT1G21010	104	123	111	110	114	131
AT1G21050	465	375	380	247	244	258
AT1G21060	184	261	226	187	196	158
AT1G21065	578	593	483	512	508	478
AT1G21070	87	74	88	98	93	82
AT1G21080	876	1051	896	696	779	775
AT1G21090	147	128	129	137	127	104
AT1G21100	526	427	440	362	306	352
AT1G21110	373	460	315	449	446	463
AT1G21120	85	124	64	117	115	95
AT1G21130	5132	8327	6559	4240	5654	5003
AT1G21140	52	37	44	59	49	52
AT1G21150	39	36	18	38	34	41
AT1G21160	587	585	522	552	575	517
AT1G21170	517	455	447	394	402	401
AT1G21190	280	231	244	261	229	251
AT1G21200	165	184	186	166	164	140
AT1G21202	0	0	0	0	0	0
AT1G21210	12	14	12	6	7	7
AT1G21230	2	4	4	0	0	0
AT1G21240	107	252	71	4	76	75
AT1G21245	0	0	0	0	0	0
AT1G21250	3266	4383	2958	544	1361	1617
AT1G21270	1214	1597	1201	511	817	793
AT1G21280	0	0	0	0	0	0
AT1G21310	43279	40461	35047	23042	23535	28010
AT1G21313	0	0	0	0	0	0
AT1G21320	171	210	217	114	127	116
AT1G21323	0	0	0	0	0	0
AT1G21326	40	76	49	35	24	42
AT1G21340	5	2	5	5	2	2
AT1G21350	364	373	317	386	389	348
AT1G21360	44	38	48	39	28	39
AT1G21370	270	303	248	226	256	250
AT1G21380	1036	1114	949	907	959	904
AT1G21390	184	186	178	146	120	143
AT1G21395	1	1	0	0	0	0
AT1G21400	468	531	513	321	472	553
AT1G21410	275	272	229	178	206	210
AT1G21420	0	0	0	0	0	0
AT1G21430	0	0	0	0	0	0
AT1G21440	1070	1020	722	909	927	956
AT1G21450	804	776	718	595	587	659
AT1G21460	462	322	379	317	266	266
AT1G21470	9	6	10	11	5	6
AT1G21475	0	0	0	0	0	0
AT1G21480	162	166	154	158	157	148
AT1G21500	680	866	625	893	910	822
AT1G21510	6	8	7	9	6	10
AT1G21520	227	210	171	94	101	168
AT1G21528	1	2	2	1	0	1
AT1G21529	28	37	23	8	3	21
AT1G21530	5	8	10	8	3	5
AT1G21540	72	68	89	73	90	75
AT1G21550	56	73	58	28	46	70
AT1G21560	378	317	280	357	309	316
AT1G21580	1692	1534	1339	1265	1298	1189
AT1G21590	815	805	663	582	691	601
AT1G21600	1276	1332	1239	1282	1264	1129
AT1G21610	673	697	661	559	631	607
AT1G21620	1	0	0	0	0	0
AT1G21630	1757	1784	1604	1520	1587	1513
AT1G21640	1203	1250	1122	1092	1088	976
AT1G21650	381	367	361	307	289	329
AT1G21651	3	4	2	5	3	3
AT1G21660	851	766	673	623	620	593
AT1G21670	552	715	711	473	639	565
AT1G21680	2409	2832	2453	2409	2511	2327
AT1G21690	304	285	242	317	280	245
AT1G21695	15	7	13	14	9	9
AT1G21700	488	521	499	471	461	408
AT1G21710	186	179	187	192	145	163
AT1G21720	905	920	820	849	820	799
AT1G21722	0	0	0	0	0	0
AT1G21730	397	422	384	427	411	399
AT1G21738	0	0	0	0	0	0
AT1G21740	160	172	145	202	147	141
AT1G21750	3820	4273	3961	3557	3480	3329
AT1G21760	395	460	394	376	380	351
AT1G21770	41	42	37	41	42	48
AT1G21780	543	566	507	489	510	420
AT1G21790	75	83	77	88	78	70
AT1G21800	0	0	0	0	0	0
AT1G21810	52	33	33	44	31	40
AT1G21830	347	330	291	375	363	311
AT1G21835	0	0	0	0	0	0
AT1G21840	53	50	35	43	38	37
AT1G21850	0	1	1	1	0	1
AT1G21860	0	1	0	4	4	5
AT1G21864	0	0	0	0	0	0
AT1G21866	0	0	0	0	0	0
AT1G21870	0	0	0	0	0	0
AT1G21880	222	236	212	250	190	220
AT1G21890	32	15	23	5	4	7
AT1G21900	411	479	402	329	363	324
AT1G21910	188	350	324	209	310	417
AT1G21920	709	490	657	516	617	594
AT1G21925	0	0	0	0	0	0
AT1G21928	0	0	0	0	0	0
AT1G21930	219	219	256	222	197	204
AT1G21940	0	0	0	0	0	1
AT1G21950	0	0	0	0	0	0
AT1G21960	0	0	0	0	0	0
AT1G21970	0	0	0	0	0	0
AT1G21980	607	638	621	591	638	562
AT1G21990	0	0	0	0	0	0
AT1G22000	0	2	0	2	3	0
AT1G22010	0	0	0	0	0	0
AT1G22015	0	0	0	0	0	0
AT1G22020	454	419	412	422	397	400
AT1G22030	115	119	108	74	106	100
AT1G22040	237	264	223	206	205	234
AT1G22050	121	101	128	98	124	136
AT1G22060	1012	1006	896	847	948	865
AT1G22065	129	126	155	96	92	119
AT1G22070	1088	1380	1055	873	891	970
AT1G22080	0	0	0	0	0	0
AT1G22090	0	0	0	0	0	0
AT1G22100	0	0	0	0	0	0
AT1G22110	22	25	13	1	6	13
AT1G22120	0	0	0	0	0	0
AT1G22130	0	0	0	0	0	0
AT1G22140	101	98	98	45	36	47
AT1G22150	81	167	76	10	12	20
AT1G22160	258	339	235	170	157	138
AT1G22170	406	364	322	225	243	267
AT1G22180	348	432	317	184	228	236
AT1G22190	976	1146	924	724	838	1044
AT1G22200	605	590	596	507	496	494
AT1G22210	11	12	9	13	15	6
AT1G22220	302	310	229	113	126	174
AT1G22230	104	101	84	66	62	48
AT1G22240	1	0	0	0	0	1
AT1G22250	7	2	3	8	4	2
AT1G22260	27	32	17	24	19	13
AT1G22270	195	178	189	199	175	160
AT1G22275	27	19	26	19	22	19
AT1G22280	715	866	720	549	658	712
AT1G22290	5	3	1	3	1	4
AT1G22300	3708	3364	3560	3280	3147	2965
AT1G22310	158	144	160	176	162	172
AT1G22320	0	0	0	0	0	0
AT1G22330	174	148	186	180	185	194
AT1G22340	9	12	16	19	13	19
AT1G22360	1059	1081	1102	1060	1339	1409
AT1G22370	130	214	165	242	250	272
AT1G22380	3	8	10	14	7	9
AT1G22400	860	690	579	290	512	688
AT1G22403	81	76	74	51	68	64
AT1G22410	4736	4739	3853	3240	3233	3679
AT1G22420	0	0	0	0	0	0
AT1G22430	788	783	726	991	817	742
AT1G22440	622	440	513	599	580	537
AT1G22450	1057	1094	987	897	853	833
AT1G22460	12	12	13	10	16	14
AT1G22470	17	10	23	30	13	27
AT1G22480	1	1	3	2	0	0
AT1G22490	34	45	42	42	47	62
AT1G22500	118	128	179	174	185	170
AT1G22510	61	116	102	82	107	122
AT1G22520	219	211	226	184	184	173
AT1G22530	1640	1124	1278	807	707	701
AT1G22540	186	195	135	179	170	157
AT1G22550	227	194	186	179	144	192
AT1G22570	156	216	258	195	267	323
AT1G22590	142	114	129	185	148	140
AT1G22600	4	3	2	2	4	3
AT1G22610	0	0	0	0	0	0
AT1G22620	592	540	528	494	484	423
AT1G22630	645	656	594	480	484	423
AT1G22640	296	278	255	307	257	222
AT1G22650	180	319	254	138	166	172
AT1G22660	216	204	198	222	195	213
AT1G22670	0	0	0	0	0	0
AT1G22680	2	4	6	2	2	2
AT1G22690	1289	1427	1069	938	1007	1023
AT1G22700	751	895	778	937	914	700
AT1G22710	1453	1560	1255	1389	1265	1274
AT1G22720	0	0	0	0	1	0
AT1G22730	481	509	416	406	411	434
AT1G22740	143	174	149	191	233	194
AT1G22750	420	432	357	354	341	355
AT1G22760	3	2	1	3	4	2
AT1G22770	1899	2271	1793	1811	1695	1575
AT1G22780	1466	1297	1334	1538	1339	1229
AT1G22790	285	336	321	314	327	256
AT1G22800	0	0	0	0	0	0
AT1G22810	0	0	0	0	0	0
AT1G22830	73	89	60	69	68	72
AT1G22840	1094	1137	1026	934	933	880
AT1G22850	1241	1232	1045	953	881	895
AT1G22860	442	440	373	345	368	351
AT1G22870	346	374	335	274	298	308
AT1G22880	242	261	227	242	207	190
AT1G22882	484	511	500	341	358	416
AT1G22885	126	130	117	121	117	121
AT1G22890	192	342	249	327	329	346
AT1G22900	59	59	65	59	60	67
AT1G22910	346	394	395	390	381	416
AT1G22920	434	452	433	356	390	307
AT1G22930	4308	4277	3747	2349	2652	2940
AT1G22940	214	231	225	219	212	224
AT1G22950	264	298	231	194	234	177
AT1G22960	126	144	105	133	131	135
AT1G22970	139	139	152	137	145	131
AT1G22980	16	17	19	11	13	15
AT1G22985	75	41	52	61	50	34
AT1G22990	204	206	114	16	18	47
AT1G23000	75	76	84	159	102	88
AT1G23010	155	131	113	139	109	88
AT1G23020	780	769	898	806	863	697
AT1G23030	392	429	431	349	396	450
AT1G23037	0	1	0	0	0	0
AT1G23040	269	200	203	143	116	155
AT1G23050	0	0	0	0	0	0
AT1G23052	0	0	0	0	0	0
AT1G23060	82	80	66	53	27	33
AT1G23070	0	0	0	0	2	0
AT1G23080	1840	2027	1578	1834	1513	1412
AT1G23090	642	641	627	419	461	410
AT1G23100	82	76	90	64	71	61
AT1G23110	228	267	178	55	40	105
AT1G23120	132	93	94	53	61	73
AT1G23130	9228	12855	9096	7492	8868	9055
AT1G23140	341	333	246	93	106	160
AT1G23145	0	0	0	0	0	0
AT1G23147	0	0	0	0	0	0
AT1G23150	136	163	143	71	78	84
AT1G23160	3	1	3	3	0	3
AT1G23170	210	194	172	151	147	134
AT1G23180	456	433	357	392	385	418
AT1G23190	1550	1543	1482	1339	1184	1308
AT1G23200	66	93	56	40	32	68
AT1G23201	0	2	0	1	0	0
AT1G23205	69	49	47	48	39	48
AT1G23210	10	8	20	4	4	7
AT1G23220	187	194	152	212	181	169
AT1G23230	728	726	662	646	729	636
AT1G23240	0	0	0	0	0	0
AT1G23250	0	0	0	0	0	0
AT1G23260	481	553	493	446	400	428
AT1G23270	0	0	0	0	0	0
AT1G23280	506	535	488	483	490	511
AT1G23290	0	0	0	0	0	0
AT1G23300	0	0	0	0	0	0
AT1G23310	18175	17833	14255	12065	11167	10195
AT1G23320	0	0	0	0	0	1
AT1G23330	273	279	239	289	236	230
AT1G23340	92	77	74	101	47	54
AT1G23350	2	1	4	1	0	4
AT1G23360	223	178	170	223	187	169
AT1G23380	111	111	87	87	116	111
AT1G23390	2383	2430	2401	2744	2930	2430
AT1G23400	709	845	698	903	790	740
AT1G23410	0	0	0	0	0	0
AT1G23420	0	0	0	0	0	0
AT1G23440	985	945	799	603	744	748
AT1G23450	10	22	15	21	14	12
AT1G23460	138	162	143	153	138	130
AT1G23465	19	21	14	19	16	20
AT1G23480	228	223	238	248	269	315
AT1G23490	2333	2665	2412	2083	2325	2173
AT1G23500	0	0	0	0	0	0
AT1G23510	1	0	2	0	1	1
AT1G23520	0	1	0	2	2	2
AT1G23530	67	68	50	39	28	26
AT1G23540	22	15	22	11	20	9
AT1G23550	89	72	56	21	34	41
AT1G23560	79	72	68	34	24	38
AT1G23570	0	0	0	0	0	0
AT1G23580	0	0	1	1	1	0
AT1G23590	0	0	0	1	0	0
AT1G23600	1	0	0	0	3	1
AT1G23610	1	1	0	0	0	0
AT1G23640	0	0	0	0	0	0
AT1G23645	0	0	0	0	0	0
AT1G23650	0	0	0	0	0	0
AT1G23660	0	0	0	0	0	0
AT1G23670	0	0	0	0	0	0
AT1G23680	0	0	0	0	0	0
AT1G23690	0	0	0	0	0	0
AT1G23700	0	2	1	0	2	3
AT1G23710	498	742	460	300	307	473
AT1G23720	2607	1633	1814	1592	1108	997
AT1G23730	561	370	308	224	193	286
AT1G23740	973	968	675	484	475	428
AT1G23750	177	168	117	128	114	108
AT1G23760	41	13	34	28	26	23
AT1G23770	0	0	2	1	0	0
AT1G23780	491	481	446	403	424	413
AT1G23790	79	60	66	76	64	51
AT1G23800	232	237	269	142	148	151
AT1G23810	0	0	0	1	0	0
AT1G23820	1428	1517	1286	1183	1186	1079
AT1G23830	0	0	0	0	0	0
AT1G23840	56	90	86	33	41	33
AT1G23850	175	156	125	63	63	119
AT1G23860	300	288	305	290	248	269
AT1G23870	830	674	882	763	807	925
AT1G23880	62	80	79	84	75	82
AT1G23890	137	114	102	129	108	115
AT1G23900	979	1041	891	857	842	849
AT1G23910	0	0	0	0	0	0
AT1G23915	0	0	0	0	0	0
AT1G23935	54	52	64	71	66	80
AT1G23950	447	394	326	294	318	314
AT1G23960	564	654	552	503	487	496
AT1G23965	1	2	2	12	5	2
AT1G23970	132	143	102	113	87	82
AT1G23980	34	35	33	46	32	40
AT1G23985	0	0	0	0	0	0
AT1G23995	0	0	0	0	0	0
AT1G24000	0	2	0	0	1	1
AT1G24010	0	4	0	1	0	0
AT1G24020	1151	1406	1011	1192	1023	1130
AT1G24030	37	31	39	39	33	36
AT1G24040	286	298	292	265	291	279
AT1G24050	682	750	676	696	650	658
AT1G24060	0	0	0	0	0	0
AT1G24062	0	0	0	0	0	0
AT1G24068	2	2	2	0	0	0
AT1G24070	78	66	49	59	52	57
AT1G24080	0	0	0	0	0	0
AT1G24090	39	44	34	40	33	34
AT1G24095	55	74	42	46	53	58
AT1G24100	1596	1695	1454	1310	1425	1521
AT1G24110	0	0	0	0	0	0
AT1G24120	383	409	348	378	364	373
AT1G24130	22	23	21	10	5	10
AT1G24140	150	337	125	30	69	95
AT1G24145	181	368	161	64	90	150
AT1G24147	567	809	390	99	184	290
AT1G24148	279	338	260	149	183	208
AT1G24150	354	490	344	269	335	341
AT1G24159	0	0	0	0	0	0
AT1G24160	1157	1426	1416	1205	1381	1431
AT1G24170	644	768	641	416	546	618
AT1G24180	1591	1472	1329	1252	1157	1087
AT1G24190	936	1006	891	766	846	833
AT1G24200	0	0	0	0	0	0
AT1G24210	12	16	13	10	15	7
AT1G24220	0	1	0	0	0	0
AT1G24230	0	0	0	0	0	0
AT1G24240	106	103	100	116	109	111
AT1G24250	0	1	0	0	0	0
AT1G24256	0	1	0	0	0	0
AT1G24260	24	31	28	117	145	120
AT1G24265	45	65	52	58	70	66
AT1G24267	704	831	719	592	601	623
AT1G24270	6	11	7	6	7	14
AT1G24280	333	358	392	304	371	292
AT1G24290	13	35	28	28	27	29
AT1G24300	968	869	863	880	848	800
AT1G24310	303	312	285	294	277	277
AT1G24320	52	39	47	17	26	21
AT1G24330	96	102	58	68	62	86
AT1G24340	369	385	322	320	322	298
AT1G24350	280	274	280	267	274	255
AT1G24360	1593	1677	1395	1494	1374	1322
AT1G24380	0	0	0	1	0	0
AT1G24388	0	0	0	1	0	0
AT1G24390	0	0	0	0	0	0
AT1G24400	151	137	120	130	84	120
AT1G24405	4	14	11	8	9	7
AT1G24420	5	5	5	7	3	2
AT1G24430	63	58	51	66	57	46
AT1G24440	205	192	188	183	191	171
AT1G24450	155	164	149	172	146	151
AT1G24460	1523	1629	1346	1087	1223	1192
AT1G24470	9	23	9	14	15	13
AT1G24475	0	0	0	0	0	0
AT1G24480	6	1	4	3	0	0
AT1G24485	0	1	0	0	0	0
AT1G24490	509	583	452	476	492	468
AT1G24510	2023	2070	2015	2127	1990	1800
AT1G24520	0	1	4	1	1	1
AT1G24530	310	426	470	376	495	419
AT1G24540	0	0	2	1	2	4
AT1G24545	0	1	1	0	0	0
AT1G24560	709	675	597	516	569	566
AT1G24570	4	4	3	0	1	1
AT1G24575	696	637	481	151	209	293
AT1G24577	20	14	13	20	18	17
AT1G24580	5	5	3	1	2	2
AT1G24590	2	0	0	1	0	0
AT1G24600	32	32	16	16	22	18
AT1G24610	335	349	320	376	276	285
AT1G24620	12	13	9	7	18	10
AT1G24625	219	201	162	255	207	191
AT1G24650	0	0	0	0	0	0
AT1G24660	0	0	0	0	0	0
AT1G24706	1116	1191	1041	1033	1006	1049
AT1G24735	27	24	20	24	23	19
AT1G24764	497	497	436	512	473	432
AT1G24793	0	0	0	0	0	0
AT1G24800	0	0	0	1	0	1
AT1G24807	0	0	0	0	0	0
AT1G24822	0	0	0	0	0	0
AT1G24851	0	0	0	0	0	0
AT1G24880	0	0	0	0	0	0
AT1G24881	0	0	0	0	0	0
AT1G24909	0	0	0	0	0	0
AT1G24996	0	0	0	0	0	1
AT1G25025	0	0	0	0	0	0
AT1G25054	0	0	0	0	0	0
AT1G25055	0	0	0	0	0	0
AT1G25083	0	0	0	0	0	0
AT1G25097	0	0	0	0	0	0
AT1G25098	4	6	12	11	5	4
AT1G25112	0	0	0	0	0	0
AT1G25141	0	0	0	0	0	0
AT1G25145	0	0	0	0	0	0
AT1G25150	0	0	0	0	0	0
AT1G25155	0	0	0	0	0	0
AT1G25175	0	0	0	0	0	0
AT1G25180	1	0	0	0	0	1
AT1G25210	0	0	0	0	0	0
AT1G25211	0	0	0	0	0	0
AT1G25220	873	896	721	544	671	641
AT1G25230	253	283	304	421	382	349
AT1G25240	17	7	12	13	4	4
AT1G25250	80	86	56	55	53	53
AT1G25260	671	669	635	658	630	617
AT1G25270	0	0	0	0	0	0
AT1G25275	434	448	413	525	469	471
AT1G25277	32	34	31	35	41	32
AT1G25280	769	827	769	680	674	673
AT1G25290	160	129	127	167	147	148
AT1G25300	0	0	0	0	0	0
AT1G25310	1	2	1	2	2	0
AT1G25320	128	106	116	163	152	126
AT1G25330	0	0	0	0	0	0
AT1G25340	0	0	0	0	0	0
AT1G25350	1329	1344	1306	1229	1246	1141
AT1G25360	50	51	63	44	40	69
AT1G25370	181	229	169	99	127	157
AT1G25375	155	185	162	167	183	167
AT1G25380	542	566	467	471	432	439
AT1G25390	627	875	701	468	650	618
AT1G25400	338	479	355	190	253	347
AT1G25410	0	0	0	0	0	0
AT1G25420	323	321	261	254	286	245
AT1G25422	6	5	9	5	3	13
AT1G25425	22	17	14	23	20	20
AT1G25440	1878	1959	1708	2163	1847	1741
AT1G25450	531	618	583	502	616	574
AT1G25460	15	14	16	9	16	14
AT1G25470	117	100	94	119	102	120
AT1G25480	178	213	177	229	236	179
AT1G25490	1619	1641	1452	1436	1491	1384
AT1G25500	123	136	88	86	71	120
AT1G25510	112	127	123	100	92	111
AT1G25520	260	279	283	232	250	226
AT1G25530	136	104	130	170	195	172
AT1G25540	743	813	787	676	692	678
AT1G25550	1345	1583	1359	1010	1249	1346
AT1G25560	1635	1577	1353	1430	1450	1403
AT1G25570	516	543	551	566	559	534
AT1G25580	264	309	255	224	238	240
AT1G25682	384	366	341	248	322	308
AT1G25988	0	0	0	0	0	0
AT1G26090	178	210	165	205	174	183
AT1G26100	70	73	50	69	58	57
AT1G26110	3128	3219	2897	2906	2798	2737
AT1G26120	308	413	298	312	339	304
AT1G26130	385	419	314	303	325	324
AT1G26140	0	0	0	1	0	0
AT1G26150	1392	1677	1374	1700	1507	1493
AT1G26160	268	270	278	314	271	237
AT1G26170	521	482	484	464	447	464
AT1G26180	231	231	188	260	209	180
AT1G26190	221	219	183	219	228	204
AT1G26200	22	25	34	15	20	24
AT1G26208	21	34	22	48	27	23
AT1G26210	0	0	0	0	0	0
AT1G26218	18	9	12	21	16	12
AT1G26220	0	0	0	0	0	0
AT1G26225	0	0	0	0	0	0
AT1G26230	357	351	299	393	352	316
AT1G26233	0	1	3	3	3	3
AT1G26235	0	0	0	0	0	0
AT1G26240	17	29	11	5	6	25
AT1G26250	13	13	11	3	5	5
AT1G26255	0	1	0	0	0	0
AT1G26260	126	139	141	118	106	99
AT1G26270	1295	1501	1378	1191	1325	1217
AT1G26290	0	0	0	0	0	0
AT1G26300	231	241	220	204	183	195
AT1G26310	3	3	3	3	5	5
AT1G26320	0	0	0	0	0	0
AT1G26330	67	63	53	59	48	50
AT1G26340	226	241	222	186	230	193
AT1G26350	0	0	0	0	0	0
AT1G26355	0	0	0	0	0	0
AT1G26360	58	29	21	23	11	9
AT1G26370	351	362	315	308	267	252
AT1G26380	413	478	300	206	355	356
AT1G26390	459	603	325	148	272	393
AT1G26400	1	4	0	1	0	1
AT1G26410	78	137	85	93	145	102
AT1G26420	159	336	192	155	221	236
AT1G26430	0	0	0	0	0	0
AT1G26440	603	626	550	439	455	472
AT1G26450	91	113	99	111	95	83
AT1G26460	695	723	690	791	720	686
AT1G26470	112	102	90	78	67	89
AT1G26480	0	0	0	1	0	0
AT1G26490	0	0	0	0	0	0
AT1G26500	8	16	12	10	13	14
AT1G26510	0	1	1	0	0	0
AT1G26515	0	0	0	0	0	0
AT1G26520	106	104	93	105	98	101
AT1G26530	12	6	9	8	13	10
AT1G26540	33	25	36	20	26	22
AT1G26550	1589	1570	1436	1289	1374	1309
AT1G26558	1	0	1	0	1	4
AT1G26560	170	155	120	129	134	113
AT1G26570	79	109	96	129	139	124
AT1G26580	1703	1603	1533	1663	1585	1485
AT1G26590	8	7	2	4	3	8
AT1G26600	33	36	25	26	30	21
AT1G26610	6	7	2	6	5	11
AT1G26620	243	298	276	262	297	251
AT1G26630	4968	4699	4758	4353	4332	3988
AT1G26640	473	465	413	312	389	353
AT1G26650	257	208	195	232	238	209
AT1G26660	103	111	89	89	78	92
AT1G26665	584	612	515	533	460	487
AT1G26670	824	872	742	656	663	692
AT1G26680	16	9	15	17	14	11
AT1G26690	313	383	314	267	304	296
AT1G26700	24	12	10	7	7	4
AT1G26710	0	0	0	0	0	0
AT1G26720	1	0	1	2	2	0
AT1G26730	81	118	67	53	65	83
AT1G26740	257	262	229	229	233	199
AT1G26750	251	265	241	273	221	236
AT1G26760	57	53	46	63	53	42
AT1G26761	177	209	191	255	236	183
AT1G26762	1	3	2	2	2	7
AT1G26770	187	225	141	181	120	182
AT1G26773	0	0	0	0	0	0
AT1G26780	10	9	1	8	13	6
AT1G26790	3	2	0	1	1	2
AT1G26795	0	0	0	0	0	0
AT1G26796	0	0	0	0	0	0
AT1G26797	0	0	0	0	0	0
AT1G26798	0	0	0	0	0	0
AT1G26799	0	0	0	0	0	0
AT1G26800	244	303	199	123	126	119
AT1G26810	84	97	86	102	88	92
AT1G26815	0	0	0	0	0	0
AT1G26820	166	166	128	117	113	100
AT1G26830	1419	1437	1339	1157	1228	1302
AT1G26840	66	44	40	67	44	45
AT1G26850	3006	3140	2882	3031	3056	2741
AT1G26870	9	3	3	11	7	10
AT1G26880	1215	1059	1126	1166	995	1036
AT1G26890	8	9	2	6	3	6
AT1G26900	111	101	84	88	74	101
AT1G26910	171	120	168	194	141	156
AT1G26920	358	410	347	404	399	445
AT1G26921	0	0	0	0	0	0
AT1G26930	361	315	337	299	320	347
AT1G26940	120	127	132	97	116	100
AT1G26945	73	101	92	148	135	105
AT1G26960	120	129	120	45	40	30
AT1G26970	67	40	57	36	13	22
AT1G26973	0	0	0	0	0	0
AT1G26975	0	0	0	0	0	0
AT1G26976	0	0	0	1	0	2
AT1G26985	0	0	0	0	0	0
AT1G27000	1064	1065	888	756	786	818
AT1G27008	0	0	0	0	2	0
AT1G27020	3370	3589	5656	5089	6640	4669
AT1G27030	1164	1220	1193	1436	1382	1473
AT1G27040	2	3	1	1	5	8
AT1G27045	3	1	4	9	9	16
AT1G27050	69	59	53	67	57	60
AT1G27060	60	58	46	57	53	68
AT1G27070	188	179	160	198	121	176
AT1G27080	0	0	0	1	1	0
AT1G27090	1542	1731	1688	1700	1730	1600
AT1G27100	1191	1772	1240	848	1092	1359
AT1G27110	51	47	53	42	39	42
AT1G27120	122	162	108	142	141	127
AT1G27130	928	1243	1146	677	793	772
AT1G27135	0	0	0	0	0	0
AT1G27140	165	81	82	62	50	43
AT1G27150	564	577	479	593	513	517
AT1G27160	0	0	0	0	0	0
AT1G27170	116	91	90	87	76	98
AT1G27180	147	145	153	117	104	121
AT1G27190	526	592	514	516	515	516
AT1G27200	474	473	377	292	369	344
AT1G27210	691	798	756	847	871	812
AT1G27220	0	0	0	0	0	0
AT1G27240	1	0	0	0	1	1
AT1G27250	0	0	0	0	0	0
AT1G27260	0	0	0	0	0	0
AT1G27270	0	0	0	0	0	0
AT1G27280	0	0	0	0	0	0
AT1G27290	862	1011	1033	965	1006	1163
AT1G27300	291	270	315	278	299	303
AT1G27310	841	879	904	884	814	857
AT1G27320	2215	2299	2067	1825	1937	1882
AT1G27330	772	988	870	617	747	717
AT1G27340	615	650	639	611	586	553
AT1G27350	833	1040	901	669	771	729
AT1G27360	155	138	122	112	93	77
AT1G27370	199	179	165	164	136	128
AT1G27380	27	20	18	14	10	11
AT1G27385	399	402	348	401	387	362
AT1G27390	451	510	462	410	445	408
AT1G27400	2394	2437	2414	2639	2384	2223
AT1G27410	88	97	72	79	93	76
AT1G27420	64	63	66	69	60	51
AT1G27430	965	981	881	878	915	844
AT1G27435	238	246	204	232	231	220
AT1G27440	141	156	137	155	117	143
AT1G27450	1981	2106	1978	1976	1792	1822
AT1G27460	232	287	240	282	289	292
AT1G27461	0	0	0	0	0	1
AT1G27470	433	455	445	405	426	467
AT1G27480	442	490	364	528	418	387
AT1G27490	0	0	0	0	0	0
AT1G27500	171	173	147	134	126	132
AT1G27510	909	869	790	928	811	786
AT1G27520	662	721	645	629	596	587
AT1G27530	1012	1094	928	750	801	841
AT1G27535	0	0	0	0	0	0
AT1G27540	90	98	83	107	86	80
AT1G27550	0	0	0	0	0	0
AT1G27555	0	0	0	0	0	0
AT1G27565	0	0	0	0	0	1
AT1G27570	0	0	0	0	0	0
AT1G27580	0	1	4	0	0	0
AT1G27595	716	694	592	624	580	539
AT1G27600	499	514	491	459	485	457
AT1G27610	2	1	2	1	1	0
AT1G27620	54	52	43	46	53	37
AT1G27630	570	667	537	661	551	580
AT1G27640	0	2	1	2	0	1
AT1G27650	900	908	900	814	759	712
AT1G27660	98	111	84	99	94	99
AT1G27670	38	42	31	40	27	36
AT1G27680	326	321	313	369	359	349
AT1G27690	142	146	163	157	170	135
AT1G27695	38	31	29	31	32	35
AT1G27700	163	154	147	139	137	127
AT1G27710	0	0	0	0	0	0
AT1G27720	38	39	36	27	40	42
AT1G27730	1201	1689	1009	477	423	891
AT1G27740	76	44	67	60	50	39
AT1G27750	498	513	475	441	430	437
AT1G27752	670	710	607	551	534	542
AT1G27760	2109	2038	1699	1182	1097	1199
AT1G27770	980	2461	1383	849	1408	1790
AT1G27820	0	0	1	0	1	0
AT1G27840	405	400	322	344	345	298
AT1G27850	634	699	574	584	593	594
AT1G27860	1	0	1	1	4	0
AT1G27870	0	0	0	0	0	0
AT1G27880	88	74	55	58	68	57
AT1G27890	3	3	2	0	2	0
AT1G27900	363	432	331	366	342	328
AT1G27910	300	286	235	238	245	223
AT1G27920	5	8	7	4	2	9
AT1G27921	52	61	69	63	67	52
AT1G27930	507	579	550	451	507	502
AT1G27940	33	19	29	27	27	18
AT1G27950	1005	1248	1094	1194	1161	1117
AT1G27960	160	158	131	138	132	112
AT1G27970	1026	1035	1001	859	864	856
AT1G27980	584	579	626	473	586	592
AT1G27990	0	0	0	0	0	0
AT1G28000	1	0	1	0	0	0
AT1G28005	0	0	0	0	0	0
AT1G28010	236	270	280	194	212	176
AT1G28020	0	0	0	0	0	0
AT1G28030	1	0	0	0	0	0
AT1G28040	1	1	0	0	0	0
AT1G28050	607	715	666	674	621	665
AT1G28060	678	714	681	696	730	656
AT1G28070	60	57	53	69	50	53
AT1G28080	9	7	9	12	5	9
AT1G28090	352	416	338	322	270	335
AT1G28100	181	173	158	161	185	152
AT1G28110	221	230	219	235	265	207
AT1G28120	548	650	564	571	538	511
AT1G28130	755	803	760	490	511	548
AT1G28135	0	0	0	0	0	0
AT1G28140	960	1028	827	877	832	756
AT1G28150	282	333	267	333	270	290
AT1G28160	1	0	1	0	0	3
AT1G28170	8	5	6	4	3	0
AT1G28180	1	1	1	0	0	0
AT1G28190	576	691	513	270	344	438
AT1G28200	478	522	528	467	473	485
AT1G28210	116	133	110	90	115	129
AT1G28220	0	0	0	1	0	0
AT1G28230	212	306	153	98	99	129
AT1G28240	764	857	732	665	651	697
AT1G28250	185	172	164	131	133	158
AT1G28260	413	442	426	310	379	390
AT1G28265	0	0	0	0	0	0
AT1G28270	0	0	0	0	0	0
AT1G28280	932	1103	981	704	777	864
AT1G28290	2353	2185	2378	2969	2425	2326
AT1G28300	1	2	1	2	0	0
AT1G28305	0	0	0	0	0	0
AT1G28306	0	0	0	0	0	0
AT1G28310	153	136	139	130	152	132
AT1G28320	699	791	779	682	689	689
AT1G28327	0	0	1	0	0	0
AT1G28330	2077	2276	2349	2831	2601	2823
AT1G28335	0	0	0	0	0	0
AT1G28340	881	1027	847	846	864	806
AT1G28350	680	699	680	706	673	634
AT1G28360	11	19	15	18	14	19
AT1G28370	190	504	294	85	89	197
AT1G28375	0	0	0	0	0	0
AT1G28380	838	1299	925	607	850	1005
AT1G28390	96	111	99	119	98	123
AT1G28395	126	114	111	117	99	92
AT1G28400	1723	2073	1884	2170	1871	1804
AT1G28410	226	244	220	212	223	210
AT1G28420	1318	1314	1166	960	1024	1074
AT1G28430	0	0	3	1	2	1
AT1G28440	1042	1045	1045	1094	1078	867
AT1G28450	0	0	0	0	0	0
AT1G28460	0	0	0	0	1	0
AT1G28470	78	46	87	62	56	51
AT1G28480	290	299	261	20	41	153
AT1G28490	398	415	381	386	365	372
AT1G28500	0	0	0	0	0	0
AT1G28510	297	273	302	243	290	262
AT1G28520	784	872	752	711	621	776
AT1G28530	131	129	106	128	142	127
AT1G28540	115	120	106	137	122	121
AT1G28550	0	0	0	0	1	0
AT1G28560	73	67	47	56	51	44
AT1G28570	228	197	168	160	152	158
AT1G28580	1483	1511	1406	1158	1313	1435
AT1G28590	10	5	14	15	9	12
AT1G28600	1102	1465	986	532	679	892
AT1G28610	320	387	260	216	232	236
AT1G28630	1	0	0	0	0	0
AT1G28640	0	0	0	0	0	0
AT1G28650	0	0	0	0	0	0
AT1G28660	490	440	582	426	431	400
AT1G28670	640	569	599	540	598	528
AT1G28680	74	62	58	65	69	70
AT1G28685	1	1	1	0	1	1
AT1G28690	23	26	20	30	18	35
AT1G28695	0	0	0	0	0	0
AT1G28700	0	0	0	0	0	0
AT1G28710	194	171	165	194	160	153
AT1G28715	71	78	61	49	62	68
AT1G28720	0	0	0	0	0	0
AT1G28730	0	0	0	0	1	1
AT1G28740	0	0	0	0	0	2
AT1G28750	0	0	0	0	0	0
AT1G28760	65	92	93	57	58	70
AT1G28765	21	26	15	27	12	16
AT1G28770	1	0	0	0	0	0
AT1G28780	0	0	0	0	0	0
AT1G28790	0	0	1	0	0	0
AT1G28800	0	0	0	0	0	0
AT1G28810	2	0	0	1	0	0
AT1G28815	1	0	0	0	0	0
AT1G28820	1	1	6	1	0	3
AT1G28830	1	2	0	3	0	0
AT1G28840	1	3	1	2	1	1
AT1G28850	0	3	0	0	2	0
AT1G28860	0	0	0	1	1	0
AT1G28870	0	0	1	0	0	0
AT1G28880	0	0	0	0	0	0
AT1G28890	3	2	2	3	4	1
AT1G28900	0	0	0	0	0	0
AT1G28910	0	0	0	0	0	0
AT1G28920	3	2	1	0	1	1
AT1G28930	4	5	3	3	0	2
AT1G28940	4	5	4	4	1	1
AT1G28950	0	1	1	1	0	1
AT1G28960	462	515	462	401	421	414
AT1G28970	2	2	6	1	0	0
AT1G28980	2	1	1	3	1	0
AT1G28990	2	6	3	0	0	1
AT1G29000	24	24	24	21	20	18
AT1G29005	0	0	0	0	0	0
AT1G29010	0	0	0	0	0	0
AT1G29020	31	41	37	16	32	22
AT1G29025	197	124	192	64	50	73
AT1G29030	214	243	290	230	229	202
AT1G29040	266	293	269	252	241	279
AT1G29041	0	0	0	0	0	0
AT1G29050	425	389	386	278	337	332
AT1G29060	156	168	147	89	133	116
AT1G29070	1487	1459	1241	1732	1442	1360
AT1G29071	0	0	0	0	1	0
AT1G29080	0	0	0	0	0	0
AT1G29090	3	2	3	0	0	1
AT1G29100	3	5	1	0	0	2
AT1G29110	2	2	1	15	11	11
AT1G29120	560	611	501	611	523	514
AT1G29140	0	0	1	1	0	1
AT1G29150	1576	1590	1441	1392	1406	1260
AT1G29160	96	97	101	68	81	79
AT1G29170	338	345	330	308	387	342
AT1G29179	5	9	9	6	6	3
AT1G29180	4	3	3	1	1	0
AT1G29195	30	24	32	31	27	31
AT1G29200	16	10	14	25	9	14
AT1G29210	0	0	0	0	0	0
AT1G29220	356	347	317	352	292	281
AT1G29230	14	7	12	14	3	6
AT1G29240	144	139	114	102	116	118
AT1G29250	264	228	243	252	242	215
AT1G29260	344	298	278	277	277	256
AT1G29265	0	1	0	0	1	0
AT1G29270	72	68	59	58	39	64
AT1G29280	607	635	667	451	558	518
AT1G29290	47	31	23	16	14	41
AT1G29300	170	134	123	93	86	110
AT1G29310	688	668	661	566	545	552
AT1G29320	228	236	257	280	251	249
AT1G29330	352	320	249	193	228	263
AT1G29340	932	1194	940	749	949	958
AT1G29350	179	165	177	148	144	121
AT1G29355	0	0	0	0	0	0
AT1G29357	163	162	116	115	130	107
AT1G29370	171	173	152	181	158	166
AT1G29380	45	63	43	60	48	57
AT1G29390	520	729	551	569	559	521
AT1G29395	538	1078	639	336	320	345
AT1G29400	2405	2452	2131	1752	1872	1729
AT1G29410	61	88	69	84	81	88
AT1G29418	51	35	45	60	39	48
AT1G29420	0	0	0	1	1	0
AT1G29430	28	39	24	25	30	19
AT1G29435	0	0	0	0	0	0
AT1G29440	7	12	9	12	8	7
AT1G29450	20	31	18	28	32	23
AT1G29460	9	12	8	19	18	8
AT1G29465	30	26	31	32	36	30
AT1G29470	3126	3372	3236	3026	3076	2793
AT1G29480	0	0	0	0	0	0
AT1G29490	0	0	2	1	0	0
AT1G29500	41	53	58	81	58	42
AT1G29510	9	9	8	13	17	13
AT1G29520	151	177	125	170	127	119
AT1G29530	246	256	221	261	225	215
AT1G29535	5	8	11	5	4	11
AT1G29540	0	0	0	0	0	0
AT1G29550	139	172	121	131	125	139
AT1G29560	97	106	81	112	80	79
AT1G29570	0	0	0	0	0	0
AT1G29580	0	0	0	0	0	0
AT1G29590	24	20	25	30	34	32
AT1G29600	26	15	24	10	6	7
AT1G29620	0	0	0	0	0	0
AT1G29630	149	167	157	159	151	149
AT1G29640	79	53	46	28	34	43
AT1G29660	597	845	664	278	404	295
AT1G29670	1342	2025	1714	2058	2149	1999
AT1G29680	1	0	0	0	0	2
AT1G29690	535	910	561	366	536	686
AT1G29700	408	447	325	430	325	311
AT1G29710	61	79	59	72	61	62
AT1G29720	248	252	176	104	129	126
AT1G29730	54	44	36	44	38	45
AT1G29740	10	10	16	6	8	9
AT1G29750	370	383	298	352	345	359
AT1G29760	342	362	359	239	264	283
AT1G29770	13	18	17	14	16	23
AT1G29775	0	2	0	1	2	0
AT1G29780	0	0	0	0	0	0
AT1G29785	139	133	117	122	129	110
AT1G29790	363	375	359	360	350	323
AT1G29800	192	190	174	136	171	161
AT1G29810	121	154	136	125	148	110
AT1G29820	246	230	257	229	224	213
AT1G29830	8	12	12	8	13	5
AT1G29840	75	85	79	70	74	67
AT1G29850	1017	1128	978	911	858	940
AT1G29860	24	27	36	28	55	40
AT1G29870	0	0	0	0	0	0
AT1G29880	1487	1534	1372	1451	1405	1346
AT1G29890	395	379	389	383	343	319
AT1G29900	1822	1833	1767	1903	1889	1730
AT1G29910	12073	20567	12913	17679	17817	15670
AT1G29920	5194	10059	5747	9244	10038	9484
AT1G29930	56397	82383	57626	79027	67629	62466
AT1G29940	794	798	751	745	768	716
AT1G29950	681	730	619	707	667	670
AT1G29960	69	51	45	45	49	30
AT1G29962	0	2	0	0	0	1
AT1G29965	0	8	4	7	4	1
AT1G29970	339	336	302	245	278	276
AT1G29980	177	214	192	223	203	217
AT1G29990	332	331	296	313	295	287
AT1G30000	488	518	444	401	414	389
AT1G30010	95	108	104	101	95	89
AT1G30020	0	0	0	0	0	0
AT1G30040	128	116	91	40	69	66
AT1G30050	12	9	11	5	4	5
AT1G30060	0	0	0	0	0	0
AT1G30070	150	164	184	131	168	144
AT1G30080	55	77	61	62	60	63
AT1G30090	301	310	283	276	284	277
AT1G30100	4	6	2	5	0	0
AT1G30110	150	236	253	172	189	171
AT1G30120	1188	1168	1058	1182	950	958
AT1G30130	388	351	343	329	311	317
AT1G30135	49	23	33	3	8	38
AT1G30140	2	1	2	1	1	1
AT1G30160	7	10	14	9	18	17
AT1G30170	0	0	0	0	0	0
AT1G30190	11	10	2	2	2	9
AT1G30200	449	489	511	456	453	454
AT1G30210	467	498	445	490	520	442
AT1G30220	54	65	51	27	28	31
AT1G30230	4361	4487	4159	3982	4105	3633
AT1G30240	184	179	164	158	189	194
AT1G30250	22	16	12	6	3	3
AT1G30260	96	106	71	46	45	61
AT1G30270	1344	1360	1317	1190	1266	1278
AT1G30280	37	33	29	27	18	17
AT1G30282	0	0	0	0	0	0
AT1G30290	119	118	104	110	74	86
AT1G30300	223	254	177	179	169	183
AT1G30320	389	413	329	318	303	355
AT1G30330	1021	1023	882	1177	1024	967
AT1G30350	0	0	0	0	0	0
AT1G30360	4375	4577	3859	4006	3799	3428
AT1G30370	53	45	38	23	19	24
AT1G30380	7359	10435	7263	9938	9262	7969
AT1G30400	4566	4186	3332	2654	2712	3127
AT1G30410	832	886	788	629	808	735
AT1G30420	577	508	438	431	458	433
AT1G30430	0	0	0	0	0	0
AT1G30440	655	588	638	624	637	561
AT1G30450	754	786	660	605	597	572
AT1G30455	1	0	0	0	0	0
AT1G30460	342	356	281	316	305	328
AT1G30470	878	910	789	847	805	762
AT1G30473	0	0	0	0	0	0
AT1G30475	48	44	47	47	32	38
AT1G30480	216	260	229	244	229	237
AT1G30490	544	516	424	500	462	471
AT1G30500	259	335	222	178	162	228
AT1G30510	1075	1009	942	874	830	744
AT1G30515	14	20	11	23	25	17
AT1G30520	274	284	220	348	305	266
AT1G30530	618	629	568	438	384	401
AT1G30540	207	208	197	190	194	160
AT1G30545	62	75	63	60	52	56
AT1G30550	67	68	46	41	37	38
AT1G30560	86	105	71	4	14	26
AT1G30570	225	217	206	285	274	250
AT1G30580	2577	2678	2621	2600	2464	2421
AT1G30590	786	759	694	712	687	620
AT1G30600	256	294	209	348	251	260
AT1G30610	395	387	336	379	402	344
AT1G30620	247	280	204	197	203	237
AT1G30630	1433	1398	1413	1357	1281	1229
AT1G30640	375	351	305	232	271	280
AT1G30650	262	186	206	197	158	191
AT1G30660	11	6	8	6	3	3
AT1G30670	0	0	0	0	0	0
AT1G30680	549	551	501	498	498	536
AT1G30690	676	646	695	723	603	618
AT1G30700	716	699	673	351	524	688
AT1G30710	0	0	1	0	0	0
AT1G30720	63	158	185	163	195	213
AT1G30730	54	93	117	120	155	138
AT1G30740	0	0	4	0	0	3
AT1G30750	200	225	200	161	151	118
AT1G30755	303	474	354	219	261	291
AT1G30757	0	0	0	0	0	0
AT1G30760	106	57	77	67	85	81
AT1G30780	0	0	0	0	0	1
AT1G30790	0	0	0	0	0	0
AT1G30795	0	0	0	0	0	0
AT1G30800	0	0	0	0	0	0
AT1G30810	408	554	394	365	452	447
AT1G30814	0	0	1	0	0	0
AT1G30820	608	599	654	775	838	890
AT1G30825	180	185	166	178	171	175
AT1G30830	0	0	0	0	0	0
AT1G30840	135	141	130	118	107	86
AT1G30845	31	37	26	36	30	31
AT1G30850	25	10	20	17	13	9
AT1G30860	27	18	18	20	13	9
AT1G30870	890	551	612	422	306	293
AT1G30880	311	305	278	307	303	260
AT1G30890	259	201	220	193	211	193
AT1G30900	416	366	373	189	256	242
AT1G30910	312	321	288	286	293	241
AT1G30920	0	0	0	0	0	0
AT1G30925	0	0	0	0	0	0
AT1G30930	0	0	0	0	0	0
AT1G30950	1	2	1	0	3	0
AT1G30960	90	85	81	91	80	77
AT1G30970	740	736	669	794	684	729
AT1G30972	0	0	0	0	0	0
AT1G30974	0	0	0	0	0	0
AT1G30990	23	8	13	6	12	11
AT1G31000	0	0	0	0	0	0
AT1G31010	58	76	73	71	95	74
AT1G31020	82	81	91	78	78	63
AT1G31040	17	30	22	33	40	31
AT1G31050	143	87	128	114	98	96
AT1G31070	547	519	512	510	468	441
AT1G31080	0	0	0	0	0	0
AT1G31090	0	0	0	0	0	0
AT1G31095	0	0	0	0	0	0
AT1G31110	0	0	0	0	0	0
AT1G31120	509	442	385	378	344	412
AT1G31130	1381	1800	1487	1108	1454	1484
AT1G31140	0	0	0	0	0	0
AT1G31150	156	187	160	184	162	158
AT1G31160	166	208	167	204	209	202
AT1G31163	0	0	0	0	0	0
AT1G31170	271	281	227	244	238	220
AT1G31173	4	8	5	22	7	15
AT1G31175	120	110	83	109	86	83
AT1G31180	497	478	481	575	499	498
AT1G31190	366	384	302	353	359	292
AT1G31200	13	10	10	14	22	15
AT1G31220	160	136	128	111	84	97
AT1G31230	1249	1364	1148	1418	1343	1336
AT1G31240	6	3	2	11	7	12
AT1G31243	0	0	0	0	0	0
AT1G31250	1	0	0	0	0	0
AT1G31255	0	0	0	0	0	0
AT1G31258	32	25	24	38	22	36
AT1G31260	0	0	0	0	0	0
AT1G31270	0	0	0	0	0	0
AT1G31280	398	405	359	307	350	317
AT1G31290	27	63	30	27	29	32
AT1G31300	389	404	341	304	279	300
AT1G31310	21	24	27	57	32	62
AT1G31320	44	94	43	65	76	58
AT1G31330	17370	23032	17153	25942	21904	20736
AT1G31335	34	47	39	51	30	35
AT1G31340	715	832	730	691	682	665
AT1G31350	154	144	137	101	99	109
AT1G31358	0	0	0	0	0	0
AT1G31360	260	255	219	220	219	175
AT1G31370	0	0	0	0	0	0
AT1G31380	0	0	0	0	0	0
AT1G31390	0	0	0	0	0	0
AT1G31400	2	0	0	0	0	0
AT1G31410	283	339	276	253	308	244
AT1G31420	1640	1595	1407	1335	1449	1283
AT1G31430	24	22	32	15	30	20
AT1G31440	677	576	519	482	465	481
AT1G31450	0	0	0	0	0	0
AT1G31460	70	61	58	53	47	46
AT1G31470	104	124	93	99	96	75
AT1G31480	408	433	376	280	265	285
AT1G31485	0	0	0	0	0	0
AT1G31490	0	3	0	0	1	6
AT1G31500	291	308	247	253	243	219
AT1G31510	0	0	0	0	0	0
AT1G31520	0	0	0	0	0	0
AT1G31530	0	0	0	0	0	0
AT1G31540	1208	1676	1077	412	700	790
AT1G31550	253	279	165	79	126	153
AT1G31555	0	0	0	0	0	0
AT1G31580	14507	14047	10315	2869	4266	4897
AT1G31600	496	498	416	464	429	408
AT1G31620	0	0	0	0	0	0
AT1G31630	0	0	0	0	0	0
AT1G31640	0	0	0	0	0	0
AT1G31650	409	400	402	402	375	418
AT1G31660	483	551	472	461	506	478
AT1G31670	0	0	0	0	0	0
AT1G31690	89	160	93	161	140	104
AT1G31710	1125	855	937	724	591	939
AT1G31720	11	11	10	13	8	6
AT1G31730	1405	1485	1295	1359	1256	1272
AT1G31740	0	0	0	0	0	1
AT1G31750	33	28	20	20	14	14
AT1G31760	10	18	14	14	16	10
AT1G31770	450	424	458	434	423	468
AT1G31772	6	1	5	2	3	4
AT1G31780	725	731	657	709	639	576
AT1G31790	51	55	45	59	39	49
AT1G31800	1009	1130	799	1124	1104	963
AT1G31810	429	411	366	405	363	354
AT1G31812	2909	3140	2905	3019	2734	2314
AT1G31814	113	97	99	98	89	68
AT1G31817	393	359	362	377	346	355
AT1G31820	122	141	115	68	117	111
AT1G31830	342	327	295	292	270	244
AT1G31835	17	15	12	16	19	25
AT1G31840	23	21	15	18	15	22
AT1G31850	1085	1150	1060	1306	1094	1112
AT1G31860	307	303	311	329	341	305
AT1G31870	390	397	351	345	318	332
AT1G31880	24	27	30	40	19	16
AT1G31885	26	30	27	30	36	25
AT1G31910	2614	2658	2329	2239	2184	2057
AT1G31920	0	0	0	0	0	0
AT1G31930	830	895	742	731	807	764
AT1G31935	111	88	92	106	95	72
AT1G31940	150	129	130	115	105	111
AT1G31950	202	137	169	173	129	106
AT1G31960	0	0	0	0	0	0
AT1G31970	1128	1108	1093	1116	1065	1086
AT1G31990	0	1	1	0	0	2
AT1G32000	0	0	0	0	0	0
AT1G32010	0	0	0	0	0	0
AT1G32020	0	0	0	0	0	0
AT1G32030	0	0	0	0	0	0
AT1G32050	1047	1018	925	973	935	916
AT1G32060	12686	12470	10027	11219	10089	8798
AT1G32070	786	799	723	758	727	730
AT1G32080	2346	2242	1687	2207	2093	1644
AT1G32090	685	603	612	601	554	584
AT1G32100	191	157	147	183	147	152
AT1G32120	86	90	62	113	96	76
AT1G32127	98	91	78	70	72	74
AT1G32130	1418	1568	1437	1168	1174	1227
AT1G32140	0	0	0	0	0	0
AT1G32150	200	229	209	201	211	221
AT1G32160	738	728	659	702	663	593
AT1G32170	371	330	349	281	318	301
AT1G32172	5	5	3	10	3	3
AT1G32180	2	0	1	2	1	0
AT1G32190	173	164	202	176	175	168
AT1G32200	707	717	594	693	617	632
AT1G32210	289	279	251	235	224	263
AT1G32220	475	471	366	421	445	372
AT1G32225	0	0	0	0	0	0
AT1G32230	5485	5786	4844	4181	4334	4328
AT1G32240	160	128	121	113	117	112
AT1G32250	0	0	0	0	0	0
AT1G32260	155	159	143	140	130	135
AT1G32270	0	0	0	0	4	0
AT1G32280	0	0	0	0	0	1
AT1G32300	0	0	0	0	0	0
AT1G32310	35	33	36	43	34	31
AT1G32320	0	1	1	0	0	0
AT1G32330	300	284	237	236	227	216
AT1G32337	0	0	0	0	0	0
AT1G32340	373	375	345	280	280	281
AT1G32350	252	371	136	13	48	138
AT1G32360	475	549	423	386	436	468
AT1G32361	0	0	0	0	0	0
AT1G32370	87	93	78	90	82	92
AT1G32375	1	0	0	2	1	1
AT1G32380	210	203	172	166	162	153
AT1G32385	1	0	0	2	0	1
AT1G32400	1046	1040	933	919	967	880
AT1G32410	282	289	239	235	255	229
AT1G32415	44	47	38	44	48	32
AT1G32420	0	0	0	0	0	0
AT1G32430	0	0	0	0	0	0
AT1G32440	582	628	556	596	584	525
AT1G32450	1518	2646	1832	1507	1717	1491
AT1G32460	19	24	26	15	14	14
AT1G32470	3490	3675	2932	3383	3293	2811
AT1G32480	0	0	0	0	0	0
AT1G32490	1010	1048	923	895	903	874
AT1G32500	823	857	803	840	813	739
AT1G32510	0	0	4	3	1	2
AT1G32520	152	193	120	108	84	87
AT1G32530	647	713	603	504	545	526
AT1G32540	150	160	111	130	111	164
AT1G32550	310	444	304	401	365	376
AT1G32560	1	2	2	1	2	0
AT1G32570	5	3	3	3	2	5
AT1G32575	0	0	1	2	0	0
AT1G32580	659	665	632	629	662	647
AT1G32582	6	0	1	0	1	1
AT1G32583	37	24	20	22	15	18
AT1G32585	0	0	0	0	0	0
AT1G32600	0	0	0	0	0	0
AT1G32610	20	26	33	34	23	35
AT1G32620	0	0	0	0	0	0
AT1G32630	75	72	60	61	57	64
AT1G32640	0	0	0	0	0	0
AT1G32650	0	0	0	0	0	0
AT1G32660	0	1	0	0	0	0
AT1G32690	106	91	91	50	62	68
AT1G32700	1156	1261	1190	804	962	888
AT1G32710	1	0	0	0	0	0
AT1G32713	0	0	0	0	0	0
AT1G32720	0	0	1	0	0	0
AT1G32730	69	66	67	49	64	45
AT1G32740	53	48	39	36	32	36
AT1G32750	1260	1331	1121	1118	1075	1132
AT1G32760	48	50	53	59	63	37
AT1G32763	1	0	1	0	0	0
AT1G32770	0	0	0	0	0	0
AT1G32780	35	45	29	56	55	50
AT1G32790	1372	1471	1251	1145	1221	1261
AT1G32810	544	577	506	449	452	451
AT1G32850	1	0	2	2	3	0
AT1G32860	94	132	110	86	119	94
AT1G32870	363	508	301	243	296	279
AT1G32880	4	2	1	0	3	3
AT1G32900	407	847	431	186	260	404
AT1G32910	0	1	3	0	0	2
AT1G32920	1130	1863	1039	751	779	1154
AT1G32928	67	109	84	73	61	75
AT1G32930	112	117	114	110	117	123
AT1G32940	617	707	454	244	329	408
AT1G32950	22	24	31	16	27	14
AT1G32960	116	130	52	5	17	34
AT1G32970	19	7	12	10	10	14
AT1G32975	0	0	0	0	0	0
AT1G32980	0	0	0	0	0	0
AT1G32990	2220	2471	2101	2483	2299	2023
AT1G32992	0	0	0	0	0	0
AT1G33010	0	0	0	0	0	0
AT1G33020	0	0	0	0	0	0
AT1G33030	91	84	55	11	36	34
AT1G33040	581	550	507	660	596	570
AT1G33050	835	883	793	687	723	730
AT1G33055	65	202	165	76	157	162
AT1G33060	188	230	191	203	219	181
AT1G33070	0	0	0	0	0	0
AT1G33080	97	120	105	98	114	112
AT1G33090	52	34	36	27	21	28
AT1G33100	5	0	9	13	6	12
AT1G33102	10	21	24	12	13	15
AT1G33110	982	1053	726	390	401	543
AT1G33120	302	278	279	352	316	328
AT1G33140	502	419	456	510	464	409
AT1G33170	656	739	571	662	563	503
AT1G33220	0	0	0	0	0	0
AT1G33230	484	489	496	433	398	415
AT1G33240	1015	989	1008	995	843	961
AT1G33250	297	302	275	286	220	252
AT1G33260	121	103	90	69	66	69
AT1G33265	218	245	198	213	206	230
AT1G33270	331	345	312	296	312	282
AT1G33280	43	24	25	29	30	33
AT1G33290	473	495	431	478	495	440
AT1G33320	3	2	2	5	5	4
AT1G33330	155	130	129	141	132	138
AT1G33340	42	38	29	29	16	28
AT1G33350	65	44	42	67	46	49
AT1G33355	0	0	0	0	0	0
AT1G33360	546	482	468	465	434	448
AT1G33370	0	0	0	0	0	0
AT1G33390	317	277	287	246	348	268
AT1G33400	242	232	207	206	200	200
AT1G33410	694	824	672	720	776	692
AT1G33415	99	73	50	71	57	51
AT1G33420	0	0	0	0	0	0
AT1G33430	0	0	0	0	0	0
AT1G33440	17	28	18	37	20	24
AT1G33470	892	858	742	860	699	677
AT1G33475	35	34	29	27	18	23
AT1G33480	63	69	55	83	73	54
AT1G33490	277	268	229	249	219	246
AT1G33500	13	14	8	8	8	9
AT1G33520	676	763	707	680	631	597
AT1G33530	0	0	0	0	0	0
AT1G33540	7	6	10	3	1	0
AT1G33560	344	463	344	279	354	337
AT1G33590	2395	3385	2669	2592	2562	2617
AT1G33600	1102	1547	1098	931	1069	1161
AT1G33607	0	0	0	0	0	0
AT1G33610	133	220	176	100	116	163
AT1G33612	22	24	21	27	31	16
AT1G33615	58	91	63	81	69	72
AT1G33640	0	0	0	0	0	0
AT1G33670	4	3	5	4	1	3
AT1G33680	1102	1185	1109	1090	1014	937
AT1G33700	648	356	413	319	234	243
AT1G33710	0	0	0	0	0	0
AT1G33720	81	109	46	21	38	81
AT1G33730	4	2	2	0	1	8
AT1G33750	203	185	183	189	122	153
AT1G33760	13	61	22	10	20	46
AT1G33770	9	14	6	0	2	1
AT1G33780	301	357	300	290	278	261
AT1G33790	154	146	186	222	220	196
AT1G33800	583	389	458	370	319	254
AT1G33810	362	360	294	352	346	293
AT1G33811	632	889	660	703	728	674
AT1G33820	0	0	0	0	0	0
AT1G33830	0	0	0	0	0	0
AT1G33840	0	3	3	0	1	1
AT1G33850	0	0	0	0	0	0
AT1G33860	0	0	0	0	0	0
AT1G33870	3	2	3	2	2	0
AT1G33880	3	1	1	2	0	1
AT1G33890	6	4	10	7	3	3
AT1G33900	0	0	0	0	0	1
AT1G33910	0	1	0	1	0	2
AT1G33920	0	0	0	0	0	0
AT1G33930	34	27	27	45	40	44
AT1G33940	0	0	0	0	0	0
AT1G33945	0	0	0	0	0	0
AT1G33950	5	5	2	0	1	4
AT1G33960	92	152	80	8	36	94
AT1G33970	813	1068	839	334	340	395
AT1G33980	715	764	714	648	662	671
AT1G33990	703	788	679	685	755	744
AT1G34000	1272	1167	1064	1130	1002	925
AT1G34010	142	123	153	132	141	112
AT1G34015	0	0	0	0	0	0
AT1G34020	166	185	162	193	158	154
AT1G34030	1059	902	1021	941	946	853
AT1G34040	122	143	136	95	91	79
AT1G34042	0	0	0	0	0	0
AT1G34046	0	0	0	0	0	0
AT1G34047	6	1	2	1	1	0
AT1G34049	0	0	0	0	0	0
AT1G34050	4	1	2	5	5	3
AT1G34060	189	178	191	80	100	121
AT1G34065	79	74	76	90	90	59
AT1G34070	0	0	0	0	0	0
AT1G34095	0	0	0	0	0	0
AT1G34110	341	315	303	309	304	245
AT1G34120	154	131	134	133	138	131
AT1G34130	787	786	682	669	617	601
AT1G34140	1	0	2	1	0	0
AT1G34150	244	222	210	175	187	164
AT1G34160	93	91	90	81	90	79
AT1G34170	0	0	0	0	0	0
AT1G34180	80	73	70	24	50	50
AT1G34190	1044	1077	893	800	930	831
AT1G34200	223	191	177	204	192	165
AT1G34210	455	458	363	407	356	356
AT1G34220	612	661	552	564	569	532
AT1G34245	46	34	45	75	41	50
AT1G34260	441	549	418	385	404	486
AT1G34270	130	132	114	131	138	137
AT1G34290	0	0	0	0	0	0
AT1G34300	443	477	478	357	411	379
AT1G34310	0	0	0	0	0	0
AT1G34315	137	118	154	151	147	137
AT1G34317	37	23	22	22	35	30
AT1G34320	916	1032	959	909	927	913
AT1G34340	395	483	438	407	393	415
AT1G34350	140	138	118	137	122	125
AT1G34355	145	151	138	142	112	134
AT1G34360	212	221	214	204	200	173
AT1G34370	1290	1546	1379	1171	1320	1290
AT1G34380	94	99	91	91	90	82
AT1G34390	0	0	0	0	0	0
AT1G34392	0	0	0	0	0	0
AT1G34400	0	0	0	0	0	0
AT1G34403	0	0	0	0	0	0
AT1G34410	0	0	0	0	0	0
AT1G34418	184	167	173	167	160	153
AT1G34420	208	240	161	90	117	132
AT1G34430	1027	927	910	1120	912	838
AT1G34440	0	0	0	0	0	0
AT1G34460	25	12	38	7	10	4
AT1G34470	172	151	130	135	126	111
AT1G34480	1	7	4	2	1	5
AT1G34490	1	0	2	0	1	0
AT1G34500	2	0	1	0	0	0
AT1G34510	316	110	175	90	62	54
AT1G34520	16	7	13	4	2	3
AT1G34540	22	7	23	11	6	5
AT1G34550	563	587	527	490	512	483
AT1G34560	0	0	0	0	0	0
AT1G34570	167	164	133	149	141	134
AT1G34575	0	0	0	0	0	0
AT1G34580	2	11	4	7	4	4
AT1G34630	187	212	161	159	133	170
AT1G34640	54	63	48	66	37	49
AT1G34650	0	0	0	1	0	0
AT1G34670	72	114	83	114	100	67
AT1G34750	338	351	351	189	247	252
AT1G34760	111	64	84	101	64	66
AT1G34770	58	55	44	56	38	43
AT1G34780	324	305	277	283	263	257
AT1G34790	0	0	0	0	0	1
AT1G34792	0	0	0	0	0	0
AT1G34795	0	0	0	0	0	0
AT1G34800	0	0	0	0	0	0
AT1G34805	0	0	0	0	0	0
AT1G34807	0	0	0	0	0	0
AT1G34810	0	0	0	0	0	0
AT1G34812	0	0	0	0	0	0
AT1G34815	0	0	0	0	0	0
AT1G34817	0	0	0	0	0	0
AT1G34820	0	0	0	0	0	0
AT1G34822	0	0	0	0	0	0
AT1G34825	0	0	0	0	0	0
AT1G34827	0	0	0	0	0	0
AT1G34830	0	0	0	0	0	0
AT1G34840	0	0	0	0	0	0
AT1G34844	73	74	75	72	94	69
AT1G34850	0	0	0	0	0	0
AT1G34855	0	0	0	0	0	0
AT1G34860	0	0	0	0	0	0
AT1G34910	0	0	0	0	0	0
AT1G34930	0	0	0	0	0	0
AT1G35030	0	0	0	0	0	0
AT1G35035	0	0	0	0	0	0
AT1G35040	0	0	0	0	0	0
AT1G35140	261	397	238	57	105	248
AT1G35150	0	0	0	0	0	0
AT1G35160	1382	1274	1205	1197	1032	981
AT1G35170	0	0	0	0	0	1
AT1G35180	27	32	30	28	23	26
AT1G35181	0	0	0	0	0	0
AT1G35183	1	1	1	5	4	6
AT1G35190	601	575	490	449	479	481
AT1G35210	75	125	60	35	35	58
AT1G35215	0	0	0	0	0	0
AT1G35220	610	616	565	547	492	517
AT1G35230	33	48	23	20	27	39
AT1G35240	7	4	9	9	5	10
AT1G35242	2	1	3	1	1	0
AT1G35250	124	113	121	101	87	98
AT1G35255	9	9	7	11	7	9
AT1G35260	314	325	308	248	212	291
AT1G35290	6	4	11	14	14	15
AT1G35310	14	9	17	17	21	15
AT1G35320	285	328	320	289	316	257
AT1G35330	54	39	42	33	22	18
AT1G35340	679	744	639	706	684	634
AT1G35350	311	426	346	126	260	244
AT1G35353	0	0	0	0	0	0
AT1G35365	0	0	0	0	0	0
AT1G35375	0	0	0	0	0	0
AT1G35400	0	0	0	0	0	0
AT1G35410	0	0	0	0	0	0
AT1G35420	689	708	590	746	604	613
AT1G35430	63	69	62	56	59	78
AT1G35435	0	0	0	0	0	0
AT1G35440	0	0	0	0	0	0
AT1G35460	170	162	104	145	121	151
AT1G35467	0	0	0	0	0	0
AT1G35470	261	352	288	257	292	269
AT1G35490	0	0	0	0	0	0
AT1G35500	0	0	0	0	0	0
AT1G35501	0	0	0	0	0	0
AT1G35510	381	406	348	324	309	271
AT1G35515	33	32	30	24	23	12
AT1G35516	469	495	436	382	368	363
AT1G35520	0	0	0	0	0	0
AT1G35530	71	56	51	64	38	61
AT1G35537	0	0	0	0	0	0
AT1G35540	0	0	0	0	0	0
AT1G35545	0	0	0	0	0	0
AT1G35550	0	0	0	0	0	0
AT1G35560	148	162	124	96	104	113
AT1G35580	1458	1305	1350	1284	1272	1290
AT1G35610	3	1	8	5	2	5
AT1G35614	0	0	0	0	0	0
AT1G35617	0	0	0	0	0	0
AT1G35620	599	533	574	528	520	542
AT1G35625	0	1	2	2	0	1
AT1G35630	0	0	0	0	0	1
AT1G35660	296	392	296	281	307	270
AT1G35670	539	451	516	391	396	377
AT1G35680	3089	3037	2622	3195	2728	2708
AT1G35710	1976	2911	1325	336	696	1164
AT1G35720	19662	18847	15459	8254	7920	10089
AT1G35730	2	2	2	1	1	2
AT1G35750	0	0	0	0	0	0
AT1G35780	341	311	278	331	298	278
AT1G35820	0	0	0	0	0	0
AT1G35830	34	35	51	58	40	29
AT1G35850	0	0	0	0	0	0
AT1G35860	0	0	0	0	0	0
AT1G35880	0	1	3	0	0	1
AT1G35890	0	0	0	0	0	0
AT1G35895	0	0	0	0	0	0
AT1G35910	99	87	72	55	87	103
AT1G36000	0	0	0	0	0	0
AT1G36005	0	0	0	0	0	0
AT1G36020	1	0	0	0	0	0
AT1G36030	0	0	0	0	0	0
AT1G36050	732	671	706	593	599	624
AT1G36060	360	330	396	317	340	290
AT1G36070	324	317	332	308	296	263
AT1G36078	0	0	0	0	0	0
AT1G36085	0	0	0	0	0	0
AT1G36095	0	0	0	0	0	0
AT1G36100	0	0	0	0	0	0
AT1G36150	0	0	0	0	0	0
AT1G36160	3553	2998	2774	3068	2813	2635
AT1G36180	175	242	165	179	163	160
AT1G36230	0	0	0	0	0	0
AT1G36240	0	0	0	0	0	0
AT1G36272	0	0	0	0	0	0
AT1G36280	235	179	161	246	212	196
AT1G36310	323	326	312	349	359	319
AT1G36320	1020	1061	840	1048	1073	939
AT1G36325	0	0	0	1	0	0
AT1G36340	0	1	0	0	0	0
AT1G36350	0	0	0	0	0	0
AT1G36370	1791	1896	1707	1459	1606	1907
AT1G36380	85	64	67	84	47	64
AT1G36390	446	435	418	448	429	426
AT1G36510	0	0	0	0	0	0
AT1G36580	2	2	2	4	0	5
AT1G36622	256	395	253	73	156	187
AT1G36623	0	0	0	0	0	0
AT1G36627	0	0	0	0	0	0
AT1G36640	6	17	9	4	15	10
AT1G36675	2	6	3	1	3	4
AT1G36730	2475	2397	2144	2140	2120	2050
AT1G36745	0	0	0	0	0	0
AT1G36756	0	0	0	0	0	0
AT1G36920	3	0	0	0	0	1
AT1G36922	1	0	0	0	0	0
AT1G36925	0	0	0	0	0	0
AT1G36940	53	53	63	74	82	58
AT1G36942	0	0	0	0	0	0
AT1G36950	0	0	0	0	1	0
AT1G36960	0	0	0	0	0	0
AT1G36970	0	0	0	0	0	0
AT1G36980	732	711	590	598	537	603
AT1G36990	340	339	284	282	267	265
AT1G36992	0	0	0	0	0	0
AT1G37000	1	0	0	0	0	0
AT1G37010	0	0	0	0	0	0
AT1G37020	0	0	0	0	0	0
AT1G37113	0	1	0	0	0	0
AT1G37130	20623	24805	20200	10778	13756	14146
AT1G37140	0	0	0	0	0	1
AT1G37150	13	19	17	14	14	13
AT1G38065	0	1	0	0	0	0
AT1G38131	70	77	71	54	55	59
AT1G38790	0	0	0	0	0	0
AT1G39060	0	0	0	0	0	0
AT1G39070	0	0	0	0	0	0
AT1G40083	0	0	0	0	0	0
AT1G40086	0	0	0	0	0	0
AT1G40087	0	1	0	0	1	0
AT1G40090	0	0	0	0	0	0
AT1G40104	0	0	0	0	0	0
AT1G40129	0	0	0	0	0	0
AT1G40390	0	0	0	0	0	0
AT1G41820	0	0	0	0	0	0
AT1G41830	1356	1387	1272	1199	1007	977
AT1G41880	2540	2337	2759	2590	2572	2258
AT1G41920	0	0	0	0	0	0
AT1G42080	0	0	0	0	0	0
AT1G42120	0	0	0	0	0	0
AT1G42190	0	0	0	0	0	0
AT1G42430	316	333	336	342	298	297
AT1G42440	774	711	742	715	710	721
AT1G42470	456	517	411	491	471	474
AT1G42480	304	324	283	308	272	257
AT1G42525	0	0	0	0	0	0
AT1G42540	495	493	417	341	362	388
AT1G42550	1415	1635	1363	1045	941	903
AT1G42560	0	0	0	0	1	2
AT1G42615	0	0	0	0	0	0
AT1G42680	0	0	0	0	0	0
AT1G42700	0	0	0	0	0	0
AT1G42710	0	0	0	0	0	0
AT1G42960	1487	1641	1433	1540	1497	1396
AT1G42970	15338	14828	11029	11957	11265	9623
AT1G42980	1	9	8	1	5	3
AT1G42990	636	1172	664	352	488	634
AT1G43000	4	7	2	1	0	3
AT1G43005	1	1	0	0	1	0
AT1G43010	5	7	3	5	4	4
AT1G43020	52	29	31	32	21	20
AT1G43040	1	3	0	3	3	2
AT1G43080	0	0	0	0	0	0
AT1G43090	0	0	0	0	0	0
AT1G43100	0	0	0	0	0	0
AT1G43130	399	399	374	357	326	343
AT1G43140	22	16	18	16	8	17
AT1G43145	0	0	0	0	0	0
AT1G43160	373	166	178	124	122	123
AT1G43170	6931	6054	6520	7162	6509	6040
AT1G43171	0	0	0	0	0	0
AT1G43190	782	810	751	790	770	720
AT1G43245	93	94	96	70	77	77
AT1G43260	0	0	1	1	0	0
AT1G43310	0	0	0	0	0	0
AT1G43320	0	0	0	0	0	0
AT1G43330	0	0	0	0	0	0
AT1G43415	0	0	0	0	0	0
AT1G43560	603	539	484	594	510	563
AT1G43580	389	429	362	383	383	400
AT1G43600	0	0	0	0	0	0
AT1G43605	3	3	5	0	0	1
AT1G43610	0	0	0	0	0	0
AT1G43620	405	470	388	406	403	339
AT1G43630	0	0	0	0	0	0
AT1G43640	1	4	2	4	1	5
AT1G43650	49	29	53	58	50	43
AT1G43665	0	0	0	0	0	0
AT1G43666	0	0	0	0	0	0
AT1G43667	0	0	0	0	0	0
AT1G43670	2902	3034	2332	2822	2652	2433
AT1G43680	0	0	0	0	0	0
AT1G43690	828	772	749	747	730	609
AT1G43700	707	681	590	607	589	582
AT1G43710	1192	1283	1165	1287	1334	1078
AT1G43720	0	0	0	0	0	0
AT1G43722	0	0	0	0	0	0
AT1G43730	0	0	0	0	0	0
AT1G43760	0	0	0	0	0	0
AT1G43765	12	9	17	11	14	8
AT1G43770	82	89	85	70	85	70
AT1G43780	0	0	0	0	0	0
AT1G43790	116	114	95	96	82	79
AT1G43800	1312	2667	1601	796	1327	1129
AT1G43810	1	2	1	0	2	0
AT1G43815	0	0	0	0	0	0
AT1G43820	0	0	0	0	0	0
AT1G43825	0	0	0	0	0	0
AT1G43850	687	769	617	593	635	569
AT1G43860	281	250	256	240	242	242
AT1G43890	764	809	707	665	682	680
AT1G43900	489	522	451	404	410	372
AT1G43910	463	450	293	127	242	258
AT1G43950	0	0	0	0	0	0
AT1G43970	0	0	0	0	0	0
AT1G43980	19	26	32	19	23	21
AT1G44000	795	707	581	495	478	457
AT1G44010	0	0	0	0	1	1
AT1G44020	0	2	3	1	2	1
AT1G44030	0	1	1	0	3	2
AT1G44050	26	21	23	3	8	7
AT1G44080	0	0	0	0	0	0
AT1G44085	0	0	0	0	0	0
AT1G44090	1	0	1	0	0	0
AT1G44100	589	726	491	427	475	537
AT1G44110	109	84	87	117	97	96
AT1G44120	0	0	0	0	0	1
AT1G44125	1	1	0	0	0	0
AT1G44130	75	85	52	27	65	83
AT1G44160	49	57	71	54	70	62
AT1G44170	758	651	644	610	706	587
AT1G44180	33	18	18	20	29	23
AT1G44191	0	0	0	0	0	0
AT1G44224	0	0	0	0	0	0
AT1G44318	3	0	0	2	0	1
AT1G44350	299	299	200	84	115	265
AT1G44414	1	1	2	1	2	2
AT1G44446	918	1271	930	716	925	847
AT1G44478	0	0	0	1	0	0
AT1G44542	4	1	2	3	4	3
AT1G44575	9567	9773	6952	7868	6686	6362
AT1G44608	52	51	49	43	39	25
AT1G44740	20	25	20	34	24	24
AT1G44750	348	348	302	297	272	282
AT1G44760	271	287	229	260	249	276
AT1G44770	584	562	554	528	485	457
AT1G44780	128	133	129	141	144	127
AT1G44790	269	256	218	193	194	231
AT1G44800	998	820	660	471	447	523
AT1G44810	440	497	466	493	472	429
AT1G44820	522	558	456	417	434	384
AT1G44830	34	32	28	55	33	29
AT1G44835	273	275	254	229	240	211
AT1G44890	52	52	43	40	51	48
AT1G44895	0	0	0	0	0	0
AT1G44900	350	389	316	385	318	317
AT1G44910	779	787	739	733	743	704
AT1G44920	624	691	535	678	580	545
AT1G44940	1	0	1	0	0	0
AT1G44941	0	0	0	0	0	0
AT1G44960	148	104	99	101	82	83
AT1G44970	135	118	112	99	113	78
AT1G44980	0	0	0	0	0	0
AT1G44990	0	0	0	0	0	0
AT1G45000	1543	1584	1457	1434	1505	1392
AT1G45010	77	109	79	77	69	68
AT1G45015	12	10	10	12	4	7
AT1G45050	293	285	236	230	212	219
AT1G45063	1	0	1	0	0	0
AT1G45100	0	0	0	0	0	0
AT1G45110	55	51	45	47	32	55
AT1G45130	742	759	686	745	692	536
AT1G45145	2132	1125	1351	655	661	536
AT1G45150	208	237	197	201	208	189
AT1G45160	999	924	735	810	752	735
AT1G45163	0	0	0	0	0	0
AT1G45165	0	0	0	0	0	0
AT1G45170	155	175	121	134	121	133
AT1G45180	177	211	221	169	190	198
AT1G45190	0	0	0	0	0	0
AT1G45191	90	123	81	116	125	143
AT1G45201	2967	3223	2241	2885	2485	3187
AT1G45207	176	227	186	225	214	227
AT1G45215	0	0	0	0	0	0
AT1G45221	0	0	0	0	0	0
AT1G45223	0	0	0	0	0	0
AT1G45229	38	33	47	42	40	32
AT1G45230	415	429	386	407	367	373
AT1G45231	171	186	148	156	142	184
AT1G45233	113	128	94	105	78	90
AT1G45234	5	7	6	7	7	5
AT1G45238	3	1	0	2	1	0
AT1G45240	5	4	6	2	1	2
AT1G45242	0	0	0	0	0	0
AT1G45243	0	0	0	0	0	0
AT1G45244	0	0	0	0	0	0
AT1G45246	0	1	0	0	0	0
AT1G45248	78	82	67	78	81	68
AT1G45249	672	643	549	473	433	447
AT1G45332	375	351	343	319	357	333
AT1G45403	0	0	0	0	0	0
AT1G45474	806	842	637	910	821	722
AT1G45545	57	41	54	35	35	30
AT1G45616	11	5	10	7	5	7
AT1G45688	1490	1441	1234	914	912	994
AT1G45976	386	346	358	278	300	312
AT1G46264	193	238	188	246	190	175
AT1G46336	0	0	0	0	0	0
AT1G46408	0	0	0	0	0	0
AT1G46480	85	75	82	103	97	82
AT1G46554	56	51	28	58	50	51
AT1G46696	0	0	0	0	0	0
AT1G46768	41	34	48	21	25	19
AT1G46840	0	0	0	0	0	0
AT1G46912	0	0	0	0	0	0
AT1G46984	0	0	1	0	0	0
AT1G47056	217	197	208	180	156	179
AT1G47128	10316	9026	8389	6371	6998	6585
AT1G47130	5	9	5	7	15	5
AT1G47200	574	545	554	516	505	478
AT1G47210	218	194	194	183	174	142
AT1G47220	0	0	0	0	0	0
AT1G47230	145	113	109	131	127	94
AT1G47240	360	324	271	243	264	260
AT1G47250	141	133	121	140	142	127
AT1G47260	1555	1580	1528	1407	1390	1273
AT1G47265	0	0	0	0	0	0
AT1G47270	125	155	133	166	149	174
AT1G47271	27	26	14	14	17	19
AT1G47278	241	225	188	216	224	199
AT1G47280	1	0	0	0	0	0
AT1G47290	394	386	360	336	360	303
AT1G47300	0	0	0	0	0	0
AT1G47310	265	256	266	240	189	201
AT1G47317	0	0	0	0	0	0
AT1G47330	379	404	356	346	339	338
AT1G47340	64	60	73	67	60	68
AT1G47350	0	0	0	0	0	0
AT1G47370	12	2	4	2	0	2
AT1G47380	281	262	242	241	243	288
AT1G47389	0	0	0	0	0	0
AT1G47390	0	0	0	0	0	0
AT1G47395	2	4	2	4	3	4
AT1G47400	0	0	0	2	1	0
AT1G47410	86	122	114	91	91	109
AT1G47420	2189	2158	1978	1826	1741	1773
AT1G47450	0	0	0	0	0	0
AT1G47470	0	0	0	0	0	0
AT1G47480	223	194	205	191	205	169
AT1G47485	1	0	1	2	0	1
AT1G47490	876	836	801	877	845	749
AT1G47495	0	0	0	0	0	0
AT1G47497	0	0	0	0	0	0
AT1G47500	527	512	478	514	516	477
AT1G47510	121	142	85	29	49	76
AT1G47530	1588	1519	1378	1048	979	992
AT1G47540	0	0	1	0	0	0
AT1G47550	944	956	807	775	790	791
AT1G47560	55	34	42	51	44	30
AT1G47570	301	262	244	242	231	219
AT1G47578	11	13	9	14	11	13
AT1G47580	193	174	159	192	166	169
AT1G47600	656	370	391	340	301	261
AT1G47603	0	0	0	1	0	2
AT1G47610	1	2	6	2	4	2
AT1G47620	11	10	6	4	3	4
AT1G47640	382	349	338	325	335	334
AT1G47655	25	33	34	24	34	28
AT1G47657	0	0	0	0	0	0
AT1G47660	0	0	0	0	0	0
AT1G47670	321	320	299	327	283	273
AT1G47680	0	0	0	0	0	0
AT1G47690	0	0	0	1	1	1
AT1G47695	0	0	0	0	0	0
AT1G47700	0	0	0	1	2	1
AT1G47710	660	718	644	583	622	574
AT1G47720	91	100	93	99	91	78
AT1G47730	0	0	0	0	0	0
AT1G47740	587	538	504	579	484	474
AT1G47750	183	176	155	141	173	160
AT1G47760	12	16	13	19	16	10
AT1G47765	0	0	0	0	0	0
AT1G47770	0	0	0	1	0	0
AT1G47780	0	0	0	0	0	0
AT1G47786	0	0	0	0	0	0
AT1G47790	0	0	0	0	0	0
AT1G47800	0	0	0	0	0	0
AT1G47810	0	0	0	0	0	0
AT1G47813	0	0	0	0	0	0
AT1G47820	47	70	36	55	46	36
AT1G47830	348	374	306	314	316	284
AT1G47840	219	225	220	199	189	180
AT1G47845	0	0	0	0	0	0
AT1G47870	183	192	176	145	144	159
AT1G47885	0	0	0	0	0	0
AT1G47890	54	47	32	15	36	40
AT1G47900	501	537	458	500	464	397
AT1G47915	0	0	0	0	0	0
AT1G47920	0	0	0	1	1	1
AT1G47940	0	0	0	0	0	0
AT1G47960	216	271	216	162	207	236
AT1G47970	1432	1308	1209	1205	1055	1081
AT1G47980	0	0	0	1	1	0
AT1G47990	4	6	3	11	10	13
AT1G48000	51	46	42	20	22	28
AT1G48010	0	0	0	0	0	0
AT1G48020	0	1	0	0	1	2
AT1G48030	3130	3075	2493	2870	2735	2476
AT1G48040	99	108	91	89	100	90
AT1G48050	319	286	237	274	266	238
AT1G48060	3	1	2	1	1	1
AT1G48070	1	0	0	0	0	0
AT1G48080	0	0	0	0	0	0
AT1G48090	2093	1615	1398	1458	1456	1404
AT1G48095	0	0	0	0	0	0
AT1G48100	65	52	34	41	32	42
AT1G48110	647	668	611	556	534	522
AT1G48120	198	212	182	226	200	192
AT1G48130	0	1	0	0	0	0
AT1G48140	105	104	80	91	96	78
AT1G48145	0	0	0	0	0	0
AT1G48150	0	1	0	0	0	1
AT1G48160	430	397	337	390	350	376
AT1G48170	78	74	57	64	57	64
AT1G48175	131	140	133	156	118	143
AT1G48180	0	0	0	0	0	0
AT1G48190	0	0	0	0	0	0
AT1G48195	1	0	0	0	0	0
AT1G48200	90	117	93	89	79	86
AT1G48210	961	1008	849	722	762	727
AT1G48220	0	0	1	0	0	0
AT1G48230	368	352	328	365	358	336
AT1G48240	219	216	191	185	222	200
AT1G48260	200	170	149	88	86	90
AT1G48267	1	1	2	1	1	0
AT1G48270	113	103	101	93	97	109
AT1G48280	102	145	124	123	120	120
AT1G48285	0	0	0	0	0	0
AT1G48300	1267	1744	1055	1694	1508	1224
AT1G48310	143	125	121	155	126	135
AT1G48315	9	9	8	8	7	13
AT1G48320	0	0	0	0	0	0
AT1G48325	12	9	11	11	9	6
AT1G48330	133	90	62	100	82	63
AT1G48350	981	1019	945	1161	1075	996
AT1G48355	0	0	0	0	0	0
AT1G48360	260	294	246	272	237	232
AT1G48370	480	499	372	242	256	319
AT1G48380	202	205	200	223	166	164
AT1G48390	15	24	25	19	13	21
AT1G48400	4	4	6	0	2	3
AT1G48405	5	1	0	0	3	1
AT1G48410	3088	3195	2716	2982	3009	2861
AT1G48420	922	1107	978	891	937	953
AT1G48430	806	951	733	689	686	624
AT1G48440	628	623	489	512	519	529
AT1G48450	1103	1218	1016	1185	1095	1134
AT1G48460	108	143	140	140	146	144
AT1G48470	5	3	2	3	2	5
AT1G48480	580	531	545	508	460	420
AT1G48490	960	975	799	654	727	736
AT1G48500	153	144	141	96	112	127
AT1G48510	59	47	69	72	61	59
AT1G48520	760	817	761	833	778	728
AT1G48530	2	1	1	1	0	4
AT1G48540	674	810	671	774	758	698
AT1G48550	143	118	106	123	124	97
AT1G48560	17	15	22	23	15	20
AT1G48570	292	320	315	354	333	285
AT1G48580	27	30	32	33	51	50
AT1G48590	1	1	0	0	0	1
AT1G48600	2978	3042	2504	2653	2325	2381
AT1G48605	35	34	40	30	21	33
AT1G48610	191	196	200	203	156	169
AT1G48620	1163	1052	1020	1084	917	979
AT1G48630	776	678	810	767	726	667
AT1G48635	300	312	242	213	212	177
AT1G48640	43	26	32	18	15	14
AT1G48650	892	855	825	840	829	764
AT1G48660	2	3	3	15	8	10
AT1G48670	24	18	20	38	18	19
AT1G48690	42	32	34	44	37	40
AT1G48698	3	2	2	0	1	3
AT1G48700	0	0	0	0	0	0
AT1G48720	0	0	0	0	0	0
AT1G48725	0	0	0	0	0	0
AT1G48730	0	0	0	0	0	0
AT1G48740	10	6	10	14	8	12
AT1G48742	0	0	0	0	0	0
AT1G48745	58	45	39	24	27	19
AT1G48750	0	0	0	0	0	0
AT1G48760	436	416	356	368	369	324
AT1G48770	79	78	77	58	72	61
AT1G48780	52	42	52	40	38	41
AT1G48790	846	836	757	694	744	718
AT1G48800	9	1	4	18	8	10
AT1G48820	8	2	5	4	6	3
AT1G48830	852	845	815	902	748	696
AT1G48840	239	172	156	214	191	215
AT1G48850	1330	1225	1210	1112	1099	1079
AT1G48860	822	748	776	765	620	661
AT1G48870	19	18	18	31	32	22
AT1G48880	70	85	62	66	72	70
AT1G48900	918	854	795	751	736	742
AT1G48910	0	0	0	0	0	0
AT1G48912	0	0	0	0	0	0
AT1G48920	5301	5240	5107	5490	5248	4977
AT1G48930	708	425	459	318	257	214
AT1G48940	1	0	0	0	0	0
AT1G48950	299	337	312	325	300	287
AT1G48953	0	0	0	0	0	0
AT1G48960	64	81	74	61	65	51
AT1G48970	353	370	367	330	327	319
AT1G48980	0	1	3	1	0	1
AT1G48990	0	0	0	0	0	0
AT1G49000	27	43	19	27	30	34
AT1G49005	2	0	2	0	3	0
AT1G49010	296	269	282	301	234	205
AT1G49015	0	0	0	1	0	0
AT1G49020	0	0	0	0	0	0
AT1G49030	1	10	7	5	6	6
AT1G49032	109	115	134	124	125	118
AT1G49040	977	1049	906	846	844	856
AT1G49050	671	724	630	450	526	509
AT1G49100	6	1	2	0	1	0
AT1G49110	0	2	1	0	1	2
AT1G49120	0	0	0	0	0	0
AT1G49130	234	325	276	289	319	311
AT1G49140	443	473	446	410	359	354
AT1G49150	0	0	0	0	0	0
AT1G49160	119	101	113	22	19	18
AT1G49170	48	57	53	42	60	43
AT1G49180	136	115	123	116	120	116
AT1G49190	0	0	0	0	0	0
AT1G49200	9	8	2	3	3	7
AT1G49205	0	0	0	0	0	0
AT1G49210	27	18	23	58	43	32
AT1G49220	0	2	2	2	3	2
AT1G49225	1	4	0	1	2	0
AT1G49230	125	130	107	133	108	99
AT1G49240	3726	3487	3447	3385	3059	2715
AT1G49245	35	31	32	26	42	31
AT1G49250	0	0	0	0	0	0
AT1G49260	0	0	0	0	0	0
AT1G49270	0	0	0	0	0	0
AT1G49280	0	0	0	0	0	0
AT1G49290	0	0	0	1	0	0
AT1G49300	854	893	758	717	803	732
AT1G49310	106	104	107	92	80	101
AT1G49320	92	66	87	100	109	99
AT1G49330	3	1	0	2	3	0
AT1G49340	1767	1589	1321	1382	1433	1351
AT1G49350	93	123	97	97	90	101
AT1G49360	175	130	140	74	85	53
AT1G49380	389	392	317	462	402	352
AT1G49390	31	31	21	25	26	31
AT1G49400	201	168	191	180	148	153
AT1G49405	15	16	15	4	9	8
AT1G49410	227	207	184	173	166	173
AT1G49420	1	0	0	0	0	0
AT1G49430	562	753	603	641	687	530
AT1G49435	0	0	0	0	0	0
AT1G49450	70	36	48	78	43	40
AT1G49460	0	0	0	0	0	0
AT1G49470	292	308	279	218	196	230
AT1G49475	14	19	14	11	11	8
AT1G49480	685	688	611	696	622	579
AT1G49490	33	29	25	36	30	32
AT1G49500	345	378	385	496	491	538
AT1G49510	249	243	206	258	236	259
AT1G49520	111	129	106	89	98	142
AT1G49530	24	30	27	32	25	31
AT1G49540	269	234	260	235	223	219
AT1G49560	141	188	148	134	160	158
AT1G49570	391	128	146	95	71	138
AT1G49580	430	382	390	470	391	388
AT1G49590	253	247	234	231	204	254
AT1G49600	1565	1549	1639	1720	1549	1422
AT1G49610	1	2	5	1	0	3
AT1G49620	25	33	34	47	34	37
AT1G49630	367	404	301	429	344	345
AT1G49640	6	3	6	6	3	4
AT1G49650	286	293	303	331	247	276
AT1G49660	572	425	480	527	448	444
AT1G49670	1200	1253	1088	1041	1110	1107
AT1G49680	0	0	0	0	0	0
AT1G49690	0	0	0	0	0	0
AT1G49700	23	33	25	13	24	16
AT1G49710	404	365	363	304	301	302
AT1G49715	0	0	0	0	0	0
AT1G49720	747	684	663	594	618	552
AT1G49730	302	292	264	307	307	302
AT1G49740	297	288	228	322	302	294
AT1G49750	2656	3077	2306	1720	1958	1617
AT1G49760	1904	1923	1885	2134	1913	1748
AT1G49770	0	0	0	0	0	0
AT1G49780	217	324	200	187	181	194
AT1G49790	8	12	7	9	12	7
AT1G49800	3	3	2	1	1	0
AT1G49810	0	0	0	0	0	1
AT1G49820	570	643	551	531	582	550
AT1G49830	6	7	6	9	5	9
AT1G49832	14	15	17	7	12	16
AT1G49840	132	172	129	164	168	170
AT1G49850	173	210	182	203	185	184
AT1G49860	79	253	192	294	371	239
AT1G49870	164	122	134	162	138	126
AT1G49880	57	58	70	54	57	55
AT1G49890	266	298	278	302	307	286
AT1G49900	93	119	79	11	13	35
AT1G49910	44	41	41	49	49	32
AT1G49920	0	5	4	3	5	4
AT1G49930	0	0	0	0	0	0
AT1G49938	4	3	1	3	5	1
AT1G49940	19	21	24	44	21	27
AT1G49950	511	557	432	436	482	450
AT1G49952	9	16	12	5	8	10
AT1G49960	102	152	97	93	93	72
AT1G49970	3330	3614	2853	2870	2791	2785
AT1G49975	351	303	281	363	296	250
AT1G49980	254	273	261	221	240	214
AT1G49990	21	15	15	21	18	19
AT1G50000	89	91	94	87	106	89
AT1G50010	3758	3629	3619	4112	3635	3186
AT1G50020	517	551	415	407	364	397
AT1G50030	1711	1631	1421	1415	1470	1373
AT1G50040	16	25	20	9	19	41
AT1G50050	3	7	4	2	2	1
AT1G50055	76	86	72	83	61	78
AT1G50060	130	124	147	140	131	109
AT1G50070	0	0	0	0	0	0
AT1G50080	0	0	0	0	0	0
AT1G50090	1	6	10	4	5	0
AT1G50100	0	0	0	0	0	0
AT1G50110	244	255	194	225	177	185
AT1G50120	447	457	423	441	392	371
AT1G50140	688	664	590	567	554	542
AT1G50160	0	0	0	0	0	0
AT1G50170	308	343	331	274	279	274
AT1G50180	138	106	132	46	57	57
AT1G50190	0	4	2	2	7	3
AT1G50200	4266	4279	3706	3738	3784	3574
AT1G50220	0	0	0	0	0	0
AT1G50240	185	209	191	203	200	190
AT1G50250	2293	2254	1702	1805	1641	1502
AT1G50260	300	344	243	215	244	215
AT1G50270	49	40	40	48	32	43
AT1G50280	31	37	38	50	40	27
AT1G50290	44	43	30	29	28	39
AT1G50300	236	282	242	257	229	223
AT1G50310	1	5	4	1	3	3
AT1G50320	1238	1361	1010	1182	1013	1091
AT1G50325	0	0	0	0	0	0
AT1G50340	0	0	0	0	0	0
AT1G50350	0	0	3	0	0	0
AT1G50360	627	635	540	536	618	537
AT1G50370	635	649	648	565	563	562
AT1G50380	540	556	445	445	471	495
AT1G50390	7	8	4	6	9	8
AT1G50400	22	24	15	17	21	16
AT1G50410	640	652	629	622	628	556
AT1G50420	283	251	260	297	290	232
AT1G50430	1311	1323	1187	1105	1078	973
AT1G50440	369	343	307	267	259	263
AT1G50450	369	339	268	359	346	324
AT1G50460	266	269	301	276	280	295
AT1G50470	0	0	0	0	0	0
AT1G50480	4167	4388	3967	3256	3739	3557
AT1G50490	389	377	383	423	338	360
AT1G50500	715	742	638	659	615	604
AT1G50510	341	355	309	308	296	287
AT1G50520	136	98	94	105	75	84
AT1G50530	0	0	0	0	0	0
AT1G50560	131	96	126	74	63	75
AT1G50570	543	554	502	424	456	432
AT1G50575	124	124	103	116	114	108
AT1G50580	29	34	33	24	29	27
AT1G50590	33	36	30	19	13	18
AT1G50600	647	802	704	568	708	663
AT1G50610	0	0	0	0	0	0
AT1G50620	306	303	256	294	236	265
AT1G50630	190	169	178	156	164	139
AT1G50640	782	867	685	626	593	635
AT1G50650	0	0	0	0	0	1
AT1G50659	0	0	0	0	0	0
AT1G50660	816	854	772	757	716	676
AT1G50670	548	662	575	472	589	531
AT1G50680	0	0	0	0	1	1
AT1G50690	0	0	0	0	0	0
AT1G50700	58	73	51	55	52	56
AT1G50710	262	346	245	290	251	254
AT1G50720	5	4	2	1	1	2
AT1G50730	541	507	459	460	465	463
AT1G50732	55	80	60	62	52	39
AT1G50740	271	424	268	219	276	291
AT1G50745	34	56	17	19	26	28
AT1G50750	21	62	39	30	22	29
AT1G50760	1	0	2	0	0	0
AT1G50770	1	0	0	0	0	0
AT1G50780	1	4	1	0	0	0
AT1G50790	29	19	22	12	12	15
AT1G50820	0	0	2	1	2	4
AT1G50830	7	10	13	4	0	0
AT1G50840	693	712	629	693	691	658
AT1G50870	0	0	0	0	0	0
AT1G50880	0	0	0	0	0	0
AT1G50890	177	148	136	121	139	103
AT1G50900	602	589	511	650	585	472
AT1G50910	56	62	49	51	44	49
AT1G50920	2127	2143	2116	2150	2108	1946
AT1G50930	25	16	18	17	13	11
AT1G50940	207	237	208	226	173	211
AT1G50950	80	93	51	79	70	61
AT1G50960	0	1	3	0	0	0
AT1G50970	197	196	197	184	196	173
AT1G50980	0	0	0	0	0	0
AT1G50990	0	0	0	0	0	0
AT1G51000	0	0	0	1	5	2
AT1G51010	1	1	0	0	1	2
AT1G51020	0	1	2	0	3	4
AT1G51030	2	3	1	1	2	0
AT1G51035	1	9	3	1	1	7
AT1G51040	0	1	1	0	0	1
AT1G51055	3	3	0	1	2	4
AT1G51060	556	489	479	444	407	346
AT1G51070	1025	950	869	843	717	738
AT1G51080	105	113	88	109	114	95
AT1G51090	24	58	16	10	26	27
AT1G51100	302	315	280	381	339	304
AT1G51110	1266	1430	994	1498	1188	1185
AT1G51120	0	0	0	0	0	0
AT1G51130	91	114	94	74	74	73
AT1G51140	278	283	196	205	212	248
AT1G51150	0	0	1	0	0	0
AT1G51160	555	563	521	528	479	494
AT1G51170	176	169	146	174	152	144
AT1G51172	0	0	0	0	0	0
AT1G51190	43	28	38	45	35	33
AT1G51200	2755	3051	2572	2197	2235	2072
AT1G51210	0	0	0	0	0	0
AT1G51220	2	1	0	1	2	0
AT1G51230	0	0	0	0	0	0
AT1G51240	0	0	0	0	0	0
AT1G51250	0	0	0	0	0	0
AT1G51260	5	3	0	2	0	1
AT1G51270	271	260	288	239	353	305
AT1G51290	0	0	0	0	0	0
AT1G51300	0	0	0	0	0	0
AT1G51310	229	294	263	283	261	252
AT1G51320	0	0	0	0	0	0
AT1G51330	0	0	0	0	0	1
AT1G51340	260	263	216	158	169	180
AT1G51350	344	322	296	268	308	314
AT1G51355	19	22	12	22	13	20
AT1G51360	147	141	146	133	128	134
AT1G51370	68	44	40	43	48	47
AT1G51380	57	62	48	73	75	60
AT1G51390	167	155	147	156	135	157
AT1G51400	14	29	13	22	18	19
AT1G51402	0	0	0	0	0	0
AT1G51405	74	70	53	98	90	79
AT1G51410	0	2	0	1	0	1
AT1G51420	424	348	373	290	366	402
AT1G51430	155	171	145	181	195	180
AT1G51440	23	30	22	31	37	26
AT1G51450	167	160	154	153	143	129
AT1G51460	77	92	71	103	112	100
AT1G51470	571	272	323	285	263	264
AT1G51480	4	1	5	7	11	3
AT1G51490	0	0	0	0	0	0
AT1G51500	1063	1233	1079	1053	1126	989
AT1G51510	676	690	634	578	598	512
AT1G51520	57	48	44	49	50	54
AT1G51530	0	0	2	0	1	2
AT1G51538	1	1	1	1	3	0
AT1G51540	234	255	209	222	202	194
AT1G51550	55	56	57	46	60	44
AT1G51560	281	302	262	339	313	286
AT1G51570	1329	1346	1338	1303	1302	1222
AT1G51580	225	259	284	254	238	212
AT1G51590	632	654	540	605	559	518
AT1G51600	224	238	194	202	184	173
AT1G51610	549	670	573	563	555	563
AT1G51620	42	68	70	38	44	44
AT1G51630	522	596	497	529	502	458
AT1G51640	0	0	0	0	0	0
AT1G51645	9	9	3	8	4	9
AT1G51650	435	448	381	392	366	349
AT1G51660	232	317	206	156	160	209
AT1G51670	8	14	6	0	0	2
AT1G51680	2048	1952	1807	1680	1686	1626
AT1G51690	1114	1154	1013	999	1000	982
AT1G51700	410	833	449	271	248	369
AT1G51710	958	882	788	808	839	801
AT1G51720	550	525	461	503	478	440
AT1G51730	692	747	663	698	621	621
AT1G51740	212	228	219	209	191	164
AT1G51745	329	330	346	309	280	287
AT1G51760	1695	1591	1157	592	921	1304
AT1G51770	6	0	2	4	1	2
AT1G51780	5	5	3	1	2	2
AT1G51790	337	513	521	201	357	262
AT1G51800	853	1419	1227	491	773	687
AT1G51805	1951	2344	1942	1713	2098	1704
AT1G51810	0	0	0	0	0	0
AT1G51820	374	596	352	89	176	235
AT1G51823	0	0	0	0	0	0
AT1G51830	595	588	672	720	783	637
AT1G51840	165	184	163	199	249	194
AT1G51850	483	933	700	459	596	602
AT1G51860	480	376	413	143	199	163
AT1G51870	35	28	18	16	19	13
AT1G51880	62	35	39	32	18	12
AT1G51890	456	762	498	165	427	387
AT1G51900	0	0	1	0	0	1
AT1G51910	0	0	0	0	0	0
AT1G51913	3	9	8	16	13	11
AT1G51915	3	6	1	5	7	7
AT1G51920	18	28	20	18	19	19
AT1G51930	0	2	1	0	1	0
AT1G51940	388	417	449	556	547	520
AT1G51950	374	365	298	239	288	267
AT1G51960	2	2	2	0	2	4
AT1G51965	139	135	161	144	138	125
AT1G51970	0	0	0	0	0	0
AT1G51980	2958	3029	2680	2262	2183	2160
AT1G51990	0	0	0	0	0	0
AT1G52000	633	723	369	303	271	633
AT1G52030	208	191	102	36	36	218
AT1G52040	156	170	88	54	58	288
AT1G52050	245	100	170	127	109	98
AT1G52060	474	288	371	293	208	172
AT1G52070	1322	989	1120	892	719	596
AT1G52080	198	240	144	112	121	132
AT1G52100	111	101	101	338	289	259
AT1G52110	5	1	1	8	6	8
AT1G52120	57	56	44	6	16	36
AT1G52130	2	0	0	0	0	1
AT1G52140	134	145	107	96	104	125
AT1G52150	829	722	695	760	719	715
AT1G52155	79	81	58	65	46	42
AT1G52160	221	208	235	186	215	200
AT1G52170	0	0	0	0	0	0
AT1G52180	0	0	0	0	0	0
AT1G52185	0	0	0	0	0	0
AT1G52190	607	752	697	1048	1063	860
AT1G52191	1	0	1	0	0	0
AT1G52200	645	1050	974	591	976	810
AT1G52220	1787	2188	1698	1969	1932	1714
AT1G52230	5119	7148	4993	6381	6569	6093
AT1G52240	27	29	26	21	10	15
AT1G52245	53	52	50	71	55	42
AT1G52260	189	192	170	192	176	168
AT1G52270	18	22	26	15	20	15
AT1G52280	307	370	300	337	349	376
AT1G52290	218	244	210	91	153	142
AT1G52300	1789	1815	1761	1776	1670	1577
AT1G52310	369	411	341	353	330	325
AT1G52315	23	22	9	14	13	9
AT1G52320	629	706	621	519	592	549
AT1G52325	0	0	0	0	0	0
AT1G52330	60	61	59	59	46	42
AT1G52340	184	177	172	145	160	141
AT1G52342	133	88	95	34	68	72
AT1G52343	30	22	26	39	49	35
AT1G52347	135	130	91	115	102	109
AT1G52350	0	0	0	0	0	0
AT1G52360	2197	2359	2140	1923	1865	1921
AT1G52370	275	298	226	236	177	197
AT1G52380	403	410	384	413	383	390
AT1G52390	0	0	0	1	0	0
AT1G52400	3424	4401	2051	1093	1078	4962
AT1G52410	890	892	513	276	328	828
AT1G52415	0	0	0	1	0	1
AT1G52420	999	1037	982	876	998	922
AT1G52430	8	11	8	13	13	11
AT1G52440	0	0	1	0	1	3
AT1G52450	24	16	26	33	21	15
AT1G52460	0	0	0	0	0	0
AT1G52470	2	9	2	0	1	3
AT1G52490	0	0	0	0	0	0
AT1G52495	0	0	0	0	0	0
AT1G52500	196	228	200	194	220	137
AT1G52510	628	643	494	695	650	622
AT1G52520	138	146	126	126	122	124
AT1G52530	10	8	5	19	5	4
AT1G52540	374	335	276	228	209	213
AT1G52550	59	50	57	57	34	36
AT1G52560	7	7	5	3	2	8
AT1G52565	57	61	44	32	25	36
AT1G52570	41	41	29	44	49	47
AT1G52580	2	0	2	0	1	0
AT1G52590	230	276	189	183	168	157
AT1G52600	550	605	491	415	493	421
AT1G52603	0	0	0	0	0	0
AT1G52615	1	0	1	0	0	1
AT1G52618	10	11	17	19	19	10
AT1G52620	77	100	82	87	95	94
AT1G52630	132	116	99	116	108	84
AT1G52640	13	30	16	9	9	21
AT1G52650	1	4	1	3	2	5
AT1G52660	51	36	33	21	23	10
AT1G52670	605	627	563	685	550	528
AT1G52680	0	2	0	0	0	0
AT1G52690	37	40	37	28	30	30
AT1G52695	0	0	0	1	1	0
AT1G52700	7	28	26	39	52	26
AT1G52710	175	192	184	239	200	170
AT1G52720	347	353	310	289	331	312
AT1G52730	402	413	409	443	371	391
AT1G52740	994	1022	874	932	836	872
AT1G52750	106	75	92	68	55	56
AT1G52760	1297	1086	1115	899	983	945
AT1G52770	119	110	78	39	46	47
AT1G52780	638	681	549	399	486	476
AT1G52790	9	5	4	2	3	3
AT1G52800	49	112	42	15	41	45
AT1G52810	4	1	1	0	1	0
AT1G52820	27	72	62	36	50	33
AT1G52825	102	78	86	78	79	89
AT1G52827	30	21	33	21	25	29
AT1G52830	1	6	2	0	3	0
AT1G52855	16	9	8	11	7	4
AT1G52857	2	0	0	1	1	2
AT1G52860	0	0	0	0	0	0
AT1G52870	1313	1509	1182	860	1034	832
AT1G52880	143	181	128	113	117	126
AT1G52890	752	737	343	101	112	337
AT1G52900	0	0	0	0	0	0
AT1G52905	59	61	55	68	70	62
AT1G52910	132	92	84	93	72	66
AT1G52920	5	4	8	13	9	14
AT1G52930	309	346	315	312	286	277
AT1G52940	190	344	98	7	9	113
AT1G52950	0	1	0	0	0	1
AT1G52970	0	0	0	0	0	0
AT1G52980	1425	1461	1394	1608	1643	1479
AT1G52990	6	1	2	3	2	4
AT1G53000	382	383	351	391	344	350
AT1G53010	0	0	1	0	0	0
AT1G53023	0	0	0	0	0	0
AT1G53025	92	91	86	59	76	54
AT1G53030	118	123	129	90	93	101
AT1G53035	155	143	137	130	109	100
AT1G53040	480	467	370	456	404	384
AT1G53050	608	634	564	583	577	528
AT1G53060	55	52	53	107	86	96
AT1G53070	141	156	121	145	119	111
AT1G53080	1	1	1	2	1	1
AT1G53090	383	401	333	199	201	198
AT1G53100	12	19	8	11	10	16
AT1G53110	134	165	104	140	108	121
AT1G53120	207	217	213	213	166	182
AT1G53130	8	6	8	13	4	7
AT1G53140	140	126	114	128	113	117
AT1G53160	22	34	20	56	46	38
AT1G53163	8	12	9	7	10	8
AT1G53165	519	625	552	481	475	519
AT1G53170	209	216	166	143	162	125
AT1G53180	317	244	286	237	208	216
AT1G53190	475	505	440	463	383	388
AT1G53200	130	145	142	124	120	132
AT1G53210	2379	2456	2288	2289	2325	2253
AT1G53220	0	0	0	0	0	0
AT1G53230	13	26	14	13	8	21
AT1G53233	23	26	16	14	12	16
AT1G53240	2870	2688	2444	2520	2132	2087
AT1G53250	131	110	118	166	134	147
AT1G53260	0	4	3	0	4	4
AT1G53265	0	0	0	0	0	0
AT1G53270	68	83	66	73	57	52
AT1G53280	993	1177	947	886	960	881
AT1G53282	0	0	0	0	0	0
AT1G53285	0	0	0	0	0	0
AT1G53290	196	173	160	186	168	150
AT1G53300	874	916	823	892	810	810
AT1G53310	6967	8211	5932	3993	4380	4857
AT1G53320	1027	1110	834	720	659	713
AT1G53325	0	0	0	0	0	0
AT1G53330	22	36	21	20	15	20
AT1G53340	105	74	82	43	32	42
AT1G53345	55	42	45	42	33	33
AT1G53350	155	206	167	143	152	97
AT1G53360	0	0	0	0	0	0
AT1G53366	0	0	0	0	0	0
AT1G53370	0	0	0	0	0	1
AT1G53380	527	545	522	534	543	512
AT1G53390	756	804	724	614	699	611
AT1G53400	305	384	342	319	324	282
AT1G53410	16	23	24	22	24	26
AT1G53420	0	1	2	0	1	1
AT1G53430	1394	1774	1634	1019	1299	1356
AT1G53440	1097	1703	1459	1245	1668	1504
AT1G53450	202	202	192	199	235	212
AT1G53460	185	205	206	208	178	193
AT1G53470	237	152	162	137	101	115
AT1G53480	1	0	0	1	0	0
AT1G53490	97	89	82	31	23	20
AT1G53500	324	308	280	320	248	235
AT1G53510	1429	1252	1243	1338	1198	1105
AT1G53520	235	255	224	316	260	252
AT1G53530	71	86	70	78	58	69
AT1G53540	5	9	12	5	6	8
AT1G53541	0	0	0	0	0	0
AT1G53542	0	0	0	0	1	0
AT1G53550	0	0	0	0	0	0
AT1G53560	409	325	258	269	236	236
AT1G53570	947	951	880	814	836	843
AT1G53580	1229	1033	1139	794	854	950
AT1G53590	657	721	673	609	585	551
AT1G53600	36	33	38	37	30	26
AT1G53610	92	103	93	12	24	42
AT1G53620	32	46	15	4	12	23
AT1G53625	270	329	221	116	265	274
AT1G53633	10	3	4	1	5	5
AT1G53635	1	6	0	5	1	2
AT1G53640	10	3	9	13	7	5
AT1G53645	335	355	336	347	329	308
AT1G53650	138	159	104	131	122	120
AT1G53655	0	0	0	0	0	0
AT1G53660	15	11	10	8	10	7
AT1G53670	626	789	548	535	495	487
AT1G53680	70	61	58	34	32	26
AT1G53683	0	0	0	0	0	0
AT1G53687	0	0	0	0	0	0
AT1G53690	3	0	2	2	0	0
AT1G53700	76	63	64	71	37	31
AT1G53705	0	0	0	0	0	0
AT1G53708	0	0	0	0	0	0
AT1G53710	285	315	270	272	262	282
AT1G53720	324	396	350	339	344	344
AT1G53730	563	580	617	555	600	540
AT1G53750	1969	1830	1601	1638	1591	1555
AT1G53760	240	235	225	216	225	230
AT1G53770	244	294	228	209	224	206
AT1G53780	1533	1484	1377	1444	1385	1403
AT1G53790	87	77	78	78	88	90
AT1G53800	603	569	544	563	597	544
AT1G53801	0	0	0	0	0	0
AT1G53815	0	0	0	0	0	0
AT1G53820	1	0	0	0	0	0
AT1G53830	133	90	96	101	43	47
AT1G53840	926	1135	837	1020	967	1006
AT1G53850	686	685	675	618	656	598
AT1G53860	20	22	18	32	20	17
AT1G53870	0	1	0	0	0	0
AT1G53875	0	0	0	0	0	0
AT1G53880	0	0	1	0	0	0
AT1G53885	0	0	0	0	0	0
AT1G53887	5	4	1	1	4	1
AT1G53890	0	0	0	0	0	0
AT1G53900	0	0	0	0	0	0
AT1G53903	0	0	0	0	0	0
AT1G53910	1923	1927	1827	1870	1852	1729
AT1G53920	324	252	287	213	196	174
AT1G53930	1	5	0	0	0	1
AT1G53935	1	2	0	1	4	2
AT1G53940	35	34	17	27	36	44
AT1G53945	0	0	0	0	0	0
AT1G53950	13	9	6	6	6	8
AT1G53970	0	0	4	1	2	1
AT1G53980	0	0	0	0	0	0
AT1G53990	28	42	26	23	36	26
AT1G54000	3272	2522	2400	1759	1484	1733
AT1G54010	1593	1218	1158	1064	886	1378
AT1G54020	22	36	13	8	2	76
AT1G54030	1684	1861	1530	1064	1111	1359
AT1G54040	60	82	26	30	38	88
AT1G54050	80	92	75	77	83	62
AT1G54060	375	400	360	332	336	339
AT1G54070	0	2	0	0	0	0
AT1G54080	1727	1695	1534	1481	1333	1326
AT1G54090	477	582	486	364	407	452
AT1G54095	52	26	40	8	11	19
AT1G54100	2013	1899	1715	1396	1659	1945
AT1G54110	83	82	63	72	79	68
AT1G54115	342	371	297	262	261	283
AT1G54120	14	20	13	13	17	8
AT1G54130	1404	1572	1194	1262	1199	1124
AT1G54140	106	108	109	124	98	114
AT1G54150	251	292	216	184	215	222
AT1G54160	73	71	53	41	53	68
AT1G54170	728	760	627	626	614	630
AT1G54180	96	105	105	93	101	102
AT1G54200	49	55	51	52	47	52
AT1G54210	131	109	99	94	95	119
AT1G54215	6	2	3	4	6	6
AT1G54217	64	51	52	69	36	49
AT1G54220	371	344	292	338	278	299
AT1G54230	0	0	0	0	0	0
AT1G54240	0	0	0	0	0	0
AT1G54250	142	167	140	102	151	113
AT1G54260	260	244	207	183	190	162
AT1G54270	1984	1962	1724	1409	1471	1431
AT1G54280	3	1	3	6	0	4
AT1G54290	266	237	224	175	210	197
AT1G54300	0	0	0	0	0	0
AT1G54310	137	165	136	163	153	147
AT1G54320	1164	1166	1034	860	971	942
AT1G54330	5	6	6	10	6	10
AT1G54340	732	758	635	612	656	647
AT1G54350	870	836	719	872	768	730
AT1G54355	3	1	4	1	5	1
AT1G54360	678	683	639	568	609	595
AT1G54370	544	530	471	468	474	435
AT1G54380	267	254	247	224	229	223
AT1G54385	122	113	95	125	115	99
AT1G54390	308	337	329	317	324	252
AT1G54400	6	6	5	4	4	5
AT1G54410	14617	14663	14069	19025	15143	15214
AT1G54420	0	1	0	0	0	0
AT1G54440	318	357	301	310	271	286
AT1G54445	0	0	0	0	0	0
AT1G54450	107	114	79	110	104	108
AT1G54460	493	524	442	441	429	431
AT1G54470	3	1	8	3	3	3
AT1G54475	1	0	2	1	0	1
AT1G54490	1141	1171	1008	1000	1026	928
AT1G54500	1268	1431	1272	1590	1468	1270
AT1G54510	328	309	332	304	273	240
AT1G54520	1367	1551	1306	1360	1397	1344
AT1G54530	45	28	33	22	21	19
AT1G54540	53	75	71	65	69	58
AT1G54550	0	1	0	0	0	0
AT1G54560	8	2	2	4	9	8
AT1G54570	776	708	549	468	435	476
AT1G54575	734	863	674	354	374	446
AT1G54580	1178	1239	1139	1269	1184	1101
AT1G54590	0	0	0	0	1	0
AT1G54610	837	784	741	738	690	657
AT1G54620	0	0	0	0	0	0
AT1G54630	1133	1205	1126	1186	1146	994
AT1G54640	0	0	0	0	0	0
AT1G54650	87	85	95	89	98	86
AT1G54670	0	0	0	0	0	0
AT1G54680	60	61	50	60	47	50
AT1G54690	152	164	148	168	156	147
AT1G54700	0	0	1	0	0	1
AT1G54710	686	645	514	462	406	426
AT1G54720	0	0	0	0	0	0
AT1G54730	356	348	344	506	480	460
AT1G54740	459	439	460	310	383	372
AT1G54760	1	1	0	1	3	0
AT1G54770	229	231	246	204	245	224
AT1G54773	14	8	9	10	7	8
AT1G54775	0	0	0	0	0	0
AT1G54780	2956	3373	2713	3425	3065	2826
AT1G54790	52	39	60	40	43	59
AT1G54820	291	340	288	299	282	252
AT1G54830	344	383	270	312	302	298
AT1G54840	13	19	16	17	15	12
AT1G54850	134	140	123	138	128	111
AT1G54860	0	0	0	0	0	0
AT1G54870	0	0	0	0	0	0
AT1G54890	98	76	72	99	75	85
AT1G54920	1015	1087	880	881	834	815
AT1G54930	3	1	6	4	2	3
AT1G54940	63	39	51	38	20	19
AT1G54950	0	1	0	1	1	0
AT1G54953	0	0	0	0	1	0
AT1G54957	0	0	0	0	0	0
AT1G54960	81	63	83	80	59	81
AT1G54970	852	374	652	542	349	317
AT1G54980	0	0	0	0	0	0
AT1G54990	663	644	561	545	537	539
AT1G55000	327	342	242	272	278	302
AT1G55010	34	24	31	17	17	14
AT1G55020	4066	2943	2829	1632	1747	2359
AT1G55030	1	2	0	4	2	1
AT1G55040	135	142	111	128	145	132
AT1G55050	9	20	12	16	15	19
AT1G55060	0	0	0	0	0	0
AT1G55070	0	0	0	0	0	0
AT1G55080	133	133	139	115	97	110
AT1G55090	843	885	800	747	759	725
AT1G55110	739	840	603	473	508	598
AT1G55120	189	214	177	142	180	173
AT1G55130	299	353	258	289	289	281
AT1G55140	255	258	199	311	257	228
AT1G55150	366	320	293	293	320	294
AT1G55152	0	0	0	0	0	0
AT1G55160	282	247	239	259	239	217
AT1G55170	212	183	199	160	142	146
AT1G55175	4	1	3	3	7	1
AT1G55180	117	124	111	112	86	95
AT1G55190	0	0	0	0	0	0
AT1G55200	35	55	35	57	56	75
AT1G55205	49	42	55	48	40	36
AT1G55207	3	1	1	2	0	1
AT1G55210	1125	1319	1046	819	783	846
AT1G55220	0	0	0	0	1	0
AT1G55230	12	18	3	2	3	22
AT1G55240	77	47	43	63	22	37
AT1G55250	560	513	474	484	481	468
AT1G55260	461	404	357	423	391	428
AT1G55265	0	0	0	0	0	0
AT1G55270	213	309	278	242	290	286
AT1G55280	80	100	68	63	70	72
AT1G55290	44	19	22	14	5	9
AT1G55300	109	93	87	75	59	71
AT1G55310	1029	1013	879	874	843	871
AT1G55320	346	375	299	293	265	227
AT1G55325	853	877	792	796	715	723
AT1G55330	1	0	0	0	0	2
AT1G55335	0	0	0	0	0	0
AT1G55340	427	458	415	470	423	409
AT1G55350	1658	1521	1355	1474	1448	1328
AT1G55360	1287	1325	1266	1469	1434	1247
AT1G55365	0	0	0	0	0	0
AT1G55370	162	206	172	237	202	201
AT1G55380	14	21	24	22	29	23
AT1G55390	7	10	10	11	5	9
AT1G55420	25	23	25	36	34	28
AT1G55430	16	14	17	11	17	14
AT1G55440	5	2	8	2	1	2
AT1G55450	1388	2521	1722	1096	1439	1574
AT1G55460	544	551	563	528	469	486
AT1G55475	68	80	64	56	56	52
AT1G55480	1838	1905	1333	1505	1304	1501
AT1G55490	6003	5884	5154	6310	5660	5357
AT1G55500	790	922	752	683	727	625
AT1G55510	230	252	231	236	215	228
AT1G55520	378	352	295	314	325	310
AT1G55525	5	3	4	6	8	9
AT1G55530	625	559	471	409	430	405
AT1G55535	191	209	169	152	169	138
AT1G55540	468	506	479	448	472	415
AT1G55546	0	0	0	0	0	0
AT1G55550	40	36	42	31	20	18
AT1G55560	0	0	0	0	0	0
AT1G55570	0	0	0	0	0	0
AT1G55580	17	8	20	14	12	8
AT1G55590	327	330	322	301	284	258
AT1G55591	0	0	0	0	0	0
AT1G55600	0	1	1	0	0	1
AT1G55610	154	156	158	125	140	124
AT1G55620	403	355	307	345	339	324
AT1G55625	0	0	0	0	0	0
AT1G55630	98	92	83	94	76	74
AT1G55640	7	8	2	1	2	2
AT1G55650	0	0	0	1	0	0
AT1G55660	1	0	0	0	0	0
AT1G55670	484	571	376	687	456	499
AT1G55673	0	0	0	0	0	0
AT1G55675	77	116	90	107	69	85
AT1G55680	1438	1499	1334	1240	1274	1286
AT1G55690	612	500	506	462	401	376
AT1G55700	7	9	6	4	3	6
AT1G55710	0	0	0	0	0	0
AT1G55720	0	0	0	0	0	0
AT1G55730	238	282	239	172	169	175
AT1G55740	249	324	245	207	192	185
AT1G55750	310	283	262	271	287	267
AT1G55755	0	0	1	0	0	0
AT1G55760	112	107	110	114	92	101
AT1G55770	1	1	0	1	0	0
AT1G55775	15	34	17	5	9	18
AT1G55790	0	0	0	0	0	0
AT1G55800	4	1	4	5	4	4
AT1G55803	2	4	2	0	1	2
AT1G55805	144	176	131	132	122	131
AT1G55810	334	396	404	367	377	420
AT1G55820	177	166	169	152	148	130
AT1G55830	215	208	184	202	175	167
AT1G55840	1000	1072	919	901	875	813
AT1G55850	2150	2116	2130	1593	1998	1766
AT1G55860	2949	2214	1936	2206	2080	2005
AT1G55865	5	7	6	14	7	8
AT1G55870	161	198	184	187	181	147
AT1G55880	199	201	192	192	168	197
AT1G55890	255	261	257	300	232	256
AT1G55900	281	298	290	278	285	248
AT1G55910	312	280	214	124	131	127
AT1G55915	60	66	61	51	47	39
AT1G55917	0	0	1	0	0	0
AT1G55920	1938	2195	1863	1191	1618	1526
AT1G55928	0	0	0	0	0	0
AT1G55930	262	265	235	323	250	237
AT1G55940	48	39	43	48	25	25
AT1G55945	0	0	0	0	0	0
AT1G55947	0	0	0	0	0	0
AT1G55950	1	0	1	1	2	2
AT1G55960	379	342	319	372	332	387
AT1G55970	211	222	206	203	188	208
AT1G55980	7	5	3	7	11	8
AT1G55990	311	337	346	372	282	272
AT1G56000	75	56	41	68	27	39
AT1G56010	547	522	596	398	532	492
AT1G56020	137	138	140	141	124	113
AT1G56030	0	0	0	1	0	0
AT1G56040	0	0	0	0	0	0
AT1G56045	692	522	635	633	550	596
AT1G56050	426	380	345	331	355	323
AT1G56060	15	17	14	11	21	27
AT1G56070	14924	14602	13668	12957	12694	11716
AT1G56080	76	81	84	67	72	65
AT1G56085	0	0	1	0	0	0
AT1G56090	137	158	134	119	117	143
AT1G56100	0	0	0	0	0	0
AT1G56105	0	0	0	0	0	0
AT1G56110	1907	1810	1932	1981	1805	1760
AT1G56120	570	512	520	131	252	205
AT1G56130	55	53	74	70	54	53
AT1G56140	706	765	698	625	801	695
AT1G56145	411	432	408	416	444	416
AT1G56150	37	51	47	42	44	33
AT1G56160	0	0	0	0	0	1
AT1G56165	5	9	9	8	9	8
AT1G56170	0	0	0	0	0	0
AT1G56180	191	205	203	203	166	158
AT1G56190	2229	2419	1991	2024	2174	1824
AT1G56200	1641	1841	1707	1670	1776	1503
AT1G56210	139	144	121	152	110	123
AT1G56220	3934	4066	3911	5266	4288	3941
AT1G56225	0	0	0	0	0	0
AT1G56230	323	295	291	352	350	317
AT1G56233	0	0	0	0	0	0
AT1G56240	3	18	13	4	9	15
AT1G56242	0	0	0	0	0	0
AT1G56250	16	66	45	35	25	37
AT1G56260	28	22	28	29	42	32
AT1G56270	0	0	0	0	1	1
AT1G56280	9703	10714	9066	7490	7875	7676
AT1G56290	263	303	274	238	265	234
AT1G56300	1000	1397	1015	1150	1010	1009
AT1G56310	139	141	101	120	129	100
AT1G56320	128	138	123	128	138	97
AT1G56330	1596	1694	1565	1384	1339	1304
AT1G56340	3701	3802	3637	3210	3268	3205
AT1G56345	54	89	63	69	68	65
AT1G56350	115	118	106	109	97	95
AT1G56360	7	7	2	0	0	0
AT1G56380	0	0	0	0	0	0
AT1G56385	0	0	0	0	0	0
AT1G56400	0	0	0	0	0	0
AT1G56410	0	0	1	0	0	0
AT1G56415	0	0	0	0	0	0
AT1G56418	0	0	0	0	0	0
AT1G56420	98	84	88	70	92	78
AT1G56423	214	270	199	158	153	188
AT1G56430	38	37	23	62	53	41
AT1G56440	248	272	214	185	206	205
AT1G56450	1012	1033	896	975	905	854
AT1G56460	658	625	579	489	523	534
AT1G56500	1569	1623	1263	1358	1385	1239
AT1G56510	433	924	561	301	507	800
AT1G56520	220	410	212	33	68	89
AT1G56530	0	0	0	0	0	0
AT1G56540	39	111	48	15	16	28
AT1G56550	307	211	247	137	123	100
AT1G56553	0	0	0	0	0	0
AT1G56555	5	6	3	6	4	3
AT1G56560	384	377	358	323	325	329
AT1G56570	57	59	61	64	56	56
AT1G56580	0	0	0	0	0	0
AT1G56590	274	299	255	279	257	236
AT1G56600	293	406	192	26	80	133
AT1G56610	112	99	106	69	96	95
AT1G56612	147	147	133	140	126	140
AT1G56620	0	0	0	0	0	0
AT1G56630	54	40	39	40	43	40
AT1G56650	24	39	12	26	12	64
AT1G56660	940	982	859	585	635	774
AT1G56670	67	63	64	48	54	41
AT1G56680	54	49	64	41	38	19
AT1G56690	46	33	33	46	34	38
AT1G56700	582	546	484	530	546	498
AT1G56710	46	56	43	58	32	56
AT1G56720	180	184	152	235	218	214
AT1G56730	0	0	0	0	0	0
AT1G56740	0	0	0	0	0	0
AT1G56750	0	0	0	0	0	0
AT1G56760	0	0	0	0	0	0
AT1G56770	0	0	0	0	0	0
AT1G56780	0	0	0	0	0	0
AT1G56790	0	0	0	0	0	0
AT1G56800	0	0	0	0	0	0
AT1G56810	0	0	0	0	0	0
AT1G56820	0	0	0	0	0	0
AT1G56830	0	0	0	0	0	0
AT1G56840	0	0	0	0	0	0
AT1G56850	0	0	0	0	0	0
AT1G56860	0	0	0	0	0	0
AT1G56870	0	0	0	0	0	0
AT1G56880	0	0	0	0	0	0
AT1G56890	0	0	0	0	0	0
AT1G56900	0	0	0	0	0	0
AT1G56910	0	0	0	0	0	0
AT1G56920	0	0	0	0	0	0
AT1G56930	0	0	0	0	0	0
AT1G56940	0	0	0	0	0	0
AT1G56950	0	0	0	0	0	0
AT1G56960	0	0	0	0	0	0
AT1G56970	0	0	0	0	0	0
AT1G56980	0	0	0	0	0	0
AT1G56990	0	0	0	0	0	0
AT1G57000	0	0	0	0	0	0
AT1G57010	0	0	0	0	0	0
AT1G57020	0	0	0	0	0	0
AT1G57030	0	0	0	0	0	0
AT1G57040	0	0	0	0	0	0
AT1G57050	0	0	0	0	0	0
AT1G57060	0	0	0	0	0	0
AT1G57070	0	0	0	0	0	0
AT1G57080	0	0	0	0	0	0
AT1G57090	0	0	0	0	0	0
AT1G57100	0	0	0	0	0	0
AT1G57110	0	0	0	0	0	0
AT1G57120	0	0	0	0	0	0
AT1G57130	0	0	0	0	0	0
AT1G57140	0	0	0	0	0	0
AT1G57150	0	0	0	0	0	0
AT1G57160	0	0	0	0	0	0
AT1G57170	0	0	0	0	0	0
AT1G57180	0	0	0	0	0	0
AT1G57190	0	0	0	0	0	0
AT1G57200	0	0	0	0	0	0
AT1G57210	0	0	0	0	0	0
AT1G57220	0	0	0	0	0	0
AT1G57230	0	0	0	0	0	0
AT1G57240	0	0	0	0	0	0
AT1G57250	0	0	0	0	0	0
AT1G57260	0	0	0	0	0	0
AT1G57270	0	0	0	0	0	0
AT1G57280	0	0	0	0	0	0
AT1G57290	0	0	0	0	0	0
AT1G57300	0	0	0	0	0	0
AT1G57310	0	0	0	0	0	0
AT1G57320	0	0	0	0	0	0
AT1G57330	0	0	0	0	0	0
AT1G57340	0	0	0	0	0	0
AT1G57350	0	0	0	0	0	0
AT1G57360	0	0	0	0	0	0
AT1G57370	0	0	0	0	0	0
AT1G57380	0	0	0	0	0	0
AT1G57390	0	0	0	0	0	0
AT1G57400	0	0	0	0	0	0
AT1G57410	0	0	0	0	0	0
AT1G57420	0	0	0	0	0	0
AT1G57430	0	0	0	0	0	0
AT1G57440	0	0	0	0	0	0
AT1G57450	0	0	0	0	0	0
AT1G57460	0	0	0	0	0	0
AT1G57470	0	0	0	0	0	0
AT1G57480	0	0	0	0	0	0
AT1G57490	0	0	0	0	0	0
AT1G57500	0	0	0	0	0	0
AT1G57510	0	0	0	0	0	0
AT1G57520	0	0	0	0	0	0
AT1G57530	0	0	0	0	0	0
AT1G57540	85	90	64	93	69	63
AT1G57550	0	0	0	0	0	0
AT1G57560	90	64	71	66	55	53
AT1G57565	0	1	0	0	0	0
AT1G57570	35	29	33	17	13	17
AT1G57580	0	0	0	0	0	0
AT1G57590	126	145	103	82	82	67
AT1G57600	237	230	179	191	213	194
AT1G57610	248	231	217	220	197	198
AT1G57613	0	0	0	0	0	0
AT1G57620	381	415	378	356	383	313
AT1G57630	86	108	59	22	46	50
AT1G57650	2	7	3	0	1	2
AT1G57660	509	449	499	527	523	474
AT1G57670	2	4	2	4	0	2
AT1G57680	969	1012	969	797	961	978
AT1G57690	0	0	0	0	0	0
AT1G57700	176	169	134	118	124	135
AT1G57720	3957	4032	3569	3432	3344	2982
AT1G57730	0	0	0	0	0	0
AT1G57750	0	0	0	0	0	0
AT1G57760	0	0	0	0	0	0
AT1G57765	222	229	225	205	164	178
AT1G57770	426	391	316	386	369	311
AT1G57775	0	0	0	0	0	0
AT1G57777	0	0	0	0	0	0
AT1G57780	0	0	0	1	0	0
AT1G57790	78	91	82	86	87	75
AT1G57800	0	0	0	1	0	0
AT1G57820	426	477	415	434	411	399
AT1G57830	4	0	1	1	0	2
AT1G57835	4	2	1	2	2	0
AT1G57850	2	5	0	2	2	6
AT1G57860	205	184	175	181	172	155
AT1G57870	490	486	428	469	417	424
AT1G57906	0	0	0	0	0	0
AT1G57943	1	1	4	0	1	2
AT1G57980	52	48	55	50	59	46
AT1G57990	1373	2739	1624	876	1320	2044
AT1G58007	11	14	22	12	6	13
AT1G58025	408	445	401	424	349	381
AT1G58030	1288	1180	1116	1063	1111	1120
AT1G58037	24	10	10	18	9	8
AT1G58050	0	0	0	0	0	0
AT1G58055	0	0	0	0	0	0
AT1G58060	561	639	554	545	570	552
AT1G58070	63	80	72	87	70	67
AT1G58080	1934	2110	1797	1536	1508	1484
AT1G58090	0	0	0	0	0	0
AT1G58100	443	450	404	306	329	354
AT1G58110	658	571	609	564	573	516
AT1G58120	1	3	3	1	1	1
AT1G58150	41	32	36	50	38	45
AT1G58160	37	26	32	37	20	27
AT1G58170	61	34	52	57	51	53
AT1G58180	620	661	638	506	629	611
AT1G58190	181	135	168	138	163	144
AT1G58200	860	925	720	808	744	834
AT1G58210	85	116	83	79	93	84
AT1G58215	1	1	0	1	0	2
AT1G58220	156	165	132	127	137	138
AT1G58223	0	0	0	0	0	0
AT1G58225	14	30	9	7	8	13
AT1G58230	823	803	683	742	725	725
AT1G58235	95	126	100	103	86	91
AT1G58242	0	0	0	0	0	0
AT1G58245	0	0	0	0	0	0
AT1G58248	0	0	0	0	0	0
AT1G58250	1225	1231	1097	1090	1041	1027
AT1G58260	0	0	0	0	0	0
AT1G58265	0	0	0	0	0	0
AT1G58270	2182	1382	1316	1216	947	1210
AT1G58280	632	728	500	339	314	396
AT1G58290	2826	3847	2480	2080	2326	2612
AT1G58300	3	7	3	2	2	4
AT1G58310	0	0	0	0	0	0
AT1G58320	33	15	12	7	11	7
AT1G58330	6	9	2	3	5	2
AT1G58340	177	218	101	87	74	74
AT1G58350	531	603	479	526	476	462
AT1G58360	779	924	612	461	490	618
AT1G58370	224	194	224	249	212	193
AT1G58380	274	258	274	248	281	251
AT1G58390	12	7	10	3	10	12
AT1G58400	137	158	137	136	163	145
AT1G58410	76	96	77	66	67	87
AT1G58420	13	38	33	15	11	21
AT1G58430	0	1	0	0	0	0
AT1G58440	629	563	598	549	551	518
AT1G58450	0	0	0	0	0	0
AT1G58460	1	5	2	3	3	1
AT1G58470	82	68	61	75	62	70
AT1G58520	285	308	216	162	151	163
AT1G58525	0	0	0	0	0	0
AT1G58590	51	70	42	46	45	40
AT1G58602	4155	3996	3021	2177	2551	2362
AT1G58643	0	0	0	0	0	0
AT1G58684	0	0	0	0	0	0
AT1G58725	0	0	0	0	0	0
AT1G58766	0	0	0	0	0	0
AT1G58807	2	0	0	4	5	0
AT1G58808	0	0	0	0	0	0
AT1G58848	11	21	15	11	16	8
AT1G58936	0	0	0	0	0	0
AT1G58983	0	0	0	0	0	0
AT1G59030	0	0	0	0	0	0
AT1G59077	0	0	0	0	0	0
AT1G59124	0	2	1	0	0	0
AT1G59171	0	0	0	0	0	0
AT1G59218	1	1	0	0	1	0
AT1G59312	0	0	0	0	0	0
AT1G59359	0	0	0	0	0	0
AT1G59406	0	0	0	0	0	0
AT1G59453	0	0	0	0	0	0
AT1G59460	0	0	0	0	0	0
AT1G59470	0	0	0	0	0	0
AT1G59500	0	0	0	0	0	0
AT1G59510	38	38	50	39	43	39
AT1G59520	279	281	260	221	229	228
AT1G59530	1	0	1	2	0	1
AT1G59540	112	127	135	136	123	106
AT1G59550	0	0	0	0	0	0
AT1G59560	81	91	64	81	75	68
AT1G59570	0	0	0	0	0	0
AT1G59580	490	487	441	367	412	381
AT1G59590	357	538	399	182	204	219
AT1G59600	197	254	236	272	222	244
AT1G59610	1643	1808	1513	1381	1541	1371
AT1G59620	262	423	275	182	225	255
AT1G59630	0	0	0	0	0	0
AT1G59640	44	54	43	32	35	36
AT1G59650	360	333	294	260	299	287
AT1G59660	261	287	214	168	206	234
AT1G59670	1	0	1	0	1	1
AT1G59675	0	0	0	0	0	0
AT1G59680	0	0	0	0	0	0
AT1G59690	0	0	0	0	0	0
AT1G59700	401	335	259	215	209	233
AT1G59710	318	342	294	189	235	267
AT1G59720	48	58	35	54	58	51
AT1G59722	0	0	0	0	0	0
AT1G59723	0	0	0	0	0	0
AT1G59724	0	0	0	0	0	0
AT1G59725	46	29	35	20	15	14
AT1G59730	33	21	33	13	7	16
AT1G59740	297	244	180	200	185	245
AT1G59750	1068	1106	938	1056	939	969
AT1G59760	646	691	636	583	602	579
AT1G59780	45	46	38	36	55	50
AT1G59790	0	2	0	1	1	2
AT1G59800	0	0	0	0	1	0
AT1G59810	2	0	1	0	1	1
AT1G59820	822	858	804	695	745	701
AT1G59830	589	542	501	498	514	507
AT1G59833	0	0	0	0	0	0
AT1G59835	0	0	0	0	0	0
AT1G59840	197	182	164	238	200	176
AT1G59850	25	15	13	10	10	7
AT1G59860	27	40	39	33	30	25
AT1G59865	3	12	7	5	12	9
AT1G59870	20990	28547	23085	15511	21742	20610
AT1G59880	0	0	0	0	0	0
AT1G59885	0	0	0	0	0	0
AT1G59890	796	810	743	653	624	717
AT1G59900	2046	2215	1997	2114	2016	1900
AT1G59910	424	794	501	343	482	596
AT1G59920	0	3	0	0	0	0
AT1G59930	0	1	0	0	1	0
AT1G59940	107	60	58	63	65	63
AT1G59950	51	16	15	3	7	9
AT1G59960	710	808	707	586	732	627
AT1G59970	179	216	172	170	171	171
AT1G59980	177	196	184	201	192	159
AT1G59990	454	519	480	512	532	490
AT1G60000	1103	1168	1026	951	931	824
AT1G60010	681	693	684	737	680	663
AT1G60025	0	0	0	0	0	0
AT1G60030	21	39	15	12	6	13
AT1G60040	0	0	0	0	0	0
AT1G60050	17	6	10	9	2	4
AT1G60060	65	43	37	62	65	63
AT1G60070	1501	1487	1350	1409	1364	1269
AT1G60072	0	0	0	0	0	0
AT1G60073	0	0	0	0	0	0
AT1G60080	101	108	87	112	101	97
AT1G60090	0	0	0	0	0	0
AT1G60095	79	113	109	80	76	84
AT1G60110	52	46	46	52	73	61
AT1G60130	13	15	20	7	19	18
AT1G60140	1251	1286	1276	957	1033	1196
AT1G60160	322	311	319	296	340	347
AT1G60170	812	861	761	742	667	636
AT1G60190	43	41	18	2	2	14
AT1G60200	2086	2115	1950	2147	1904	1887
AT1G60220	516	508	474	448	462	450
AT1G60230	256	236	231	264	252	209
AT1G60240	0	0	0	0	0	0
AT1G60250	0	0	0	0	0	0
AT1G60260	605	637	416	340	409	457
AT1G60270	376	382	253	163	129	152
AT1G60280	2	3	2	0	0	0
AT1G60300	0	0	0	0	0	0
AT1G60320	0	0	0	0	0	0
AT1G60340	1	0	0	0	0	0
AT1G60350	0	0	0	1	0	0
AT1G60360	10	10	10	15	8	8
AT1G60370	0	0	0	0	0	0
AT1G60380	0	0	0	0	0	1
AT1G60390	179	222	209	180	174	161
AT1G60400	0	0	0	0	0	0
AT1G60410	0	0	0	1	0	0
AT1G60420	715	712	675	574	645	557
AT1G60430	151	136	125	125	134	131
AT1G60440	331	323	291	280	304	255
AT1G60450	2	13	6	0	0	10
AT1G60460	12	12	16	22	18	12
AT1G60470	106	65	77	36	29	80
AT1G60490	844	826	723	683	654	698
AT1G60500	1	0	1	0	0	1
AT1G60505	171	190	178	194	176	160
AT1G60525	48	61	38	60	59	43
AT1G60530	0	0	1	0	0	0
AT1G60545	132	138	155	151	138	132
AT1G60550	560	638	520	563	539	475
AT1G60560	115	147	95	111	106	120
AT1G60570	0	0	0	0	0	0
AT1G60580	0	0	0	0	0	0
AT1G60590	175	179	87	130	116	117
AT1G60600	421	398	370	518	431	399
AT1G60610	220	230	204	173	175	183
AT1G60620	163	153	157	149	160	164
AT1G60625	0	0	0	0	0	0
AT1G60630	144	186	147	112	123	97
AT1G60640	396	365	381	409	427	425
AT1G60650	343	372	375	339	331	342
AT1G60660	148	112	132	123	137	132
AT1G60670	215	238	223	188	175	208
AT1G60680	457	378	336	357	315	316
AT1G60690	140	134	120	136	121	113
AT1G60700	64	80	89	84	69	91
AT1G60710	1718	1685	1561	1576	1504	1366
AT1G60720	0	0	0	0	0	0
AT1G60730	988	1132	788	652	859	891
AT1G60740	10	19	17	6	9	14
AT1G60750	7	3	5	13	6	2
AT1G60760	0	0	0	0	1	0
AT1G60770	377	405	368	381	404	367
AT1G60780	1348	1504	1303	1364	1286	1185
AT1G60783	0	0	1	0	0	0
AT1G60787	12	7	7	3	7	6
AT1G60790	156	164	168	166	176	125
AT1G60800	765	720	661	872	794	666
AT1G60810	743	619	584	539	477	404
AT1G60815	0	0	0	0	0	0
AT1G60820	0	0	0	0	0	0
AT1G60830	1	1	0	0	1	0
AT1G60840	0	0	0	0	0	0
AT1G60850	228	233	236	215	204	206
AT1G60860	465	488	419	431	386	410
AT1G60870	731	803	780	702	832	754
AT1G60880	0	0	0	0	0	0
AT1G60890	438	418	357	406	352	330
AT1G60900	1461	1521	1417	1404	1422	1367
AT1G60910	0	0	0	0	0	0
AT1G60913	0	0	0	0	0	0
AT1G60920	0	0	0	1	0	0
AT1G60930	93	119	100	111	90	118
AT1G60940	906	916	844	764	878	808
AT1G60950	11393	11004	9857	9787	9450	8098
AT1G60960	497	330	422	370	375	378
AT1G60970	13	11	14	10	10	8
AT1G60980	3	3	2	1	4	2
AT1G60983	0	0	0	0	0	0
AT1G60985	0	0	0	1	0	0
AT1G60986	0	0	1	0	0	0
AT1G60987	0	0	0	0	0	0
AT1G60989	76	86	54	66	52	66
AT1G60990	475	455	439	453	407	422
AT1G60995	427	452	402	365	359	377
AT1G61000	115	131	104	100	86	99
AT1G61010	499	544	444	508	525	483
AT1G61020	0	0	0	0	0	0
AT1G61030	261	312	235	232	260	231
AT1G61040	576	548	505	494	488	457
AT1G61050	113	73	80	62	34	50
AT1G61060	0	0	0	0	0	0
AT1G61065	56	49	37	37	44	43
AT1G61070	0	0	0	0	0	0
AT1G61080	78	44	45	36	40	44
AT1G61090	0	0	0	0	0	0
AT1G61093	1	0	0	0	0	0
AT1G61095	0	0	0	0	0	1
AT1G61097	0	0	0	0	0	0
AT1G61100	1420	1487	1584	1049	1293	1518
AT1G61105	0	0	0	0	0	0
AT1G61110	1	0	0	0	0	0
AT1G61120	206	37	45	8	7	24
AT1G61130	9	11	4	12	6	6
AT1G61140	559	548	470	408	419	493
AT1G61150	611	642	555	563	520	533
AT1G61160	0	0	0	0	0	0
AT1G61165	0	0	0	0	0	0
AT1G61170	54	80	50	55	64	54
AT1G61180	384	412	396	304	305	346
AT1G61190	1105	1242	1019	683	781	741
AT1G61200	0	0	0	0	0	0
AT1G61210	676	603	520	398	497	450
AT1G61215	70	81	64	58	45	44
AT1G61224	0	0	0	1	0	0
AT1G61226	2	1	1	0	1	0
AT1G61230	7	3	7	7	5	4
AT1G61240	212	254	185	199	191	214
AT1G61250	903	1085	864	751	823	826
AT1G61255	7	16	19	20	13	12
AT1G61260	84	189	80	89	121	140
AT1G61270	10	3	3	8	5	2
AT1G61275	5	8	4	4	5	1
AT1G61280	24	27	10	27	21	13
AT1G61290	1	0	0	0	1	0
AT1G61300	491	488	359	295	330	267
AT1G61310	109	99	76	85	76	80
AT1G61320	0	0	0	1	1	1
AT1G61330	0	0	0	0	0	0
AT1G61340	130	370	200	83	117	163
AT1G61350	257	270	262	282	219	222
AT1G61360	484	559	467	354	401	367
AT1G61370	129	149	136	62	67	84
AT1G61380	773	951	833	408	433	403
AT1G61390	16	19	17	17	12	4
AT1G61400	60	53	49	65	65	50
AT1G61410	21	13	11	8	14	19
AT1G61415	5	2	1	4	1	2
AT1G61420	83	107	91	75	108	91
AT1G61430	227	245	252	253	225	208
AT1G61440	14	11	17	17	7	12
AT1G61450	17	24	16	16	13	15
AT1G61460	44	56	50	54	54	51
AT1G61470	32	49	17	19	8	32
AT1G61475	1	3	2	3	2	2
AT1G61480	28	24	30	26	33	28
AT1G61490	67	81	70	86	62	77
AT1G61500	109	106	103	120	107	91
AT1G61520	16785	27366	18673	28114	26230	22707
AT1G61540	0	0	0	0	0	0
AT1G61550	12	11	14	11	24	18
AT1G61560	406	398	415	186	224	235
AT1G61562	0	1	0	0	0	0
AT1G61563	0	0	0	0	0	0
AT1G61565	0	0	0	0	0	0
AT1G61566	0	0	0	0	1	0
AT1G61570	182	167	157	114	156	131
AT1G61575	0	1	0	2	2	2
AT1G61580	465	423	431	450	394	389
AT1G61590	231	141	198	189	165	132
AT1G61600	75	98	73	90	69	107
AT1G61610	56	64	36	9	17	54
AT1G61620	610	596	552	505	491	467
AT1G61630	0	0	0	0	0	0
AT1G61640	164	191	140	128	135	137
AT1G61660	535	744	562	598	551	673
AT1G61667	129	98	87	72	128	109
AT1G61670	453	483	404	412	422	385
AT1G61680	1	2	1	3	3	0
AT1G61688	0	0	0	0	0	0
AT1G61690	710	752	719	618	631	636
AT1G61700	1	0	0	0	0	0
AT1G61710	4	4	2	3	3	3
AT1G61720	0	0	0	1	0	1
AT1G61730	368	361	343	349	330	334
AT1G61732	0	0	0	0	0	0
AT1G61740	1438	1302	1584	1292	1577	1334
AT1G61750	1	0	3	0	1	1
AT1G61760	17	22	17	21	15	12
AT1G61770	586	572	568	474	426	473
AT1G61780	280	251	253	238	238	241
AT1G61790	1242	1318	1234	1128	1034	1062
AT1G61795	87	76	73	75	81	58
AT1G61800	706	975	286	30	47	327
AT1G61810	15	24	24	33	22	50
AT1G61820	543	388	352	355	421	572
AT1G61840	13	7	16	13	11	19
AT1G61850	737	758	744	698	702	739
AT1G61860	45	20	33	19	17	22
AT1G61870	458	402	419	464	418	394
AT1G61880	0	0	0	0	0	0
AT1G61890	715	1191	748	613	663	1170
AT1G61900	274	270	245	254	278	287
AT1G61910	0	0	0	0	0	0
AT1G61920	0	1	1	0	2	0
AT1G61930	28	30	29	27	16	18
AT1G61940	0	0	0	0	0	0
AT1G61950	53	31	41	22	17	10
AT1G61960	68	57	43	59	45	77
AT1G61970	81	115	95	121	117	96
AT1G61980	81	117	89	103	70	77
AT1G61990	167	127	134	147	126	139
AT1G62000	3	0	0	1	0	0
AT1G62010	50	62	48	53	49	55
AT1G62020	1403	1403	1223	1223	1128	1155
AT1G62030	90	59	69	59	52	32
AT1G62035	1	6	4	2	6	3
AT1G62040	273	256	258	267	266	263
AT1G62045	46	36	45	45	29	30
AT1G62050	121	122	122	140	105	95
AT1G62060	0	0	0	0	0	0
AT1G62070	0	0	0	0	0	0
AT1G62080	0	0	0	0	0	0
AT1G62085	57	61	49	39	35	35
AT1G62110	42	45	43	39	44	30
AT1G62120	44	49	32	47	51	40
AT1G62130	166	186	154	136	158	164
AT1G62150	51	55	54	50	48	55
AT1G62160	0	0	0	1	0	0
AT1G62170	0	0	0	0	1	0
AT1G62180	1125	990	847	520	578	599
AT1G62190	0	0	0	0	0	0
AT1G62200	569	570	408	297	325	311
AT1G62210	0	0	0	0	0	0
AT1G62220	0	0	0	0	0	0
AT1G62225	0	2	0	4	2	0
AT1G62240	0	0	0	0	0	0
AT1G62250	241	246	222	180	159	157
AT1G62260	76	65	75	77	81	67
AT1G62262	34	24	29	13	22	9
AT1G62270	0	0	0	0	0	0
AT1G62280	3	8	3	15	11	8
AT1G62290	104	121	84	121	102	79
AT1G62300	753	885	688	553	690	756
AT1G62305	143	145	134	102	103	116
AT1G62310	777	883	675	606	602	599
AT1G62320	75	49	47	35	17	30
AT1G62330	354	385	302	381	354	329
AT1G62333	2	0	3	4	2	4
AT1G62340	0	0	0	0	1	0
AT1G62350	19	30	13	20	23	26
AT1G62355	4	2	3	4	1	3
AT1G62360	73	70	46	45	63	57
AT1G62370	220	202	155	108	115	101
AT1G62380	13385	12176	11953	13649	12232	10778
AT1G62390	1528	1584	1481	1545	1516	1433
AT1G62400	74	70	64	64	43	48
AT1G62410	0	1	0	1	0	0
AT1G62420	10	25	25	14	16	33
AT1G62421	0	0	0	0	0	0
AT1G62422	177	216	192	149	111	139
AT1G62430	544	566	418	494	474	509
AT1G62440	215	101	160	128	95	105
AT1G62450	1	0	0	1	0	0
AT1G62480	1594	1962	1936	2265	2305	1950
AT1G62490	5	4	3	2	1	2
AT1G62500	211	235	211	220	245	252
AT1G62510	29	30	46	27	36	41
AT1G62515	0	0	0	0	0	0
AT1G62520	40	52	38	76	61	50
AT1G62530	3	3	2	0	3	3
AT1G62540	273	343	181	151	175	242
AT1G62560	363	409	280	413	427	411
AT1G62570	1209	916	871	593	581	583
AT1G62580	14	6	7	9	14	6
AT1G62590	23	26	19	20	12	24
AT1G62600	190	174	184	184	175	161
AT1G62610	65	61	58	57	55	59
AT1G62620	1	1	1	1	1	0
AT1G62630	242	231	209	220	197	200
AT1G62640	457	511	491	558	484	468
AT1G62660	3526	2243	2539	2081	1975	1957
AT1G62670	58	57	52	57	41	60
AT1G62680	64	60	55	52	46	41
AT1G62690	0	2	2	2	1	1
AT1G62700	22	17	16	26	24	24
AT1G62710	325	443	253	89	95	188
AT1G62720	5	3	3	10	8	15
AT1G62730	98	99	96	96	84	84
AT1G62740	1203	1222	1099	943	1027	924
AT1G62750	4540	3987	3520	3833	3510	3067
AT1G62760	36	24	12	6	4	27
AT1G62770	137	240	187	220	217	217
AT1G62780	1047	936	783	1039	976	904
AT1G62790	649	651	661	548	582	508
AT1G62800	449	430	450	381	388	358
AT1G62810	644	503	554	481	475	474
AT1G62820	163	147	151	130	157	144
AT1G62830	213	230	196	254	219	233
AT1G62840	13	17	11	5	8	8
AT1G62850	277	317	246	259	254	252
AT1G62870	86	89	76	79	69	73
AT1G62880	143	157	150	122	121	138
AT1G62886	0	0	0	0	0	0
AT1G62895	0	0	0	0	0	0
AT1G62900	2	7	2	4	1	5
AT1G62910	7	10	10	6	3	10
AT1G62914	76	70	63	63	63	61
AT1G62915	30	36	20	17	25	26
AT1G62920	22	34	28	33	25	33
AT1G62930	50	54	33	28	44	35
AT1G62935	10	5	9	5	3	5
AT1G62940	0	2	3	1	1	2
AT1G62950	88	65	59	85	75	68
AT1G62960	430	527	443	286	318	274
AT1G62970	256	242	219	245	221	215
AT1G62975	208	135	142	177	131	131
AT1G62978	0	0	0	0	0	0
AT1G62980	553	329	320	225	192	134
AT1G62981	18	12	6	14	20	10
AT1G62990	181	164	150	132	127	137
AT1G63000	1604	1415	1364	1334	1246	1157
AT1G63005	1	4	2	0	2	0
AT1G63010	1401	1228	1093	848	810	883
AT1G63020	145	212	155	128	164	146
AT1G63030	0	0	1	0	0	0
AT1G63050	135	132	134	168	136	125
AT1G63055	12	8	14	9	14	20
AT1G63057	12	4	7	6	7	13
AT1G63060	1	0	0	0	0	0
AT1G63070	0	0	0	0	0	0
AT1G63080	29	38	39	27	21	31
AT1G63090	298	362	287	145	237	283
AT1G63100	273	278	258	302	258	234
AT1G63105	1	1	1	0	0	0
AT1G63110	401	384	365	368	381	331
AT1G63120	166	186	181	219	225	227
AT1G63130	85	90	89	91	100	95
AT1G63140	0	0	0	0	0	1
AT1G63150	53	44	40	48	41	47
AT1G63160	132	108	105	121	91	119
AT1G63170	418	422	359	399	341	293
AT1G63180	85	60	64	68	50	76
AT1G63190	0	0	0	0	0	0
AT1G63200	0	0	0	0	0	0
AT1G63205	0	0	0	0	0	0
AT1G63206	0	0	0	0	0	0
AT1G63210	0	0	0	0	0	0
AT1G63220	319	241	314	226	217	185
AT1G63230	25	31	32	35	28	14
AT1G63240	199	194	183	255	207	215
AT1G63245	18	29	16	10	11	25
AT1G63250	127	121	128	125	129	131
AT1G63260	132	119	138	111	130	123
AT1G63270	170	188	177	196	174	180
AT1G63280	0	0	0	1	0	0
AT1G63290	647	645	593	625	579	595
AT1G63295	58	56	57	70	58	68
AT1G63300	194	203	175	210	181	179
AT1G63310	92	99	81	100	101	104
AT1G63320	0	0	0	0	0	0
AT1G63330	1	0	1	0	1	0
AT1G63340	0	0	0	0	1	0
AT1G63350	110	158	159	72	117	135
AT1G63360	543	598	502	475	527	438
AT1G63370	0	2	0	2	1	1
AT1G63380	14	6	8	3	3	8
AT1G63390	8	4	6	2	2	5
AT1G63400	19	32	19	22	20	15
AT1G63410	14	23	22	12	17	16
AT1G63420	296	300	270	327	295	291
AT1G63430	450	490	376	438	412	405
AT1G63440	199	224	202	148	184	185
AT1G63450	90	52	57	36	33	18
AT1G63460	360	349	308	256	293	293
AT1G63470	214	242	210	253	202	188
AT1G63480	224	256	207	246	279	202
AT1G63490	483	489	428	479	430	471
AT1G63500	622	633	574	469	503	482
AT1G63510	0	0	0	0	0	0
AT1G63520	15	14	7	12	13	19
AT1G63522	0	1	2	0	0	0
AT1G63530	153	283	123	42	72	68
AT1G63535	0	0	0	0	0	0
AT1G63540	0	0	0	0	0	0
AT1G63550	1	0	1	0	0	0
AT1G63570	0	2	2	0	0	0
AT1G63580	17	5	15	8	11	6
AT1G63590	2	0	1	0	0	0
AT1G63600	37	10	13	8	5	9
AT1G63610	548	594	526	596	589	519
AT1G63615	2	0	0	0	0	1
AT1G63630	2	1	1	1	0	5
AT1G63640	395	471	459	443	402	378
AT1G63650	83	81	79	84	69	74
AT1G63660	535	545	521	525	501	483
AT1G63670	244	242	239	264	241	238
AT1G63680	520	552	500	606	533	503
AT1G63690	926	894	814	895	836	830
AT1G63700	668	723	590	635	608	613
AT1G63710	10	6	13	8	16	10
AT1G63720	175	221	185	116	155	186
AT1G63730	89	70	66	73	69	55
AT1G63740	190	246	210	160	198	188
AT1G63750	230	562	410	188	345	463
AT1G63770	3594	3829	3170	3283	3163	3158
AT1G63780	243	257	225	197	230	223
AT1G63790	0	0	0	0	0	0
AT1G63800	577	637	612	656	687	596
AT1G63810	426	494	433	519	510	492
AT1G63820	14	47	19	12	18	22
AT1G63830	342	493	358	392	351	390
AT1G63840	295	288	195	141	169	164
AT1G63850	354	328	268	287	282	270
AT1G63855	49	55	42	41	48	44
AT1G63860	217	548	395	151	318	403
AT1G63870	2	1	3	0	0	5
AT1G63880	1260	1608	1336	975	1229	1168
AT1G63900	374	477	405	348	385	382
AT1G63910	8	13	8	9	4	5
AT1G63930	53	27	42	21	19	16
AT1G63940	1414	1474	1541	1561	1501	1464
AT1G63950	0	0	0	0	0	2
AT1G63960	0	0	0	2	0	1
AT1G63970	683	751	633	672	642	574
AT1G63980	1316	1259	1130	1153	1117	986
AT1G63990	5	3	4	1	3	2
AT1G64000	23	26	26	26	21	29
AT1G64010	4	2	1	1	4	3
AT1G64020	3	2	2	1	1	0
AT1G64030	0	0	0	0	0	0
AT1G64040	779	781	737	704	655	602
AT1G64050	498	541	471	510	475	445
AT1G64060	688	600	568	432	474	526
AT1G64065	58	84	58	37	45	76
AT1G64070	3	0	1	0	0	0
AT1G64080	94	102	95	101	79	75
AT1G64090	687	651	638	638	634	496
AT1G64100	7	7	4	6	7	5
AT1G64105	0	0	0	0	1	0
AT1G64107	1	0	1	0	0	0
AT1G64110	42	37	31	26	24	23
AT1G64120	0	0	0	0	0	0
AT1G64130	0	0	1	0	0	0
AT1G64140	2098	2034	1766	1442	1423	1459
AT1G64150	306	341	237	365	308	289
AT1G64160	16	27	23	37	34	53
AT1G64170	600	904	883	599	835	660
AT1G64180	73	91	78	87	73	72
AT1G64185	20	29	32	25	20	13
AT1G64190	707	675	694	622	687	587
AT1G64195	1	0	0	3	1	1
AT1G64200	640	556	505	419	409	501
AT1G64210	45	34	35	23	27	23
AT1G64220	22	17	25	8	16	10
AT1G64230	3320	3473	3130	2775	2827	2646
AT1G64235	0	0	0	0	0	0
AT1G64253	7	9	8	8	7	4
AT1G64255	0	0	0	1	0	1
AT1G64260	7	5	6	14	11	7
AT1G64280	629	840	611	445	533	569
AT1G64290	2	0	3	2	1	1
AT1G64295	0	0	0	0	0	0
AT1G64300	68	80	57	58	57	58
AT1G64310	8	13	10	10	12	11
AT1G64320	23	27	22	30	18	15
AT1G64330	494	468	517	437	427	434
AT1G64340	1	0	3	1	2	1
AT1G64350	179	182	164	177	171	178
AT1G64355	290	326	256	286	305	234
AT1G64360	191	174	165	60	136	139
AT1G64370	4753	5194	4445	2447	3110	2482
AT1G64380	26	53	17	9	5	6
AT1G64385	386	378	361	315	306	304
AT1G64390	919	1045	953	1202	880	818
AT1G64400	306	487	479	518	502	439
AT1G64405	19	34	28	33	42	25
AT1G64420	0	0	0	0	0	0
AT1G64430	904	892	822	851	799	719
AT1G64440	359	359	310	275	223	216
AT1G64450	51	51	56	46	53	50
AT1G64455	0	0	0	0	0	0
AT1G64460	383	424	325	307	301	300
AT1G64480	27	22	26	11	18	15
AT1G64490	139	121	122	78	87	85
AT1G64500	751	562	507	100	127	102
AT1G64510	1768	1897	1566	1776	1664	1514
AT1G64520	875	869	843	808	793	716
AT1G64530	404	325	358	349	297	295
AT1G64540	2	1	3	2	2	2
AT1G64550	1001	1022	974	966	928	908
AT1G64561	12	5	9	9	10	6
AT1G64563	41	51	24	33	24	21
AT1G64570	666	657	618	579	556	577
AT1G64572	67	55	50	58	41	44
AT1G64580	88	74	75	68	59	73
AT1G64583	10	21	20	16	22	9
AT1G64584	1	0	0	0	0	1
AT1G64585	1	0	0	0	1	0
AT1G64590	1411	667	899	383	269	337
AT1G64600	142	173	176	164	156	157
AT1G64610	266	414	277	139	189	224
AT1G64618	2	4	1	0	0	1
AT1G64620	97	136	92	91	86	91
AT1G64625	27	26	26	32	20	25
AT1G64630	261	266	245	262	268	230
AT1G64633	0	0	0	0	0	0
AT1G64640	212	181	173	206	200	188
AT1G64650	906	848	825	926	781	719
AT1G64660	318	231	227	200	155	250
AT1G64670	210	271	228	167	198	154
AT1G64680	1151	992	832	968	894	744
AT1G64690	75	82	82	62	43	60
AT1G64700	30	26	27	33	24	23
AT1G64710	888	964	734	647	669	591
AT1G64720	11006	12435	10657	9523	8612	8090
AT1G64740	308	327	278	233	252	258
AT1G64750	774	771	704	648	634	613
AT1G64760	183	328	224	212	252	266
AT1G64770	1329	1277	956	880	952	858
AT1G64780	446	344	347	313	239	236
AT1G64790	2102	1798	1769	1857	1894	1693
AT1G64795	0	0	0	0	0	0
AT1G64800	0	0	1	1	0	0
AT1G64810	349	367	271	312	284	359
AT1G64820	1	0	0	0	0	0
AT1G64830	0	0	0	0	0	0
AT1G64840	195	157	159	165	144	126
AT1G64850	434	392	326	302	290	314
AT1G64860	1275	1388	1130	907	963	902
AT1G64870	0	0	0	0	0	0
AT1G64880	1173	973	1113	1072	1086	1069
AT1G64890	112	108	85	104	84	94
AT1G64900	1217	1353	860	516	590	871
AT1G64910	3	4	9	3	4	4
AT1G64920	34	28	37	22	17	16
AT1G64930	68	41	40	38	38	28
AT1G64940	16	6	7	12	25	19
AT1G64950	994	945	756	511	491	594
AT1G64960	221	258	239	224	233	246
AT1G64970	201	265	105	103	89	129
AT1G64980	380	555	380	342	336	380
AT1G64990	523	543	414	421	397	411
AT1G65000	61	51	61	55	44	52
AT1G65010	1535	1485	1426	1572	1418	1266
AT1G65020	337	369	312	255	252	263
AT1G65030	215	226	183	197	188	161
AT1G65032	66	57	55	46	51	52
AT1G65040	678	775	659	532	563	589
AT1G65050	0	0	0	0	0	0
AT1G65060	208	205	170	220	135	140
AT1G65070	513	491	422	495	422	439
AT1G65080	87	88	95	76	89	87
AT1G65090	0	0	0	1	0	1
AT1G65110	17	7	9	9	17	9
AT1G65113	0	0	0	0	0	0
AT1G65120	59	49	43	41	42	31
AT1G65130	12	8	6	9	7	11
AT1G65140	0	0	0	0	1	1
AT1G65150	66	90	57	32	42	44
AT1G65160	0	0	0	0	0	0
AT1G65165	0	0	0	0	0	0
AT1G65170	0	0	0	0	0	0
AT1G65180	61	22	26	37	26	27
AT1G65190	713	655	499	436	501	431
AT1G65200	1	1	4	1	1	6
AT1G65210	0	0	0	0	0	0
AT1G65220	1096	1135	1040	1037	998	926
AT1G65230	431	406	341	544	421	382
AT1G65240	6	12	7	5	9	11
AT1G65250	35	53	48	28	36	30
AT1G65260	2190	2518	2041	2348	2206	1948
AT1G65270	729	805	743	670	634	627
AT1G65280	869	927	896	737	794	710
AT1G65290	992	915	900	880	838	763
AT1G65295	144	140	142	151	166	149
AT1G65300	0	2	2	1	0	5
AT1G65310	122	109	188	200	252	195
AT1G65320	312	347	293	347	322	311
AT1G65330	0	0	0	0	0	1
AT1G65340	0	0	0	0	0	0
AT1G65342	0	0	0	0	0	0
AT1G65346	0	0	0	0	0	0
AT1G65349	0	0	0	0	0	0
AT1G65350	0	0	0	0	0	0
AT1G65352	0	0	0	0	0	0
AT1G65360	1	0	0	0	0	0
AT1G65370	400	445	435	46	34	34
AT1G65380	120	146	135	97	98	106
AT1G65390	65	238	177	121	185	224
AT1G65410	417	512	414	392	419	423
AT1G65420	16	17	11	14	21	18
AT1G65425	0	0	0	0	0	0
AT1G65430	550	569	507	430	452	453
AT1G65440	2180	2194	1946	1805	1805	1739
AT1G65450	25	35	21	25	36	43
AT1G65470	188	165	153	156	148	150
AT1G65480	13	14	16	28	42	37
AT1G65481	32	38	28	18	34	28
AT1G65483	8	10	5	0	1	4
AT1G65484	20	47	30	18	22	25
AT1G65486	136	264	202	82	97	101
AT1G65490	138	232	115	19	36	77
AT1G65500	123	278	184	67	110	144
AT1G65510	54	66	73	57	65	65
AT1G65520	155	157	142	122	152	126
AT1G65540	1453	1464	1240	1018	1099	1014
AT1G65541	0	0	0	0	0	0
AT1G65550	0	0	0	2	0	1
AT1G65560	106	117	82	89	81	79
AT1G65570	64	56	71	54	58	35
AT1G65580	1081	1153	1005	947	978	885
AT1G65590	405	334	388	360	342	343
AT1G65610	633	382	411	295	332	336
AT1G65620	61	42	49	29	33	34
AT1G65630	0	0	0	1	0	0
AT1G65640	0	0	0	0	0	0
AT1G65650	442	460	397	424	381	367
AT1G65660	816	978	818	796	852	789
AT1G65670	4	8	3	3	4	4
AT1G65680	1	7	1	1	0	3
AT1G65681	0	0	0	0	0	0
AT1G65690	612	659	499	315	422	470
AT1G65700	200	208	220	204	211	183
AT1G65710	36	32	32	59	27	32
AT1G65720	1689	1666	1563	1372	1418	1509
AT1G65730	37	36	42	22	31	40
AT1G65735	0	0	0	0	0	0
AT1G65740	0	0	0	0	0	0
AT1G65760	0	1	0	2	0	0
AT1G65770	0	0	0	0	0	0
AT1G65780	0	0	0	0	0	0
AT1G65790	134	316	140	28	54	78
AT1G65800	1340	1678	1171	527	889	747
AT1G65810	2	1	0	0	1	3
AT1G65820	1579	1497	1266	1178	1170	1202
AT1G65830	0	0	0	0	0	0
AT1G65840	2904	3180	2406	1650	1698	2037
AT1G65845	227	419	500	407	461	421
AT1G65850	6	11	15	3	12	8
AT1G65860	225	282	184	195	215	273
AT1G65870	14	23	14	4	7	2
AT1G65880	1	0	0	0	0	1
AT1G65890	4	22	5	0	1	10
AT1G65900	116	169	103	120	102	106
AT1G65910	25	20	24	19	23	31
AT1G65920	178	184	152	202	196	149
AT1G65930	8590	8442	9056	8104	8556	7400
AT1G65950	239	209	209	196	186	180
AT1G65960	6039	6573	6020	4692	5264	4314
AT1G65970	486	585	460	177	266	260
AT1G65980	3401	3638	3034	2705	2851	2900
AT1G65985	179	196	205	156	166	135
AT1G65990	0	1	0	0	0	1
AT1G66000	0	0	0	0	0	0
AT1G66020	31	26	25	22	25	20
AT1G66030	6	4	2	1	2	3
AT1G66040	1	0	0	0	0	0
AT1G66045	0	0	0	0	0	0
AT1G66050	7	2	5	6	11	8
AT1G66060	0	0	0	2	2	2
AT1G66070	452	428	372	343	385	368
AT1G66080	106	126	101	107	80	88
AT1G66090	245	843	338	67	164	237
AT1G66100	384	339	121	75	66	119
AT1G66110	7	6	7	0	0	0
AT1G66120	0	0	0	0	0	0
AT1G66130	246	247	200	200	191	163
AT1G66140	231	200	202	211	197	233
AT1G66145	0	0	0	0	0	0
AT1G66150	907	1148	997	974	1041	991
AT1G66160	220	285	223	141	189	233
AT1G66170	1	1	3	3	2	2
AT1G66173	4	4	4	3	8	8
AT1G66180	1366	1661	1578	1765	1856	1931
AT1G66190	66	59	83	86	84	75
AT1G66200	6330	5603	5890	4578	5447	4888
AT1G66210	0	0	0	0	0	0
AT1G66220	0	0	0	0	0	0
AT1G66230	49	67	56	46	69	63
AT1G66235	0	0	0	0	0	0
AT1G66240	2082	2185	2010	1841	1832	1962
AT1G66245	0	0	0	0	0	0
AT1G66250	200	184	177	206	201	178
AT1G66260	1420	1566	1388	1259	1374	1509
AT1G66270	5566	3395	3352	2649	2033	2277
AT1G66280	3452	2255	2093	1623	1100	1812
AT1G66290	0	1	0	0	0	0
AT1G66300	1	0	0	1	1	1
AT1G66310	0	0	0	0	0	1
AT1G66320	2	2	0	0	0	0
AT1G66330	799	787	616	462	478	463
AT1G66340	545	548	500	428	393	451
AT1G66345	61	67	59	48	65	56
AT1G66350	107	117	86	93	83	105
AT1G66360	1	0	3	3	0	1
AT1G66370	16	4	3	4	2	21
AT1G66380	7	8	5	9	4	13
AT1G66390	182	119	63	45	27	59
AT1G66400	77	65	55	52	50	58
AT1G66410	2630	2567	2415	2127	2136	2039
AT1G66420	2	0	0	0	3	1
AT1G66430	740	834	646	885	726	681
AT1G66440	16	23	26	18	21	12
AT1G66450	20	28	14	12	20	8
AT1G66460	3	4	2	5	5	9
AT1G66465	11	26	18	15	19	12
AT1G66470	104	79	90	70	77	67
AT1G66480	87	91	83	87	82	105
AT1G66490	0	0	0	0	0	0
AT1G66500	100	160	82	51	56	106
AT1G66510	152	158	150	139	157	129
AT1G66520	88	93	79	85	104	100
AT1G66530	392	420	344	391	351	358
AT1G66540	154	126	132	100	103	86
AT1G66550	1	4	4	0	0	1
AT1G66560	3	1	0	0	0	0
AT1G66570	28	54	18	0	7	14
AT1G66580	3444	3386	2873	2547	2853	2897
AT1G66590	22	27	17	13	15	14
AT1G66600	21	21	17	0	1	3
AT1G66610	0	0	0	0	0	0
AT1G66620	75	85	65	53	60	67
AT1G66630	0	0	0	0	0	0
AT1G66640	0	0	0	0	0	0
AT1G66650	12	16	8	11	7	6
AT1G66660	116	96	97	97	89	82
AT1G66670	1857	1857	1725	1582	1484	1523
AT1G66680	369	341	308	289	286	276
AT1G66690	6	1	5	5	8	10
AT1G66700	185	161	123	93	121	120
AT1G66720	0	0	0	0	0	0
AT1G66725	364	261	219	124	95	87
AT1G66730	299	294	284	296	315	261
AT1G66740	152	153	143	140	124	145
AT1G66750	157	150	159	127	115	146
AT1G66760	511	465	355	154	150	323
AT1G66770	0	0	0	0	0	0
AT1G66780	7	2	10	6	5	6
AT1G66783	4	3	4	6	1	1
AT1G66795	2	2	0	0	0	1
AT1G66800	94	68	48	45	28	62
AT1G66810	20	32	22	25	14	19
AT1G66820	0	0	0	0	0	0
AT1G66830	18	19	18	15	16	11
AT1G66840	314	292	249	224	214	200
AT1G66850	0	0	0	0	0	0
AT1G66852	0	0	0	0	0	0
AT1G66855	0	0	0	0	0	0
AT1G66860	10	17	9	8	9	28
AT1G66870	1	0	0	0	1	0
AT1G66880	856	1653	844	476	577	702
AT1G66890	204	272	195	228	249	201
AT1G66900	207	229	179	178	191	187
AT1G66910	206	280	192	172	204	196
AT1G66920	363	572	474	259	389	385
AT1G66930	19	17	14	20	15	22
AT1G66940	320	382	407	419	446	366
AT1G66950	28	37	34	33	26	28
AT1G66960	57	42	17	14	22	35
AT1G66970	2905	3278	2501	1353	1753	1571
AT1G66980	1404	1543	1299	1051	1087	1094
AT1G67000	65	38	33	2	3	12
AT1G67020	5	1	3	5	8	3
AT1G67025	0	3	0	0	0	0
AT1G67030	209	201	186	175	149	176
AT1G67035	13	11	10	20	5	15
AT1G67040	67	65	64	123	106	101
AT1G67050	176	224	184	190	206	190
AT1G67060	215	269	235	185	254	204
AT1G67070	116	79	76	31	33	46
AT1G67080	363	397	373	383	335	350
AT1G67090	94053	88852	76139	93677	79527	74166
AT1G67100	12	50	21	14	38	22
AT1G67105	44	269	129	485	355	652
AT1G67110	82	28	42	48	115	48
AT1G67120	1144	821	841	887	1036	874
AT1G67130	0	0	0	0	0	0
AT1G67140	1054	1007	846	917	893	876
AT1G67148	181	149	209	184	242	209
AT1G67150	20	13	21	34	14	14
AT1G67160	0	1	0	2	1	0
AT1G67170	203	207	187	181	183	194
AT1G67180	45	52	41	62	41	44
AT1G67190	176	173	165	156	139	146
AT1G67195	129	120	75	89	84	86
AT1G67210	73	68	69	70	71	58
AT1G67220	0	1	1	0	1	4
AT1G67230	2153	2001	1896	1673	1593	1623
AT1G67235	0	0	0	0	0	0
AT1G67238	0	0	0	1	0	0
AT1G67250	337	280	293	294	252	278
AT1G67260	1	2	1	2	3	2
AT1G67265	4	6	8	12	24	17
AT1G67270	1	13	13	9	17	20
AT1G67280	2926	3176	2818	2936	3060	2732
AT1G67290	1	0	0	0	0	0
AT1G67300	516	482	384	395	394	423
AT1G67310	888	982	943	811	786	907
AT1G67320	169	182	150	150	159	143
AT1G67325	381	448	413	435	378	351
AT1G67328	0	0	0	0	0	0
AT1G67330	0	0	0	0	0	0
AT1G67340	302	272	255	243	246	266
AT1G67350	953	1025	978	799	855	764
AT1G67360	893	899	651	425	381	415
AT1G67365	35	60	42	19	25	35
AT1G67370	39	57	45	27	30	30
AT1G67390	0	0	0	0	0	0
AT1G67400	95	111	109	131	118	106
AT1G67410	132	147	135	121	134	150
AT1G67420	126	114	100	115	115	101
AT1G67430	4545	4365	4246	4288	4139	3674
AT1G67440	165	206	189	196	179	178
AT1G67450	0	0	0	0	0	0
AT1G67455	0	1	1	0	0	0
AT1G67460	16	13	9	7	4	8
AT1G67470	133	292	153	64	111	133
AT1G67480	1160	930	894	961	932	904
AT1G67481	1	0	1	0	0	1
AT1G67490	506	552	547	470	467	458
AT1G67500	385	407	330	342	301	337
AT1G67510	157	201	167	201	173	169
AT1G67520	93	130	104	38	81	99
AT1G67530	422	509	375	345	342	436
AT1G67540	0	0	0	0	0	1
AT1G67550	559	536	486	462	474	430
AT1G67560	784	789	712	524	615	690
AT1G67570	62	47	39	47	44	45
AT1G67580	865	882	834	719	766	689
AT1G67590	316	292	255	305	241	237
AT1G67600	141	123	93	25	30	37
AT1G67620	116	93	93	43	40	39
AT1G67623	0	1	2	0	1	0
AT1G67630	201	201	183	186	155	149
AT1G67635	1	0	1	0	0	1
AT1G67640	0	0	1	2	2	2
AT1G67650	57	62	49	60	59	48
AT1G67660	190	225	165	269	205	198
AT1G67670	1	0	1	1	1	2
AT1G67680	922	868	799	821	867	759
AT1G67690	124	147	140	143	128	112
AT1G67700	2036	2236	1856	2499	2209	2017
AT1G67710	118	86	121	83	69	83
AT1G67720	376	427	328	365	313	323
AT1G67730	1080	1096	1037	1123	1022	930
AT1G67740	8389	10349	8294	9495	8832	7863
AT1G67750	175	193	150	308	236	213
AT1G67760	13	12	21	16	18	10
AT1G67770	0	1	2	0	0	0
AT1G67775	0	0	0	0	0	0
AT1G67780	38	43	44	33	33	22
AT1G67785	807	777	783	720	677	685
AT1G67790	0	0	0	0	0	0
AT1G67792	17	18	14	18	15	19
AT1G67800	462	486	359	289	315	319
AT1G67810	762	847	557	205	350	411
AT1G67820	62	61	54	40	36	60
AT1G67830	184	193	161	245	181	190
AT1G67840	603	659	529	617	521	550
AT1G67850	290	325	266	193	172	216
AT1G67855	0	0	0	0	0	0
AT1G67856	3	5	3	2	1	5
AT1G67860	388	459	295	302	381	370
AT1G67865	337	411	229	332	379	385
AT1G67870	3829	4889	3207	4492	3770	3478
AT1G67880	219	254	202	162	164	194
AT1G67890	400	500	422	350	373	411
AT1G67900	399	430	369	299	402	370
AT1G67910	103	93	104	111	95	117
AT1G67920	170	183	144	76	80	102
AT1G67930	491	503	468	477	503	462
AT1G67940	211	256	197	164	145	143
AT1G67950	229	236	237	177	182	203
AT1G67960	240	311	234	230	279	224
AT1G67970	383	531	378	306	339	359
AT1G67980	35	37	25	11	33	64
AT1G67990	2	0	1	0	1	1
AT1G68000	313	300	297	265	295	282
AT1G68010	6113	5825	4608	4564	4253	3691
AT1G68020	448	503	424	412	396	408
AT1G68030	10	17	13	13	14	10
AT1G68040	7	3	5	2	0	2
AT1G68050	782	788	656	821	731	683
AT1G68060	827	786	779	817	774	784
AT1G68070	261	259	245	276	253	234
AT1G68080	96	96	62	93	87	71
AT1G68090	2	0	1	0	1	0
AT1G68100	411	427	424	346	461	377
AT1G68110	36	27	30	30	24	36
AT1G68120	4	11	15	2	5	10
AT1G68130	236	197	206	302	256	245
AT1G68140	793	725	702	649	531	613
AT1G68150	67	60	73	60	59	64
AT1G68160	152	128	129	130	123	124
AT1G68170	0	1	1	2	5	2
AT1G68180	3	9	6	3	5	4
AT1G68185	139	155	129	123	93	121
AT1G68190	241	356	276	331	349	306
AT1G68200	9	4	7	6	3	6
AT1G68210	0	0	0	0	0	0
AT1G68220	184	216	189	264	175	206
AT1G68230	54	47	35	44	34	45
AT1G68238	17	12	14	8	9	7
AT1G68240	5	9	18	9	5	7
AT1G68250	0	1	1	2	6	1
AT1G68260	194	196	152	187	171	173
AT1G68270	0	0	0	0	0	0
AT1G68280	0	0	0	0	0	0
AT1G68290	3	5	7	3	5	6
AT1G68300	665	666	550	493	522	516
AT1G68310	232	232	182	153	180	166
AT1G68320	56	49	57	18	21	36
AT1G68325	0	1	1	0	0	0
AT1G68330	69	84	81	94	93	69
AT1G68340	72	86	82	63	74	99
AT1G68350	1	8	9	11	7	9
AT1G68360	11	13	17	6	11	14
AT1G68370	698	727	657	561	594	589
AT1G68380	1	0	0	0	0	0
AT1G68390	24	24	19	16	27	15
AT1G68400	242	306	296	287	310	322
AT1G68410	506	501	444	381	449	430
AT1G68420	0	0	0	0	0	0
AT1G68430	27	25	15	43	19	19
AT1G68440	932	868	839	395	461	466
AT1G68450	55	38	35	13	21	31
AT1G68460	2	4	3	3	5	3
AT1G68470	100	140	105	81	82	102
AT1G68480	2	1	1	4	0	2
AT1G68490	793	836	748	736	635	605
AT1G68500	26	43	26	32	29	23
AT1G68510	0	1	0	0	0	0
AT1G68520	2240	2858	2866	2873	3278	3051
AT1G68526	0	0	0	0	0	1
AT1G68530	2916	3339	3309	3346	3792	3247
AT1G68540	70	60	65	79	59	65
AT1G68550	201	225	212	208	191	187
AT1G68560	3297	3017	3037	3952	3205	3222
AT1G68568	0	1	0	0	0	0
AT1G68570	274	341	289	312	318	264
AT1G68580	608	667	625	582	754	708
AT1G68585	57	49	68	41	57	61
AT1G68590	2878	2906	2732	3225	2958	2815
AT1G68600	321	531	336	176	214	202
AT1G68610	0	2	0	1	2	1
AT1G68620	1011	933	551	160	168	312
AT1G68630	0	0	0	0	1	0
AT1G68640	23	31	23	27	14	15
AT1G68650	190	174	163	154	139	143
AT1G68660	646	593	465	580	508	495
AT1G68670	927	1085	820	619	606	851
AT1G68680	158	172	130	159	132	104
AT1G68690	203	242	213	173	198	274
AT1G68700	2	3	1	1	1	1
AT1G68710	477	497	418	382	433	407
AT1G68720	998	935	838	849	857	794
AT1G68723	0	0	0	0	0	0
AT1G68725	16	11	11	9	9	12
AT1G68730	176	189	166	176	166	212
AT1G68740	819	976	691	433	486	542
AT1G68750	1	1	3	1	0	1
AT1G68760	145	179	173	122	127	112
AT1G68765	15	36	14	6	8	22
AT1G68770	0	0	0	0	0	0
AT1G68780	87	115	100	143	106	107
AT1G68790	1155	1101	1061	1062	984	1031
AT1G68795	64	49	48	38	29	48
AT1G68800	4	2	3	3	4	4
AT1G68810	216	209	199	280	229	206
AT1G68820	444	432	366	316	338	341
AT1G68825	17	19	18	27	19	12
AT1G68830	1290	1433	1251	1083	1055	995
AT1G68840	2020	2611	2101	1727	1748	1686
AT1G68845	0	1	1	0	1	0
AT1G68850	247	292	242	259	295	203
AT1G68860	0	0	0	0	0	0
AT1G68862	27	25	28	28	29	29
AT1G68870	34	18	24	20	24	38
AT1G68872	81	66	54	53	60	47
AT1G68875	0	0	0	0	0	0
AT1G68877	0	0	0	0	0	0
AT1G68880	134	82	108	43	62	46
AT1G68890	838	844	739	953	873	802
AT1G68905	0	0	0	0	0	0
AT1G68907	0	0	0	0	0	0
AT1G68910	554	596	481	379	415	378
AT1G68920	539	510	453	462	495	505
AT1G68930	44	36	48	36	60	43
AT1G68935	0	0	0	0	0	0
AT1G68937	0	0	0	0	0	0
AT1G68940	0	0	0	0	0	0
AT1G68945	137	109	113	99	93	104
AT1G68950	0	0	0	0	0	0
AT1G68960	1	0	0	0	0	0
AT1G68970	0	0	0	0	0	0
AT1G68980	121	145	114	129	106	126
AT1G68990	526	510	457	427	474	450
AT1G69000	0	0	0	0	0	0
AT1G69010	268	257	254	268	252	225
AT1G69020	74	62	41	73	54	54
AT1G69030	232	262	278	274	230	210
AT1G69040	702	621	655	820	691	674
AT1G69050	21	23	27	33	30	25
AT1G69060	250	284	235	214	227	200
AT1G69070	610	595	596	613	606	607
AT1G69080	87	48	55	70	44	65
AT1G69085	1	1	1	0	6	1
AT1G69090	0	0	0	0	0	0
AT1G69100	0	0	0	0	0	0
AT1G69120	1	1	3	1	16	6
AT1G69130	0	0	0	0	0	0
AT1G69150	7	8	3	5	5	9
AT1G69160	242	234	239	276	235	270
AT1G69170	126	133	113	112	99	91
AT1G69180	0	1	0	1	0	1
AT1G69190	0	0	0	0	0	0
AT1G69200	446	473	463	538	485	507
AT1G69210	49	57	55	58	51	36
AT1G69220	754	778	749	693	646	655
AT1G69230	48	53	48	78	59	74
AT1G69240	132	85	91	60	52	42
AT1G69250	428	415	389	398	365	398
AT1G69252	305	271	210	245	188	206
AT1G69260	90	80	63	52	56	69
AT1G69270	32	28	20	22	25	12
AT1G69280	34	40	31	39	35	38
AT1G69290	74	60	80	84	78	63
AT1G69295	847	814	698	642	685	653
AT1G69300	1	0	0	0	0	0
AT1G69310	430	385	380	335	379	381
AT1G69320	7	10	12	13	10	11
AT1G69325	40	47	34	35	26	39
AT1G69330	143	178	159	154	136	146
AT1G69340	988	1007	903	770	772	720
AT1G69350	26	18	23	21	21	18
AT1G69360	251	280	238	240	270	286
AT1G69370	161	149	129	156	151	184
AT1G69380	122	125	105	143	115	121
AT1G69390	590	743	586	598	598	571
AT1G69400	37	26	37	40	37	22
AT1G69410	989	1300	943	730	777	932
AT1G69420	698	673	601	692	579	585
AT1G69430	11	9	6	10	12	12
AT1G69440	123	125	98	107	101	83
AT1G69450	882	859	818	643	740	707
AT1G69460	861	925	823	730	863	807
AT1G69470	0	0	0	0	0	0
AT1G69480	156	196	120	41	49	68
AT1G69485	8	7	10	7	10	11
AT1G69490	510	835	566	210	348	358
AT1G69500	1	1	1	0	1	1
AT1G69510	1595	1673	1480	1414	1308	1342
AT1G69520	106	161	146	145	160	168
AT1G69523	62	75	52	131	113	90
AT1G69526	60	36	33	73	61	65
AT1G69530	1634	1466	1362	1363	1119	848
AT1G69540	2	6	2	7	7	3
AT1G69550	483	569	413	358	396	394
AT1G69560	2	3	7	3	1	4
AT1G69570	24	31	20	8	21	8
AT1G69572	0	0	0	0	0	0
AT1G69580	246	230	203	225	170	192
AT1G69587	53	62	52	68	55	61
AT1G69588	0	0	1	0	0	0
AT1G69600	22	14	9	30	22	17
AT1G69610	159	124	84	49	54	58
AT1G69620	3084	2782	3025	3316	2907	2579
AT1G69630	2	0	0	1	3	1
AT1G69640	582	554	507	444	462	466
AT1G69650	0	0	0	0	0	0
AT1G69660	1	0	0	0	0	1
AT1G69670	330	289	286	240	246	255
AT1G69680	62	83	51	51	43	74
AT1G69690	171	192	138	243	250	215
AT1G69700	244	259	242	259	250	228
AT1G69710	19	17	21	19	18	17
AT1G69720	142	170	120	13	36	39
AT1G69730	674	699	530	209	281	233
AT1G69740	1989	2292	1961	2385	2270	2135
AT1G69750	164	189	146	119	148	139
AT1G69760	549	562	594	447	605	548
AT1G69770	416	391	388	441	327	361
AT1G69780	246	285	276	229	234	210
AT1G69790	64	50	41	21	34	27
AT1G69792	0	0	0	0	0	0
AT1G69795	0	0	0	0	1	1
AT1G69797	0	0	0	0	0	0
AT1G69800	235	270	220	200	198	195
AT1G69810	348	291	320	290	302	330
AT1G69818	0	0	0	0	0	0
AT1G69820	0	0	0	0	0	0
AT1G69825	0	0	0	0	0	0
AT1G69828	0	0	0	0	0	0
AT1G69830	3453	4269	3220	3930	3718	3328
AT1G69840	506	979	632	456	658	768
AT1G69850	1091	1247	1329	1051	1159	1071
AT1G69860	0	0	1	0	0	0
AT1G69870	1906	2203	1286	1106	1241	1534
AT1G69880	317	348	172	64	119	158
AT1G69890	352	611	490	276	400	503
AT1G69900	116	156	138	83	129	137
AT1G69910	174	264	171	213	201	221
AT1G69920	42	36	30	29	37	44
AT1G69930	350	355	216	22	34	174
AT1G69935	273	202	231	224	224	185
AT1G69940	0	0	0	0	0	0
AT1G69960	616	526	463	433	518	415
AT1G69970	31	58	35	41	34	42
AT1G69980	250	303	230	200	245	244
AT1G69990	3	0	1	2	3	1
AT1G70000	357	329	286	190	187	192
AT1G70020	10	10	6	9	4	8
AT1G70030	1	1	1	0	0	0
AT1G70040	0	0	0	0	0	0
AT1G70050	0	0	0	0	0	0
AT1G70060	798	803	720	696	709	706
AT1G70070	615	603	558	658	624	621
AT1G70080	1	1	0	1	3	0
AT1G70090	436	695	479	359	516	706
AT1G70100	354	407	409	405	461	462
AT1G70110	2	3	0	0	0	0
AT1G70120	0	0	0	0	0	0
AT1G70130	4	5	6	5	3	3
AT1G70140	253	304	261	61	66	73
AT1G70150	103	77	100	108	81	99
AT1G70160	1870	1995	1712	1658	1797	1754
AT1G70170	122	71	84	70	73	73
AT1G70175	0	0	0	0	0	0
AT1G70180	506	555	462	425	406	424
AT1G70185	0	0	0	0	0	2
AT1G70190	247	250	245	220	234	201
AT1G70200	670	646	586	729	628	651
AT1G70209	0	0	0	0	0	0
AT1G70210	398	352	295	328	309	317
AT1G70220	9	6	11	2	4	5
AT1G70230	219	211	196	147	170	144
AT1G70250	467	483	411	150	213	202
AT1G70260	35	49	27	4	13	18
AT1G70270	14	16	19	7	12	21
AT1G70280	567	706	542	557	636	584
AT1G70290	1741	3248	2892	1310	2499	2897
AT1G70300	825	703	708	472	494	554
AT1G70310	1021	1099	1041	933	1012	822
AT1G70320	4974	3667	3294	3639	3596	3391
AT1G70330	382	344	330	279	268	254
AT1G70335	0	0	0	0	0	0
AT1G70340	70	44	64	67	58	46
AT1G70350	44	55	51	67	26	40
AT1G70360	54	63	54	53	55	66
AT1G70370	1511	1648	1273	1239	1398	1435
AT1G70380	0	0	0	0	0	0
AT1G70390	1	3	0	0	3	1
AT1G70400	0	0	0	0	0	0
AT1G70410	1782	1724	1676	1646	1507	1467
AT1G70420	244	252	215	171	131	150
AT1G70430	52	54	55	80	49	45
AT1G70440	27	29	18	8	26	20
AT1G70450	21	6	17	8	8	5
AT1G70460	287	153	200	165	116	88
AT1G70470	5	11	4	15	3	7
AT1G70475	0	0	0	0	0	0
AT1G70480	394	472	362	359	394	347
AT1G70490	1484	1620	1271	1119	1159	1052
AT1G70500	37	42	39	46	31	35
AT1G70505	63	55	45	37	29	32
AT1G70510	10	9	11	9	12	19
AT1G70518	117	114	97	90	89	87
AT1G70520	574	915	825	477	756	704
AT1G70530	557	816	717	552	701	696
AT1G70540	0	0	0	0	0	0
AT1G70550	171	157	137	168	150	158
AT1G70560	192	164	179	271	261	192
AT1G70570	701	664	656	599	641	572
AT1G70580	620	497	371	579	479	390
AT1G70581	7	10	10	4	6	6
AT1G70590	244	321	289	225	210	255
AT1G70600	1960	1518	1642	1835	1465	1312
AT1G70610	437	407	311	336	295	284
AT1G70620	1754	1869	1742	1782	1685	1686
AT1G70630	74	71	55	79	66	77
AT1G70640	16	18	10	8	10	4
AT1G70645	0	0	0	0	0	0
AT1G70650	32	40	35	57	40	54
AT1G70660	279	344	262	239	242	227
AT1G70670	244	240	218	214	221	194
AT1G70680	1	5	2	0	2	1
AT1G70690	276	239	306	154	187	212
AT1G70700	1545	1633	1419	406	808	1477
AT1G70710	515	614	522	635	621	558
AT1G70720	0	0	3	0	1	0
AT1G70730	1704	1728	1387	1376	1386	1279
AT1G70740	336	560	346	226	324	390
AT1G70750	346	380	348	235	273	263
AT1G70760	71	66	40	69	74	54
AT1G70770	2032	2114	1936	1715	1754	1544
AT1G70780	1712	1539	1401	1500	1417	1649
AT1G70790	138	164	143	151	126	116
AT1G70800	44	46	39	12	17	31
AT1G70810	570	599	362	132	214	277
AT1G70820	1475	2126	1444	2168	2057	1884
AT1G70830	2992	3442	2723	2056	1946	1992
AT1G70840	0	1	0	0	0	0
AT1G70850	5683	4744	5387	4348	3397	4627
AT1G70860	31	19	25	17	34	36
AT1G70870	0	0	0	0	0	0
AT1G70880	58	25	76	44	18	51
AT1G70890	1434	2064	1547	1980	1675	1621
AT1G70895	43	50	41	54	30	25
AT1G70900	712	807	570	437	448	493
AT1G70910	1	0	1	0	0	0
AT1G70920	23	23	24	18	13	22
AT1G70940	1463	1501	1586	1136	1135	1142
AT1G70944	0	0	0	0	0	0
AT1G70949	0	0	0	0	0	0
AT1G70950	99	92	91	69	62	68
AT1G70960	0	0	0	0	0	0
AT1G70970	0	0	0	0	0	0
AT1G70980	408	450	452	194	219	226
AT1G70985	35	34	35	31	27	18
AT1G70990	18	33	35	23	20	24
AT1G71000	9	13	3	18	3	2
AT1G71002	0	0	0	0	0	0
AT1G71010	1846	1767	1555	1549	1462	1449
AT1G71015	23	34	30	41	37	32
AT1G71020	457	467	438	533	451	439
AT1G71030	915	810	804	1086	824	707
AT1G71040	1586	2025	1711	747	933	1006
AT1G71050	56	95	70	65	60	58
AT1G71060	63	74	48	61	58	65
AT1G71070	452	472	404	433	423	370
AT1G71080	641	705	557	615	566	579
AT1G71090	405	363	343	320	362	306
AT1G71100	478	503	388	247	264	326
AT1G71110	189	188	169	145	158	142
AT1G71120	2	2	0	1	1	1
AT1G71130	343	373	294	188	157	219
AT1G71140	104	111	98	28	58	64
AT1G71150	0	0	0	0	0	0
AT1G71160	0	0	0	0	0	0
AT1G71170	293	306	281	236	246	240
AT1G71180	167	180	163	174	176	147
AT1G71190	230	253	206	167	203	154
AT1G71200	84	46	62	49	42	31
AT1G71210	217	235	241	223	216	214
AT1G71220	2029	2121	1848	1736	1843	1650
AT1G71230	72	87	79	97	77	103
AT1G71235	0	0	0	0	0	0
AT1G71240	324	401	325	347	326	334
AT1G71250	0	0	1	0	0	0
AT1G71260	266	282	253	286	280	276
AT1G71270	641	585	576	537	607	535
AT1G71280	10	6	8	2	3	5
AT1G71290	0	0	0	0	1	0
AT1G71300	0	0	0	1	0	0
AT1G71310	180	162	152	148	190	151
AT1G71320	0	0	0	0	0	0
AT1G71330	37	35	39	26	31	33
AT1G71340	263	290	217	313	243	210
AT1G71350	313	373	288	264	275	238
AT1G71360	206	233	183	160	194	187
AT1G71370	0	1	0	0	0	0
AT1G71380	27	18	19	19	23	7
AT1G71390	1	3	4	1	1	3
AT1G71400	344	388	337	343	382	364
AT1G71410	1006	1006	888	891	872	886
AT1G71420	15	19	9	22	19	12
AT1G71430	54	55	50	48	53	51
AT1G71440	293	322	280	335	318	279
AT1G71450	0	0	1	0	0	0
AT1G71460	127	139	114	118	112	125
AT1G71470	0	0	0	0	0	0
AT1G71480	91	84	68	46	57	63
AT1G71490	36	39	25	25	44	39
AT1G71500	1847	1820	1537	1949	1706	1419
AT1G71520	13	26	9	4	9	15
AT1G71528	1	1	3	1	3	3
AT1G71530	0	0	0	0	0	0
AT1G71680	0	0	0	0	0	0
AT1G71690	5	2	4	0	2	1
AT1G71691	0	3	2	2	3	0
AT1G71692	74	76	56	50	29	54
AT1G71695	1759	2118	1730	1581	1455	1549
AT1G71696	351	372	311	321	308	297
AT1G71697	255	328	283	250	317	294
AT1G71700	0	0	0	0	0	0
AT1G71710	369	435	303	370	339	327
AT1G71720	447	479	442	561	474	465
AT1G71730	272	265	227	274	272	233
AT1G71740	53	47	36	33	40	29
AT1G71750	72	39	36	39	43	31
AT1G71760	12	8	9	19	8	10
AT1G71770	3	2	1	3	4	0
AT1G71780	170	145	157	129	126	114
AT1G71790	205	199	183	182	187	140
AT1G71800	295	321	280	264	251	291
AT1G71810	457	374	337	386	388	310
AT1G71820	1244	1189	1024	956	988	909
AT1G71828	0	0	0	0	0	0
AT1G71830	176	164	181	174	169	158
AT1G71840	530	543	471	490	464	457
AT1G71850	119	119	116	130	138	102
AT1G71860	718	757	697	691	675	627
AT1G71865	162	152	149	143	108	132
AT1G71866	5	5	3	5	2	2
AT1G71870	90	102	91	82	67	70
AT1G71880	967	1144	973	724	894	978
AT1G71890	5	4	6	7	9	9
AT1G71900	272	288	242	247	200	262
AT1G71910	29	28	18	22	23	23
AT1G71920	0	1	0	0	0	0
AT1G71930	10	15	13	21	13	19
AT1G71940	212	212	192	149	149	165
AT1G71950	328	343	346	298	280	276
AT1G71960	358	425	338	179	198	246
AT1G71970	194	173	188	172	160	158
AT1G71980	680	695	689	560	619	611
AT1G71990	54	54	60	79	49	55
AT1G72000	3	14	5	2	4	1
AT1G72010	548	542	546	460	483	451
AT1G72020	1312	1247	1123	1130	968	1056
AT1G72030	315	293	202	147	146	124
AT1G72040	569	521	505	533	476	552
AT1G72050	424	404	366	404	357	391
AT1G72060	13	12	11	8	6	4
AT1G72070	35	50	39	17	14	27
AT1G72080	2	0	2	0	0	0
AT1G72090	505	534	498	525	457	459
AT1G72100	1	0	0	1	2	0
AT1G72110	0	0	0	0	0	0
AT1G72120	122	118	88	45	40	47
AT1G72125	54	25	46	30	33	20
AT1G72130	526	464	517	220	219	183
AT1G72140	168	88	115	71	51	96
AT1G72141	0	0	0	0	0	0
AT1G72150	4947	5439	6161	4986	5999	5823
AT1G72160	1475	1474	1456	1436	1517	1448
AT1G72170	166	175	146	146	136	138
AT1G72175	126	141	103	98	99	103
AT1G72180	378	467	351	373	383	460
AT1G72190	120	133	80	138	100	92
AT1G72200	72	75	78	49	39	44
AT1G72210	38	63	49	39	33	33
AT1G72220	34	39	28	10	8	6
AT1G72230	129	101	107	133	118	90
AT1G72240	9	5	9	8	9	14
AT1G72250	238	225	196	246	223	204
AT1G72260	0	2	2	1	0	4
AT1G72270	2	2	5	5	2	3
AT1G72275	84	72	65	80	81	67
AT1G72280	113	150	137	75	80	103
AT1G72290	0	0	0	0	0	0
AT1G72300	433	447	406	250	252	298
AT1G72310	169	160	135	182	168	137
AT1G72320	513	581	483	512	488	490
AT1G72330	371	488	292	252	278	315
AT1G72340	343	368	352	336	317	305
AT1G72350	0	2	2	0	1	1
AT1G72360	104	248	149	90	186	161
AT1G72370	5267	4909	5065	5041	4721	4408
AT1G72390	732	695	669	665	647	652
AT1G72410	926	1043	911	939	918	864
AT1G72416	318	345	301	289	354	353
AT1G72420	102	107	95	75	82	74
AT1G72430	498	704	625	373	532	583
AT1G72440	709	767	737	706	744	720
AT1G72450	1849	2074	1720	702	1263	1907
AT1G72460	0	0	0	0	0	0
AT1G72470	166	158	146	125	118	156
AT1G72480	332	403	306	323	318	280
AT1G72490	71	56	55	56	39	38
AT1G72500	956	912	798	760	754	651
AT1G72510	1089	1086	931	755	791	933
AT1G72520	270	1033	511	87	233	656
AT1G72530	42	26	26	44	34	31
AT1G72540	42	79	26	16	23	28
AT1G72545	0	2	1	0	0	0
AT1G72550	826	884	755	786	764	713
AT1G72560	356	399	342	350	346	344
AT1G72570	0	0	0	0	0	0
AT1G72580	0	0	0	0	0	0
AT1G72590	1	1	2	0	0	1
AT1G72600	3	3	2	3	5	3
AT1G72610	3	1	3	0	1	5
AT1G72620	1	1	1	7	4	3
AT1G72630	268	301	295	284	306	303
AT1G72640	463	471	387	462	459	423
AT1G72645	194	192	168	262	227	173
AT1G72650	651	739	585	568	533	569
AT1G72660	11	9	11	8	5	13
AT1G72670	95	89	81	98	73	88
AT1G72680	428	455	352	338	409	429
AT1G72690	79	81	67	52	57	60
AT1G72700	1103	1022	964	799	805	841
AT1G72710	1973	1988	1773	1925	1838	1887
AT1G72720	8	10	14	13	17	8
AT1G72730	297	253	289	291	247	234
AT1G72740	418	426	368	326	320	291
AT1G72750	796	921	837	615	650	661
AT1G72755	0	0	0	0	0	0
AT1G72760	5	8	6	3	4	3
AT1G72770	923	993	702	345	368	417
AT1G72780	0	0	0	0	0	0
AT1G72790	234	164	159	170	151	205
AT1G72800	69	64	43	38	51	58
AT1G72810	255	257	226	220	217	240
AT1G72820	326	322	306	364	313	339
AT1G72830	407	389	327	175	289	333
AT1G72840	163	189	130	145	145	129
AT1G72850	23	12	13	13	9	13
AT1G72852	22	22	18	9	16	25
AT1G72855	0	1	1	0	2	0
AT1G72860	11	9	15	7	6	4
AT1G72870	38	33	31	33	40	34
AT1G72880	340	351	333	277	271	292
AT1G72890	585	593	413	214	240	260
AT1G72900	1207	2417	1206	488	858	1272
AT1G72910	1256	2226	863	496	499	622
AT1G72920	465	870	481	249	283	383
AT1G72930	1577	1954	1293	571	915	938
AT1G72940	604	1435	822	358	465	642
AT1G72950	37	35	25	24	18	20
AT1G72960	5	9	6	8	7	6
AT1G72970	553	671	548	640	651	723
AT1G72980	0	0	0	1	0	0
AT1G72990	240	244	212	240	212	203
AT1G73000	24	5	19	7	4	8
AT1G73010	7443	7922	5215	990	1112	3169
AT1G73020	158	157	167	170	191	172
AT1G73030	841	943	818	792	878	772
AT1G73040	60	87	49	47	39	65
AT1G73050	0	1	0	0	1	0
AT1G73060	1469	1686	1298	1400	1399	1345
AT1G73065	0	0	1	1	0	0
AT1G73066	16	17	12	13	12	8
AT1G73080	477	688	491	401	452	612
AT1G73090	114	118	107	146	112	111
AT1G73100	276	260	245	260	220	262
AT1G73110	451	498	435	442	429	428
AT1G73120	96	37	46	130	104	82
AT1G73130	141	144	111	104	128	138
AT1G73140	6	4	8	7	3	5
AT1G73150	111	100	84	83	70	95
AT1G73160	17	22	16	20	16	14
AT1G73165	1	0	0	3	0	0
AT1G73170	788	882	681	767	722	659
AT1G73177	33	29	32	19	18	28
AT1G73180	530	614	504	481	462	498
AT1G73190	0	0	0	0	1	0
AT1G73200	539	597	526	459	546	586
AT1G73210	61	47	47	31	25	30
AT1G73220	1539	1402	1282	191	261	506
AT1G73230	1849	1867	1853	2004	1818	1754
AT1G73240	164	231	189	148	145	152
AT1G73250	190	175	181	162	149	159
AT1G73260	3748	2715	2149	675	927	1631
AT1G73270	29	43	26	19	25	32
AT1G73280	116	95	92	65	77	83
AT1G73290	18	26	14	16	16	12
AT1G73300	11	5	11	2	0	4
AT1G73310	129	142	84	123	106	84
AT1G73320	53	76	49	46	56	53
AT1G73325	22	25	6	2	0	35
AT1G73330	13021	11106	10946	7687	7325	9548
AT1G73340	38	34	29	16	16	15
AT1G73350	202	198	186	231	194	183
AT1G73360	36	37	31	56	44	38
AT1G73370	117	141	116	127	94	127
AT1G73380	146	191	129	172	161	167
AT1G73390	538	620	410	318	344	390
AT1G73400	43	53	31	31	43	43
AT1G73410	24	37	33	17	22	32
AT1G73430	661	680	583	607	614	573
AT1G73440	70	52	61	59	58	59
AT1G73450	200	168	160	186	139	141
AT1G73460	559	584	476	474	452	477
AT1G73470	513	605	437	439	440	413
AT1G73480	673	1199	678	250	343	406
AT1G73490	591	600	590	491	500	527
AT1G73500	688	843	642	337	429	526
AT1G73510	2	1	0	1	0	0
AT1G73530	378	405	362	406	360	383
AT1G73540	523	852	414	357	406	648
AT1G73550	6	5	5	5	5	14
AT1G73560	0	0	0	0	0	0
AT1G73570	93	97	73	100	92	96
AT1G73580	54	29	33	34	20	18
AT1G73590	257	233	219	269	190	203
AT1G73600	1412	2874	2536	3150	3713	2643
AT1G73603	0	0	0	0	0	0
AT1G73607	0	0	0	0	0	0
AT1G73610	3	0	0	2	2	1
AT1G73620	143	137	124	154	113	114
AT1G73630	48	37	30	30	31	35
AT1G73640	42	44	36	42	34	34
AT1G73650	831	707	632	423	458	466
AT1G73655	1426	1492	1216	1537	1424	1305
AT1G73660	965	1036	965	589	631	664
AT1G73670	499	550	490	308	379	378
AT1G73680	759	821	819	568	735	536
AT1G73687	0	2	0	0	0	0
AT1G73690	37	50	56	45	48	43
AT1G73700	31	51	37	1	0	0
AT1G73710	265	275	245	263	220	241
AT1G73720	372	356	315	365	306	346
AT1G73730	297	290	221	223	222	264
AT1G73740	233	291	241	186	199	220
AT1G73750	379	492	359	280	315	287
AT1G73760	519	572	509	443	479	480
AT1G73770	37	48	34	53	35	39
AT1G73780	10	14	6	18	17	10
AT1G73790	10	9	5	7	8	4
AT1G73805	264	737	325	72	170	328
AT1G73810	190	218	160	52	105	123
AT1G73820	151	153	145	170	161	144
AT1G73830	331	311	339	447	369	308
AT1G73840	432	474	440	437	430	386
AT1G73850	181	164	180	161	130	147
AT1G73860	133	72	86	49	36	33
AT1G73870	57	129	83	56	64	53
AT1G73875	152	112	106	115	105	119
AT1G73880	113	123	88	100	124	109
AT1G73885	2167	2162	1962	2463	2205	2037
AT1G73890	17	24	26	17	11	16
AT1G73900	0	0	0	0	0	0
AT1G73910	11	11	6	6	11	14
AT1G73920	850	827	715	832	823	766
AT1G73930	332	302	328	317	265	289
AT1G73940	183	220	189	222	198	162
AT1G73950	217	217	214	180	190	177
AT1G73960	739	745	679	698	662	677
AT1G73965	16	18	16	11	9	13
AT1G73970	243	229	195	195	186	197
AT1G73980	669	781	679	643	618	565
AT1G73990	878	983	804	800	749	742
AT1G74000	21	21	23	34	23	27
AT1G74010	132	135	67	54	59	99
AT1G74020	730	566	514	374	365	440
AT1G74030	983	874	891	842	776	738
AT1G74035	0	0	0	0	0	0
AT1G74040	485	539	460	472	430	423
AT1G74045	0	0	0	0	0	0
AT1G74050	2392	2320	2366	2508	2306	2013
AT1G74055	0	0	0	0	0	0
AT1G74060	2364	2477	2215	2310	2165	1960
AT1G74070	413	477	384	484	468	390
AT1G74080	25	28	22	24	42	36
AT1G74088	45	49	52	47	44	30
AT1G74090	830	972	739	949	890	964
AT1G74100	1657	2260	2090	1424	1986	1967
AT1G74110	0	0	0	0	0	0
AT1G74120	70	82	70	67	77	58
AT1G74130	0	0	0	0	0	1
AT1G74140	2	6	4	0	0	0
AT1G74150	20	30	19	39	28	29
AT1G74160	629	620	575	589	543	530
AT1G74170	217	232	202	227	215	187
AT1G74180	143	117	100	126	102	105
AT1G74190	3	3	2	2	7	6
AT1G74200	68	78	43	24	24	22
AT1G74205	2	1	1	2	4	2
AT1G74210	1161	1259	931	529	573	772
AT1G74220	0	0	0	0	0	0
AT1G74230	827	829	792	748	803	737
AT1G74240	86	113	95	94	96	89
AT1G74250	637	684	610	540	563	559
AT1G74260	1497	1388	1309	1393	1377	1336
AT1G74270	1512	1465	1500	1184	1120	1122
AT1G74280	121	105	96	84	88	98
AT1G74290	33	41	24	17	20	18
AT1G74300	95	105	63	53	69	66
AT1G74310	592	530	420	366	410	397
AT1G74320	228	221	203	248	235	215
AT1G74330	205	257	211	175	231	266
AT1G74340	289	285	250	211	244	236
AT1G74350	41	33	33	39	26	32
AT1G74360	431	463	310	238	282	287
AT1G74370	93	87	89	123	100	118
AT1G74380	651	738	590	558	596	601
AT1G74385	0	0	0	0	0	0
AT1G74390	102	96	95	102	99	96
AT1G74400	13	22	11	16	13	14
AT1G74410	160	188	138	119	137	119
AT1G74420	10	13	8	8	12	10
AT1G74430	76	122	75	52	54	85
AT1G74440	88	131	92	32	53	52
AT1G74450	280	507	264	141	274	402
AT1G74453	33	28	30	33	35	31
AT1G74456	45	28	34	41	38	38
AT1G74458	109	82	105	80	96	70
AT1G74460	343	445	345	353	350	289
AT1G74470	9720	11786	8980	9850	9570	9033
AT1G74480	0	0	0	0	0	0
AT1G74490	62	53	54	35	25	31
AT1G74500	194	179	161	160	162	116
AT1G74510	457	472	398	396	408	343
AT1G74520	461	597	416	468	472	427
AT1G74530	252	243	215	206	246	225
AT1G74540	0	0	0	0	0	0
AT1G74545	2	4	1	3	1	2
AT1G74550	0	0	1	3	1	0
AT1G74560	1499	1422	1451	1351	1350	1303
AT1G74570	0	0	0	0	0	0
AT1G74580	128	115	101	133	102	111
AT1G74590	456	427	312	225	296	346
AT1G74600	62	71	63	37	53	62
AT1G74610	0	0	0	0	0	0
AT1G74620	0	0	0	0	0	0
AT1G74630	31	20	20	25	27	25
AT1G74640	606	628	547	548	525	481
AT1G74650	127	162	160	166	142	128
AT1G74660	49	69	56	38	45	39
AT1G74670	389	373	266	978	665	700
AT1G74675	0	3	0	9	1	4
AT1G74680	261	303	225	210	229	228
AT1G74690	952	1028	944	974	912	839
AT1G74700	49	69	53	57	50	56
AT1G74710	355	651	366	193	259	352
AT1G74720	317	309	330	349	304	290
AT1G74730	791	801	598	812	726	648
AT1G74740	280	285	278	233	252	237
AT1G74750	196	192	175	134	150	159
AT1G74770	133	156	108	109	142	99
AT1G74780	125	146	115	116	121	123
AT1G74790	606	668	738	697	709	657
AT1G74800	233	196	188	214	188	170
AT1G74810	107	136	82	74	105	100
AT1G74820	0	1	0	0	0	0
AT1G74830	66	38	57	24	23	13
AT1G74840	1081	1003	1004	953	911	914
AT1G74850	757	679	647	699	667	620
AT1G74860	107	116	124	96	134	102
AT1G74870	15	43	20	8	13	29
AT1G74875	8	10	10	8	10	4
AT1G74880	1270	1499	1161	1384	1341	1244
AT1G74890	6	5	3	2	5	6
AT1G74900	20	22	18	35	20	19
AT1G74910	1050	1179	1127	1123	1123	1118
AT1G74920	2015	2434	1879	1919	2010	1940
AT1G74929	0	0	0	0	0	0
AT1G74930	106	190	170	203	212	330
AT1G74940	378	511	493	446	516	443
AT1G74950	702	892	754	444	589	987
AT1G74960	1551	1643	1444	1625	1537	1419
AT1G74970	1775	2044	1662	2012	1833	1790
AT1G74990	0	0	0	0	0	0
AT1G75000	234	235	196	64	59	107
AT1G75010	386	477	366	343	350	323
AT1G75020	208	331	225	185	214	255
AT1G75030	30	35	20	15	23	15
AT1G75040	701	547	378	168	227	277
AT1G75050	0	2	0	1	1	0
AT1G75060	48	57	53	29	19	29
AT1G75070	0	0	0	0	0	0
AT1G75080	315	387	340	329	329	353
AT1G75090	43	31	31	69	48	36
AT1G75100	539	577	531	165	235	216
AT1G75110	21	30	29	30	31	28
AT1G75120	89	85	78	120	100	70
AT1G75125	31	27	28	41	34	28
AT1G75130	333	360	316	241	245	268
AT1G75140	228	297	262	232	213	237
AT1G75150	109	89	99	102	85	88
AT1G75160	24	13	15	15	6	8
AT1G75163	7	3	2	2	4	5
AT1G75166	10	11	5	10	7	6
AT1G75170	340	352	277	231	242	222
AT1G75180	446	473	393	310	299	305
AT1G75190	313	307	331	252	238	234
AT1G75200	470	481	430	487	439	432
AT1G75210	595	569	521	563	570	491
AT1G75220	816	807	812	656	794	796
AT1G75230	171	242	218	181	197	290
AT1G75240	202	172	161	346	310	253
AT1G75250	2	4	2	7	7	5
AT1G75260	24	25	29	26	28	20
AT1G75270	614	546	509	427	517	503
AT1G75280	2053	2294	1724	1190	1187	1334
AT1G75290	40	40	37	19	19	20
AT1G75295	6	12	4	11	4	7
AT1G75300	0	2	0	1	0	1
AT1G75310	604	633	540	622	636	602
AT1G75330	1126	1154	1068	1117	1021	1125
AT1G75335	48	41	32	40	32	32
AT1G75340	314	350	331	300	284	297
AT1G75350	1881	2036	1696	2222	2012	1844
AT1G75360	22	22	27	23	21	19
AT1G75370	795	955	779	784	854	826
AT1G75380	4432	4984	4565	5342	5612	4810
AT1G75390	283	332	329	360	390	348
AT1G75400	635	597	527	483	467	518
AT1G75410	760	779	757	284	315	363
AT1G75420	202	193	168	184	160	151
AT1G75430	0	1	0	0	1	0
AT1G75440	190	224	182	165	143	183
AT1G75450	75	65	52	29	47	37
AT1G75460	1039	1033	854	974	874	794
AT1G75470	0	0	0	0	0	0
AT1G75490	112	92	79	103	60	66
AT1G75500	2187	2150	2057	2167	2131	1925
AT1G75510	470	534	458	410	453	456
AT1G75520	36	77	45	60	73	65
AT1G75530	0	0	0	0	0	0
AT1G75540	816	811	826	737	675	648
AT1G75550	13	21	14	10	14	14
AT1G75560	459	466	472	480	468	436
AT1G75570	0	0	0	0	0	0
AT1G75580	26	10	27	33	23	23
AT1G75590	12	16	26	36	26	16
AT1G75600	0	1	0	0	0	1
AT1G75620	37	26	37	23	16	26
AT1G75630	631	608	612	573	603	520
AT1G75640	101	99	95	142	140	146
AT1G75650	0	0	0	0	0	0
AT1G75660	1476	1356	1251	1244	1278	1273
AT1G75670	146	160	136	116	128	116
AT1G75680	1129	1122	989	1077	1029	875
AT1G75690	954	957	821	890	836	702
AT1G75700	16	13	20	13	14	19
AT1G75710	361	326	330	396	314	288
AT1G75717	0	0	0	0	0	0
AT1G75720	11	9	13	12	8	7
AT1G75730	173	180	209	217	199	167
AT1G75740	0	0	0	0	0	0
AT1G75750	1978	1139	1338	1382	1278	1276
AT1G75760	294	247	264	260	219	229
AT1G75770	44	47	54	33	35	24
AT1G75780	294	205	251	302	244	189
AT1G75785	0	0	0	0	0	0
AT1G75790	0	0	0	0	0	0
AT1G75800	2016	2332	2014	1816	2004	1845
AT1G75810	192	187	168	114	97	92
AT1G75820	847	928	919	997	886	850
AT1G75830	3	0	1	2	2	4
AT1G75840	631	553	581	606	547	554
AT1G75850	685	711	638	530	584	555
AT1G75860	291	299	239	241	245	290
AT1G75870	0	0	0	0	0	0
AT1G75880	102	144	103	108	106	102
AT1G75890	2	4	4	5	3	5
AT1G75891	5	3	3	4	1	1
AT1G75900	89	117	94	100	86	79
AT1G75910	0	0	0	0	0	0
AT1G75920	7	4	9	3	2	4
AT1G75930	0	0	0	0	0	1
AT1G75940	0	0	0	0	0	0
AT1G75945	141	143	144	93	111	98
AT1G75950	2189	2189	2048	1875	1923	1791
AT1G75960	77	73	121	141	190	197
AT1G75970	0	0	0	0	0	0
AT1G75980	135	133	128	123	128	120
AT1G75990	465	399	396	444	384	384
AT1G76000	0	0	0	0	0	0
AT1G76010	2525	2410	2307	2381	2375	2207
AT1G76020	173	204	167	224	175	182
AT1G76030	2336	2313	2025	2218	1994	2017
AT1G76040	272	344	256	257	259	264
AT1G76050	302	302	267	305	323	285
AT1G76060	96	113	91	82	102	88
AT1G76062	0	0	0	0	0	0
AT1G76065	59	51	48	49	34	39
AT1G76070	191	179	173	90	131	127
AT1G76080	2938	2966	2297	2217	2298	1978
AT1G76090	652	521	488	454	422	464
AT1G76100	1440	1888	1320	1249	1381	1267
AT1G76110	186	157	149	178	164	165
AT1G76120	79	85	95	107	91	92
AT1G76130	305	284	298	198	198	167
AT1G76135	0	0	0	2	0	0
AT1G76140	1255	1254	1151	1098	1123	956
AT1G76150	604	641	507	498	523	497
AT1G76160	1722	1922	1825	1546	1881	1789
AT1G76170	67	88	68	91	87	70
AT1G76180	4967	5696	4615	4171	4880	5114
AT1G76185	95	86	73	91	70	84
AT1G76190	10	13	6	6	11	9
AT1G76200	1032	1006	916	912	838	851
AT1G76210	0	3	6	7	10	12
AT1G76220	21	14	11	11	7	2
AT1G76230	8	10	9	4	5	8
AT1G76240	171	133	170	116	104	85
AT1G76250	43	21	42	39	27	35
AT1G76260	143	159	165	140	148	145
AT1G76270	260	271	221	287	254	238
AT1G76280	218	199	216	241	221	214
AT1G76290	0	0	0	0	0	0
AT1G76300	371	373	370	333	328	303
AT1G76310	198	215	185	208	174	174
AT1G76320	300	332	254	276	235	295
AT1G76330	0	0	0	0	0	0
AT1G76340	235	261	212	204	246	254
AT1G76350	296	255	254	263	264	203
AT1G76360	297	559	382	202	279	253
AT1G76370	0	0	0	0	0	0
AT1G76380	246	222	212	189	177	182
AT1G76390	142	142	100	84	112	139
AT1G76400	865	914	760	824	837	789
AT1G76405	127	121	100	139	115	123
AT1G76410	47	41	46	23	46	44
AT1G76420	6	6	6	8	7	8
AT1G76430	125	114	102	26	25	59
AT1G76440	80	83	77	62	55	73
AT1G76450	767	761	607	775	680	690
AT1G76460	417	422	366	449	412	395
AT1G76465	0	0	0	0	0	0
AT1G76470	19	5	18	5	2	10
AT1G76480	2	0	4	1	2	0
AT1G76490	4591	4343	4013	3858	3489	3622
AT1G76500	68	78	70	59	46	48
AT1G76510	265	322	250	272	276	287
AT1G76520	1377	1593	1130	847	1053	1181
AT1G76530	35	14	19	12	21	13
AT1G76540	363	310	325	336	280	270
AT1G76550	484	556	415	420	424	429
AT1G76560	130	175	162	159	206	208
AT1G76570	159	132	104	126	115	101
AT1G76580	502	655	514	503	593	563
AT1G76590	329	411	354	139	242	277
AT1G76600	296	415	331	125	202	323
AT1G76610	11	21	15	17	21	29
AT1G76620	97	73	66	86	70	61
AT1G76630	474	444	394	431	419	403
AT1G76640	15	14	5	4	7	23
AT1G76650	265	576	416	179	347	607
AT1G76660	484	558	482	492	499	475
AT1G76670	977	1044	929	915	985	930
AT1G76680	2707	3137	2859	2011	2064	2279
AT1G76690	483	449	442	280	367	315
AT1G76700	355	473	425	356	377	425
AT1G76705	26	19	19	7	8	13
AT1G76710	188	217	218	192	208	167
AT1G76720	128	134	128	144	115	111
AT1G76728	0	0	0	0	0	0
AT1G76730	556	582	494	588	548	512
AT1G76740	75	64	50	71	62	59
AT1G76750	0	0	0	0	0	0
AT1G76760	66	69	69	66	58	72
AT1G76770	4	2	4	3	3	4
AT1G76780	73	73	79	57	64	60
AT1G76790	1383	1372	1188	1104	863	1447
AT1G76800	83	92	104	91	78	101
AT1G76810	2867	2991	2708	2605	2616	2647
AT1G76820	76	72	84	141	130	129
AT1G76830	0	0	0	0	0	0
AT1G76840	0	0	0	0	0	0
AT1G76850	1492	1540	1370	1301	1278	1224
AT1G76860	270	267	261	240	256	251
AT1G76870	61	58	60	63	73	59
AT1G76878	14	16	10	10	10	8
AT1G76880	0	0	0	0	0	0
AT1G76890	473	502	605	608	653	559
AT1G76892	0	0	0	1	1	1
AT1G76900	558	515	482	457	526	534
AT1G76910	0	1	1	0	0	1
AT1G76920	396	392	405	344	399	338
AT1G76930	10514	8750	10897	9116	10884	11236
AT1G76940	255	252	250	211	218	223
AT1G76950	507	459	456	473	424	427
AT1G76952	25	20	18	24	18	23
AT1G76954	0	0	0	0	0	0
AT1G76955	62	75	48	48	51	40
AT1G76960	400	427	199	108	157	309
AT1G76965	1	0	0	0	0	0
AT1G76970	317	391	284	159	222	244
AT1G76980	227	223	214	127	166	194
AT1G76990	2208	2236	2374	2009	2141	1770
AT1G76994	0	2	3	1	0	1
AT1G77000	282	257	216	227	198	248
AT1G77010	22	13	24	17	17	12
AT1G77020	186	211	175	162	146	150
AT1G77030	626	699	572	542	568	557
AT1G77040	0	0	0	0	0	0
AT1G77060	350	436	319	445	380	464
AT1G77080	330	300	329	357	310	287
AT1G77090	422	443	326	394	346	359
AT1G77093	0	0	0	0	0	0
AT1G77100	0	0	0	0	0	0
AT1G77110	42	36	19	39	30	39
AT1G77120	1482	4297	2216	846	1923	1347
AT1G77122	185	185	163	209	181	203
AT1G77130	681	631	556	455	446	455
AT1G77138	31	38	21	27	14	32
AT1G77140	395	377	352	359	317	311
AT1G77145	57	76	71	55	78	73
AT1G77150	0	2	2	1	1	1
AT1G77160	0	1	0	1	2	3
AT1G77170	82	79	67	84	73	80
AT1G77180	1880	1922	1795	1746	1649	1754
AT1G77190	0	0	0	0	0	0
AT1G77200	9	17	15	5	12	14
AT1G77210	222	288	306	206	269	291
AT1G77220	310	308	257	267	266	264
AT1G77230	101	109	102	100	97	104
AT1G77235	2	0	1	1	1	2
AT1G77240	0	0	0	0	0	0
AT1G77250	138	149	136	143	132	155
AT1G77260	564	559	447	421	412	447
AT1G77270	83	124	79	111	91	115
AT1G77280	215	227	162	150	141	133
AT1G77290	100	102	114	104	103	83
AT1G77300	1049	1081	944	870	916	892
AT1G77310	77	99	66	74	73	70
AT1G77320	217	214	210	187	196	178
AT1G77330	840	684	777	771	640	516
AT1G77340	1	0	0	2	1	1
AT1G77350	199	211	181	206	164	176
AT1G77360	42	43	49	29	35	38
AT1G77370	663	687	549	495	458	520
AT1G77380	260	234	216	136	176	192
AT1G77390	10	25	17	19	28	28
AT1G77400	58	63	60	76	86	45
AT1G77405	14	19	16	8	14	14
AT1G77410	84	113	52	57	71	58
AT1G77420	322	313	311	199	234	238
AT1G77440	404	419	380	412	366	359
AT1G77450	218	250	160	132	141	140
AT1G77460	331	309	303	273	291	277
AT1G77470	181	159	144	145	135	149
AT1G77480	370	396	340	327	393	323
AT1G77490	1026	1162	867	1293	1166	988
AT1G77500	347	427	338	290	381	372
AT1G77510	1475	2006	1598	1221	1319	1265
AT1G77520	368	190	315	155	152	250
AT1G77525	2	4	4	2	3	9
AT1G77530	235	135	188	113	104	127
AT1G77540	166	170	148	147	108	141
AT1G77550	348	377	354	373	391	316
AT1G77560	0	0	0	0	0	0
AT1G77570	11	15	12	10	13	11
AT1G77580	307	304	248	285	275	268
AT1G77590	801	936	798	807	730	713
AT1G77600	350	395	335	287	332	297
AT1G77610	548	488	478	480	456	431
AT1G77620	227	206	198	191	177	139
AT1G77630	151	159	142	197	150	175
AT1G77640	32	28	22	21	28	40
AT1G77650	0	0	0	0	0	0
AT1G77655	0	0	0	0	0	0
AT1G77660	243	226	184	133	151	143
AT1G77670	442	411	430	433	432	376
AT1G77680	477	441	359	377	355	386
AT1G77682	0	0	0	0	0	0
AT1G77690	388	358	361	385	347	318
AT1G77700	36	41	24	38	30	25
AT1G77710	1186	1193	1141	865	846	995
AT1G77720	117	111	113	132	112	105
AT1G77730	8	5	4	10	3	8
AT1G77740	801	728	627	642	634	670
AT1G77750	201	229	213	176	174	178
AT1G77760	3030	3277	3536	4116	3694	3523
AT1G77765	8	17	11	13	17	15
AT1G77770	352	333	280	260	239	214
AT1G77780	0	0	0	0	0	0
AT1G77790	1	2	0	0	2	1
AT1G77800	1403	1409	1164	1077	1081	1047
AT1G77810	261	298	236	203	244	205
AT1G77815	0	0	0	0	0	0
AT1G77830	0	0	0	0	0	0
AT1G77840	834	801	766	722	675	714
AT1G77850	190	203	181	180	217	167
AT1G77855	31	32	20	25	23	20
AT1G77860	7	3	1	8	8	2
AT1G77870	11	16	12	14	14	12
AT1G77880	5	5	6	3	6	5
AT1G77885	409	297	387	309	290	398
AT1G77890	275	321	267	170	263	290
AT1G77910	0	0	0	0	0	0
AT1G77920	702	644	548	331	389	350
AT1G77930	672	677	568	542	519	459
AT1G77932	0	0	0	0	0	0
AT1G77940	2521	2270	2407	2423	2137	2042
AT1G77950	1	0	0	2	1	0
AT1G77960	6	8	4	3	6	4
AT1G77980	0	0	0	0	0	0
AT1G77990	157	173	172	185	189	208
AT1G77992	0	0	0	0	0	0
AT1G78000	1146	1074	1111	916	936	1057
AT1G78010	283	314	267	303	346	320
AT1G78020	1642	2135	1919	1922	2086	1543
AT1G78030	9	5	4	4	4	3
AT1G78040	3337	3595	3295	3079	2991	2928
AT1G78050	116	99	123	126	123	95
AT1G78060	693	846	721	771	686	667
AT1G78070	430	674	339	208	257	279
AT1G78080	2912	2974	2487	2368	2307	2605
AT1G78090	135	96	117	199	136	143
AT1G78100	351	286	321	295	275	240
AT1G78110	176	171	188	128	114	116
AT1G78120	153	165	146	168	182	178
AT1G78130	16	24	17	16	18	9
AT1G78140	434	452	345	455	396	407
AT1G78150	1435	1575	1378	1157	1158	1125
AT1G78160	0	1	0	0	0	0
AT1G78170	161	177	176	229	226	141
AT1G78172	6	17	10	12	8	8
AT1G78180	242	240	163	259	193	170
AT1G78190	46	55	40	30	36	40
AT1G78200	347	344	289	228	244	237
AT1G78206	1	0	0	0	1	1
AT1G78210	230	225	176	247	205	241
AT1G78220	0	1	0	0	1	0
AT1G78230	157	158	125	35	54	57
AT1G78240	930	920	930	917	990	954
AT1G78250	0	0	0	0	0	0
AT1G78260	265	207	208	212	192	188
AT1G78265	0	0	0	0	0	0
AT1G78270	0	0	0	0	0	0
AT1G78280	567	644	489	415	436	525
AT1G78290	284	243	204	65	85	92
AT1G78300	1769	1729	1825	1615	1664	1503
AT1G78310	122	124	131	118	128	121
AT1G78320	57	70	51	57	56	57
AT1G78340	97	48	101	112	119	101
AT1G78360	1	2	0	2	3	4
AT1G78370	2741	2805	1885	2987	3043	3194
AT1G78380	9217	10848	7332	5513	5606	6017
AT1G78390	1	1	2	2	1	4
AT1G78400	0	0	0	0	1	0
AT1G78410	76	173	84	31	64	96
AT1G78420	655	684	581	460	459	437
AT1G78430	84	67	61	68	57	71
AT1G78440	7	3	6	1	2	0
AT1G78450	137	101	133	146	144	101
AT1G78460	1051	1348	1396	1038	1317	1069
AT1G78470	0	0	0	0	1	0
AT1G78476	3	10	7	17	13	12
AT1G78478	5	8	1	9	3	5
AT1G78480	9	8	10	11	12	10
AT1G78490	776	773	581	598	613	755
AT1G78500	0	0	0	2	1	1
AT1G78510	627	603	472	281	262	279
AT1G78520	14	10	14	6	3	3
AT1G78530	41	65	61	47	45	55
AT1G78540	131	148	138	144	151	138
AT1G78550	102	120	94	91	75	84
AT1G78560	343	342	282	261	250	264
AT1G78570	3582	3454	3068	2653	2325	2290
AT1G78580	514	612	522	531	443	428
AT1G78590	128	155	133	150	127	144
AT1G78600	1092	1128	912	1003	997	839
AT1G78610	467	514	391	441	406	409
AT1G78620	514	620	470	383	502	426
AT1G78630	3228	3472	2801	3599	3204	2888
AT1G78635	0	0	0	0	0	0
AT1G78640	0	0	0	0	1	0
AT1G78650	177	161	144	147	144	144
AT1G78660	989	762	790	634	562	731
AT1G78670	1385	1429	1303	1139	1252	1228
AT1G78680	1194	1291	1070	1318	1190	1179
AT1G78690	102	92	98	111	85	86
AT1G78700	250	279	309	297	270	295
AT1G78710	0	2	0	0	1	3
AT1G78720	3	1	2	2	3	1
AT1G78730	40	35	35	52	38	50
AT1G78740	0	0	0	0	0	0
AT1G78750	21	23	26	22	27	16
AT1G78760	2	1	1	2	0	3
AT1G78770	124	133	116	118	107	125
AT1G78780	121	143	142	81	124	140
AT1G78790	89	112	108	108	100	105
AT1G78800	330	307	276	294	266	271
AT1G78810	173	157	133	142	132	115
AT1G78815	29	22	18	17	29	28
AT1G78820	199	302	222	360	332	382
AT1G78830	4656	6378	4709	2992	3864	4738
AT1G78840	2	0	2	2	1	2
AT1G78850	5843	6514	5597	3068	3517	3861
AT1G78860	105	106	120	61	67	72
AT1G78865	68	74	46	62	55	62
AT1G78870	860	948	828	739	769	720
AT1G78880	730	768	700	718	663	691
AT1G78890	373	354	398	417	390	375
AT1G78895	127	151	165	128	129	153
AT1G78900	7530	7336	6619	6609	6412	6200
AT1G78910	76	90	77	90	68	67
AT1G78915	244	306	257	322	290	272
AT1G78920	1550	1684	1508	1441	1428	1248
AT1G78922	1	0	0	0	0	0
AT1G78930	59	71	74	62	76	55
AT1G78940	31	41	18	51	31	32
AT1G78950	60	51	60	66	60	52
AT1G78955	28	33	17	28	31	23
AT1G78960	157	230	185	189	191	166
AT1G78970	412	420	309	619	434	491
AT1G78980	0	0	0	0	0	0
AT1G78990	129	170	138	141	115	79
AT1G78995	368	363	342	376	342	288
AT1G79000	1703	1694	1537	1379	1422	1402
AT1G79010	1657	1684	1563	1561	1496	1439
AT1G79020	247	229	202	248	205	216
AT1G79030	301	324	334	319	261	233
AT1G79040	27185	33958	25816	33289	28114	28218
AT1G79050	362	338	268	292	310	281
AT1G79060	120	79	85	89	88	97
AT1G79070	50	41	49	64	60	42
AT1G79075	34	51	30	31	34	20
AT1G79080	182	153	146	173	173	164
AT1G79090	967	965	872	923	891	789
AT1G79100	1	4	1	4	3	3
AT1G79103	5	0	4	5	3	3
AT1G79110	506	362	333	528	390	297
AT1G79120	21	10	10	24	10	15
AT1G79130	1	0	3	0	0	0
AT1G79150	399	409	390	428	385	350
AT1G79160	272	246	241	272	247	223
AT1G79170	6	8	3	6	6	8
AT1G79180	45	47	48	28	46	42
AT1G79190	282	322	307	291	303	259
AT1G79200	204	160	178	201	174	148
AT1G79210	472	508	445	490	477	480
AT1G79220	38	43	42	34	29	27
AT1G79230	1335	1334	1161	1248	1145	1116
AT1G79240	0	0	0	0	0	0
AT1G79250	23	11	17	10	8	5
AT1G79260	119	121	98	125	99	85
AT1G79270	1046	764	722	547	500	539
AT1G79280	2026	1943	1791	1751	1765	1734
AT1G79290	0	0	0	0	0	0
AT1G79300	0	0	0	0	0	0
AT1G79310	130	79	105	73	60	85
AT1G79320	110	39	77	22	22	20
AT1G79330	58	38	50	31	25	24
AT1G79340	2374	2410	2065	1826	1969	1926
AT1G79350	878	912	870	806	839	838
AT1G79360	14	23	24	14	9	21
AT1G79370	0	0	0	0	0	0
AT1G79380	1266	1291	1139	994	1086	1157
AT1G79390	227	231	203	215	191	195
AT1G79400	23	14	16	0	0	2
AT1G79410	144	140	113	102	90	92
AT1G79420	62	59	68	63	69	57
AT1G79430	157	199	174	186	148	196
AT1G79440	1499	1730	1516	1657	1635	1509
AT1G79450	176	168	171	89	115	131
AT1G79460	150	155	149	213	181	192
AT1G79470	369	268	321	318	352	306
AT1G79480	6	7	5	8	11	8
AT1G79485	0	0	0	0	0	0
AT1G79490	122	169	126	99	125	126
AT1G79500	275	291	231	302	283	272
AT1G79510	0	0	0	0	0	0
AT1G79520	265	310	200	121	120	139
AT1G79529	10	12	8	10	10	10
AT1G79530	1119	1126	959	1054	896	891
AT1G79540	148	156	115	134	131	114
AT1G79550	4619	4872	4330	3750	3920	3601
AT1G79560	1149	1031	985	1073	1034	1030
AT1G79570	990	1102	904	885	857	893
AT1G79580	38	54	48	26	31	37
AT1G79590	396	354	322	286	288	278
AT1G79600	1690	1715	1387	1184	1109	1112
AT1G79610	281	271	266	229	232	249
AT1G79620	143	162	134	132	103	105
AT1G79630	283	261	221	267	260	259
AT1G79640	145	176	152	217	177	182
AT1G79650	501	565	525	471	519	493
AT1G79660	190	223	177	196	174	133
AT1G79670	461	574	462	490	516	531
AT1G79680	138	186	139	41	72	87
AT1G79690	1135	1109	1048	920	1006	969
AT1G79700	169	176	182	235	194	194
AT1G79710	176	207	184	170	162	170
AT1G79720	251	304	255	260	275	260
AT1G79730	711	777	710	723	688	599
AT1G79740	382	374	344	452	368	383
AT1G79750	2948	3008	2684	2860	2624	2599
AT1G79760	43	35	48	48	32	29
AT1G79770	29	33	21	9	10	10
AT1G79780	11	8	17	11	12	7
AT1G79790	235	313	240	308	282	306
AT1G79800	0	1	1	0	0	0
AT1G79810	272	251	186	210	183	190
AT1G79820	215	229	201	198	192	219
AT1G79830	2361	2586	2297	2308	2228	2041
AT1G79840	210	191	153	169	170	170
AT1G79850	0	0	0	0	0	0
AT1G79860	68	25	40	42	27	26
AT1G79870	616	634	528	628	559	501
AT1G79880	236	206	222	185	186	200
AT1G79890	33	51	43	28	34	38
AT1G79900	19	23	8	3	12	7
AT1G79910	96	99	83	75	53	62
AT1G79915	6	5	3	3	2	3
AT1G79920	2824	2858	2505	2231	2284	2033
AT1G79930	2511	2358	2302	2142	2045	1893
AT1G79940	1288	1306	1231	1143	1124	1059
AT1G79950	408	439	381	408	360	387
AT1G79960	0	0	0	0	0	0
AT1G79970	757	764	732	796	752	710
AT1G79980	1	0	1	0	0	0
AT1G79985	280	285	253	226	189	233
AT1G79990	1574	1583	1380	1471	1376	1323
AT1G80000	687	715	651	597	627	593
AT1G80010	367	349	336	317	313	311
AT1G80030	796	729	692	721	668	671
AT1G80040	994	1005	881	877	828	842
AT1G80050	127	116	127	184	183	153
AT1G80060	46	41	37	45	40	48
AT1G80070	4536	4173	3809	3965	3822	3820
AT1G80080	186	182	162	259	179	174
AT1G80090	0	1	0	0	2	1
AT1G80100	11	11	6	4	12	6
AT1G80110	43	47	38	21	20	21
AT1G80120	67	77	49	26	24	36
AT1G80130	339	526	317	79	89	147
AT1G80133	0	0	0	0	0	0
AT1G80140	0	0	0	0	0	0
AT1G80150	85	121	97	94	108	95
AT1G80160	51	51	43	2	6	10
AT1G80165	0	0	0	0	0	0
AT1G80170	87	89	77	101	87	92
AT1G80180	635	651	705	635	686	668
AT1G80190	84	80	60	72	74	68
AT1G80200	27	21	24	15	14	13
AT1G80210	319	315	280	300	310	295
AT1G80220	0	0	0	0	0	0
AT1G80230	641	664	577	497	527	454
AT1G80240	288	292	291	219	216	183
AT1G80245	88	112	80	92	88	104
AT1G80250	2	0	0	0	0	0
AT1G80260	618	602	586	625	607	558
AT1G80270	304	377	313	315	329	305
AT1G80280	287	245	226	301	248	235
AT1G80290	163	164	158	134	141	156
AT1G80300	3009	2983	2048	1382	1456	1773
AT1G80310	0	0	0	0	0	0
AT1G80315	0	0	0	0	0	0
AT1G80320	0	0	0	0	0	0
AT1G80325	6	7	7	8	10	11
AT1G80330	1	0	0	0	0	0
AT1G80340	38	21	24	46	19	26
AT1G80350	385	417	371	356	299	322
AT1G80360	1199	1154	999	957	1036	962
AT1G80370	128	114	87	142	116	116
AT1G80380	1594	1648	1371	1738	1634	1484
AT1G80390	1	0	0	0	0	4
AT1G80400	285	314	243	268	271	264
AT1G80410	1498	1584	1505	1463	1505	1418
AT1G80420	280	323	301	295	287	335
AT1G80430	0	0	1	1	0	0
AT1G80440	1235	1704	1476	1577	1961	1867
AT1G80450	59	111	86	51	65	63
AT1G80460	1478	1550	1581	1479	1672	1421
AT1G80470	0	1	0	0	1	1
AT1G80480	1495	1640	1354	1707	1415	1370
AT1G80490	1032	1051	1000	1076	967	924
AT1G80500	500	562	422	416	449	410
AT1G80510	159	165	150	128	162	169
AT1G80520	39	31	34	42	38	48
AT1G80525	0	0	0	0	0	0
AT1G80530	412	451	411	423	414	413
AT1G80540	0	2	0	0	0	2
AT1G80550	230	215	182	209	168	176
AT1G80555	1	6	2	5	2	3
AT1G80560	631	659	635	686	679	604
AT1G80570	91	72	75	71	73	72
AT1G80580	0	0	0	0	0	1
AT1G80590	2	1	0	0	0	0
AT1G80600	1490	1594	1360	1329	1299	1252
AT1G80610	149	278	172	143	166	205
AT1G80620	545	514	492	553	531	520
AT1G80625	1	0	0	0	2	0
AT1G80630	114	122	121	138	129	129
AT1G80640	398	408	353	499	456	394
AT1G80650	178	226	243	224	212	234
AT1G80660	0	2	0	4	3	3
AT1G80670	369	380	327	330	303	310
AT1G80680	678	777	648	681	663	609
AT1G80690	111	108	88	122	82	88
AT1G80700	17	20	21	30	18	23
AT1G80710	38	45	38	39	36	33
AT1G80720	71	81	73	72	66	75
AT1G80730	22	20	17	12	9	18
AT1G80740	1	0	0	1	1	1
AT1G80745	0	1	2	2	1	1
AT1G80750	712	728	641	666	615	662
AT1G80760	171	156	95	105	89	70
AT1G80770	609	629	532	551	529	531
AT1G80780	1093	1063	997	1084	1070	958
AT1G80790	795	894	833	897	829	851
AT1G80810	262	271	273	236	237	234
AT1G80820	131	133	123	93	97	112
AT1G80830	958	937	829	641	688	718
AT1G80840	639	1963	796	485	579	994
AT1G80850	113	119	101	89	93	80
AT1G80860	222	240	238	244	231	250
AT1G80865	2	1	0	0	0	0
AT1G80870	234	262	204	273	243	246
AT1G80880	55	65	50	48	60	60
AT1G80890	39	48	41	45	46	34
AT1G80900	98	104	91	101	86	87
AT1G80910	445	428	395	349	303	296
AT1G80920	4586	6377	6042	6278	7140	6445
AT1G80930	1960	2066	1789	1799	1806	1777
AT1G80940	704	813	600	517	497	557
AT1G80950	500	571	470	408	449	451
AT1G80960	69	92	79	40	54	44
AT1G80970	38	34	28	23	28	25
AT1G80980	40	40	50	65	54	49
AT1G80990	0	0	1	0	0	0
AT2G01008	1	0	1	0	1	1
AT2G01010	5	4	2	3	2	0
AT2G01020	6	7	2	6	3	9
AT2G01021	0	0	0	1	0	0
AT2G01023	1	0	0	0	0	0
AT2G01035	0	0	0	0	0	0
AT2G01045	0	0	0	0	0	0
AT2G01050	0	0	0	0	0	0
AT2G01060	522	506	490	470	417	503
AT2G01070	323	359	329	325	282	318
AT2G01080	77	84	59	82	76	70
AT2G01090	169	159	161	153	150	151
AT2G01100	1093	1109	1109	1002	1029	1040
AT2G01110	776	844	713	899	859	746
AT2G01120	111	123	113	109	99	103
AT2G01130	499	529	465	513	470	475
AT2G01140	3298	3489	3108	2923	2840	2587
AT2G01150	251	195	168	187	161	168
AT2G01160	0	0	0	0	0	0
AT2G01170	429	460	364	441	386	349
AT2G01175	9	7	5	10	7	10
AT2G01180	488	800	482	348	419	594
AT2G01190	632	642	620	527	589	571
AT2G01200	6	7	7	18	11	8
AT2G01210	68	76	73	82	61	74
AT2G01220	653	627	553	616	550	571
AT2G01240	0	0	0	0	0	0
AT2G01250	3133	2890	2907	3160	2681	2570
AT2G01260	297	273	280	254	256	230
AT2G01270	673	675	607	541	548	575
AT2G01275	26	18	19	11	25	22
AT2G01280	1	2	0	0	0	0
AT2G01290	321	307	235	216	237	223
AT2G01300	14	40	21	16	34	46
AT2G01310	1	0	1	0	2	1
AT2G01320	635	656	559	718	627	583
AT2G01330	151	123	127	138	121	125
AT2G01340	109	134	145	84	104	95
AT2G01350	1332	1473	1350	1242	1259	1284
AT2G01360	0	0	0	0	0	0
AT2G01370	0	0	0	0	0	0
AT2G01379	1	0	2	0	1	3
AT2G01390	55	81	55	59	55	50
AT2G01400	35	57	36	42	54	39
AT2G01410	0	1	1	1	1	2
AT2G01420	841	753	710	918	709	732
AT2G01422	0	1	0	0	1	1
AT2G01430	65	48	70	53	32	46
AT2G01440	447	435	383	432	407	395
AT2G01450	1983	2361	2037	2070	2089	2405
AT2G01460	564	495	515	423	413	422
AT2G01470	695	769	687	537	607	578
AT2G01480	340	347	322	304	287	289
AT2G01490	1036	1117	997	821	955	891
AT2G01500	0	0	0	0	0	0
AT2G01505	96	77	82	80	74	74
AT2G01510	54	51	39	51	43	40
AT2G01520	2742	2393	2816	2026	1512	2411
AT2G01530	818	738	804	924	708	802
AT2G01540	316	235	227	273	296	242
AT2G01554	0	0	0	0	0	0
AT2G01560	1	0	1	0	0	0
AT2G01570	863	936	876	859	892	839
AT2G01580	15	16	22	20	14	27
AT2G01590	297	336	242	357	358	348
AT2G01600	1111	1144	988	898	947	931
AT2G01610	74	89	79	101	78	83
AT2G01620	221	249	189	261	232	196
AT2G01630	272	315	274	301	287	240
AT2G01640	108	105	93	113	111	103
AT2G01650	539	573	594	412	487	459
AT2G01660	124	125	108	100	70	111
AT2G01667	0	0	0	0	0	0
AT2G01670	1400	1457	1254	1039	1122	1048
AT2G01680	660	666	573	512	567	553
AT2G01690	893	874	797	767	708	735
AT2G01710	364	368	376	334	370	337
AT2G01720	1190	1125	1109	1001	1013	951
AT2G01730	43	63	30	24	31	32
AT2G01735	161	184	154	153	153	163
AT2G01740	42	43	30	40	34	31
AT2G01750	212	193	177	205	200	185
AT2G01755	0	0	0	0	0	0
AT2G01760	84	93	83	72	76	82
AT2G01770	2	0	0	4	0	1
AT2G01780	0	0	0	0	0	0
AT2G01790	0	0	0	0	0	0
AT2G01800	0	0	0	0	0	0
AT2G01810	1	3	5	1	2	3
AT2G01818	38	44	31	28	41	27
AT2G01820	1313	1285	1189	1272	1300	1121
AT2G01830	503	392	416	429	384	356
AT2G01850	1384	1475	1561	980	1229	1440
AT2G01860	55	57	67	58	62	75
AT2G01870	21	32	26	38	26	21
AT2G01880	633	486	480	205	214	277
AT2G01890	755	660	600	323	288	387
AT2G01900	108	171	127	164	165	156
AT2G01905	22	20	12	27	13	14
AT2G01910	667	733	583	738	586	602
AT2G01913	30	41	28	52	47	34
AT2G01918	55	50	43	86	71	75
AT2G01920	0	0	0	0	0	0
AT2G01930	232	209	191	259	211	221
AT2G01940	61	61	74	109	84	74
AT2G01950	512	443	467	484	515	417
AT2G01960	1	0	0	1	0	0
AT2G01970	951	975	815	839	829	781
AT2G01980	443	452	421	383	403	371
AT2G01990	116	127	116	122	103	107
AT2G02000	6	9	6	4	5	4
AT2G02010	136	196	141	134	177	150
AT2G02020	117	131	128	136	116	130
AT2G02023	0	0	0	0	0	0
AT2G02026	0	0	0	0	0	0
AT2G02030	0	0	0	0	0	0
AT2G02040	843	785	798	656	716	663
AT2G02050	524	431	426	452	342	388
AT2G02060	74	98	88	86	85	71
AT2G02061	1	4	9	6	2	8
AT2G02070	848	907	886	1040	922	827
AT2G02080	325	319	313	388	345	330
AT2G02090	631	664	586	541	543	603
AT2G02100	2397	2560	1995	2209	1621	1667
AT2G02103	0	0	0	0	0	0
AT2G02120	124	84	98	174	104	96
AT2G02130	1754	2025	1732	1491	1228	1219
AT2G02140	0	0	0	0	0	0
AT2G02147	1	0	1	0	1	0
AT2G02148	140	119	119	119	114	124
AT2G02150	79	80	73	85	51	61
AT2G02160	2320	2636	2403	2017	2126	2052
AT2G02170	253	349	275	310	353	312
AT2G02180	593	580	527	434	470	463
AT2G02220	565	798	663	506	703	593
AT2G02230	201	243	204	208	251	227
AT2G02240	16	21	10	4	11	15
AT2G02250	12	7	9	5	8	8
AT2G02280	0	0	0	0	0	0
AT2G02290	0	0	0	0	0	0
AT2G02300	16	5	9	5	7	6
AT2G02310	1	0	0	3	2	1
AT2G02320	0	3	0	0	2	2
AT2G02340	1	1	3	3	6	4
AT2G02350	41	52	43	36	48	46
AT2G02360	294	300	248	232	246	241
AT2G02370	179	216	155	124	158	200
AT2G02380	17	27	16	39	34	46
AT2G02390	1170	1229	1027	781	860	974
AT2G02400	197	173	142	159	131	131
AT2G02410	256	307	268	254	217	219
AT2G02440	0	0	0	0	0	0
AT2G02450	161	212	193	197	189	176
AT2G02455	2	0	2	0	0	0
AT2G02470	328	287	328	312	317	301
AT2G02480	348	307	254	312	275	283
AT2G02490	0	0	0	0	0	0
AT2G02493	0	0	0	0	0	0
AT2G02497	0	0	0	1	0	0
AT2G02498	0	0	0	0	0	0
AT2G02500	187	217	165	268	243	227
AT2G02510	633	613	556	546	559	485
AT2G02515	0	0	0	1	2	0
AT2G02520	0	0	0	0	0	0
AT2G02525	0	0	1	1	0	0
AT2G02540	24	30	30	29	29	30
AT2G02550	0	0	0	0	0	0
AT2G02560	1058	1039	952	945	971	878
AT2G02570	1366	1491	1204	1255	1253	1265
AT2G02580	3	1	2	3	3	2
AT2G02590	65	73	39	58	67	60
AT2G02600	0	0	0	0	0	0
AT2G02610	20	11	18	14	12	5
AT2G02620	13	24	12	8	7	4
AT2G02630	35	37	40	10	19	16
AT2G02635	0	0	0	0	0	0
AT2G02640	2	0	1	2	1	0
AT2G02650	0	0	0	0	0	0
AT2G02660	0	0	0	0	0	0
AT2G02680	174	148	189	102	108	96
AT2G02690	22	14	20	11	6	7
AT2G02695	0	0	0	0	0	0
AT2G02700	4	8	2	9	3	5
AT2G02710	669	906	835	629	800	841
AT2G02720	1	1	0	1	0	0
AT2G02730	199	198	185	161	145	135
AT2G02740	110	123	121	141	134	105
AT2G02741	0	0	0	0	0	0
AT2G02750	22	15	16	13	16	15
AT2G02760	1780	2051	1718	1647	1701	1616
AT2G02765	110	158	121	122	129	105
AT2G02770	0	0	0	0	0	0
AT2G02780	280	256	231	268	256	225
AT2G02790	286	298	284	324	305	261
AT2G02795	0	0	0	0	0	0
AT2G02800	788	920	830	577	771	622
AT2G02810	305	423	335	248	291	247
AT2G02820	266	217	228	194	196	180
AT2G02835	1	0	0	0	0	0
AT2G02840	0	0	0	0	0	1
AT2G02850	102	95	86	95	96	88
AT2G02860	318	410	336	133	218	100
AT2G02870	634	635	493	403	430	398
AT2G02880	108	103	120	109	104	97
AT2G02890	0	0	0	0	0	0
AT2G02900	0	0	0	0	0	0
AT2G02910	131	144	110	150	147	125
AT2G02930	28	24	27	38	45	48
AT2G02950	388	438	404	397	343	341
AT2G02955	93	90	92	78	92	104
AT2G02960	654	526	538	512	455	420
AT2G02970	524	501	432	451	436	424
AT2G02980	42	53	32	53	55	51
AT2G02990	477	448	168	24	29	131
AT2G03000	0	0	0	0	0	0
AT2G03010	40	18	33	31	25	25
AT2G03020	1	2	3	3	6	2
AT2G03030	0	0	0	0	0	0
AT2G03040	1	0	0	0	0	0
AT2G03050	49	49	48	50	54	46
AT2G03060	101	119	136	107	96	113
AT2G03070	427	400	327	283	276	269
AT2G03090	279	250	312	420	282	242
AT2G03110	4	5	6	9	9	9
AT2G03120	1185	1325	1208	1086	1124	982
AT2G03130	0	1	1	0	2	3
AT2G03140	852	858	706	777	716	678
AT2G03150	1232	1178	1087	1148	1068	1081
AT2G03160	0	0	0	0	0	0
AT2G03170	0	0	0	0	0	0
AT2G03180	0	0	0	0	0	0
AT2G03190	0	0	0	0	0	0
AT2G03200	121	158	125	138	99	93
AT2G03210	1	2	0	2	2	1
AT2G03220	263	284	244	225	234	236
AT2G03230	0	0	0	0	0	0
AT2G03240	400	459	422	360	407	457
AT2G03250	1	1	2	0	2	1
AT2G03260	64	36	44	34	35	23
AT2G03270	165	151	133	123	141	145
AT2G03280	83	95	70	108	78	70
AT2G03290	0	0	0	1	1	2
AT2G03300	0	0	0	0	0	0
AT2G03310	213	185	161	237	181	195
AT2G03320	0	0	0	0	0	0
AT2G03330	100	81	90	90	83	78
AT2G03340	677	656	657	690	624	599
AT2G03350	303	332	300	339	313	253
AT2G03360	27	28	29	22	22	23
AT2G03370	12	4	7	3	1	1
AT2G03380	24	33	29	26	36	30
AT2G03390	847	832	666	788	702	665
AT2G03410	2	2	2	3	1	0
AT2G03420	0	0	0	0	0	0
AT2G03430	153	145	125	118	129	125
AT2G03440	1501	1654	1522	1591	1486	1437
AT2G03445	0	0	0	0	0	0
AT2G03450	133	137	128	101	110	107
AT2G03460	0	0	0	1	0	0
AT2G03470	480	521	469	422	423	439
AT2G03480	273	282	224	274	271	267
AT2G03490	0	0	0	0	0	0
AT2G03500	85	76	61	87	71	75
AT2G03505	66	70	46	34	29	34
AT2G03510	497	549	517	455	454	438
AT2G03520	0	0	1	0	0	0
AT2G03530	365	488	347	163	210	187
AT2G03550	455	469	468	633	592	589
AT2G03560	0	0	0	1	0	0
AT2G03565	0	0	0	0	1	0
AT2G03567	0	0	0	0	0	0
AT2G03570	0	0	0	0	0	0
AT2G03580	1	0	1	0	0	0
AT2G03590	65	90	86	42	50	43
AT2G03600	1	1	1	0	0	1
AT2G03610	0	0	0	0	0	0
AT2G03620	168	162	136	131	128	117
AT2G03630	0	0	0	0	0	0
AT2G03640	830	935	907	691	785	806
AT2G03660	0	0	0	0	0	0
AT2G03667	129	160	129	129	103	131
AT2G03670	87	80	77	96	83	75
AT2G03680	1411	1561	1376	1321	1281	1280
AT2G03690	206	242	191	192	194	189
AT2G03700	0	0	0	0	0	0
AT2G03710	46	42	51	128	144	116
AT2G03720	258	125	157	106	71	59
AT2G03730	493	466	423	315	303	318
AT2G03740	1	0	0	0	0	0
AT2G03750	351	404	350	344	337	329
AT2G03760	955	1834	782	326	491	869
AT2G03770	3	7	1	3	3	2
AT2G03780	252	276	226	256	215	243
AT2G03790	0	0	0	0	0	0
AT2G03800	271	259	220	186	196	174
AT2G03810	198	234	196	219	190	194
AT2G03820	957	923	884	925	905	857
AT2G03821	5	2	2	1	0	1
AT2G03822	0	0	0	0	0	0
AT2G03823	0	0	0	0	0	0
AT2G03830	9	11	11	16	12	12
AT2G03840	0	0	0	0	0	0
AT2G03850	3	4	5	0	3	4
AT2G03855	0	0	0	0	0	0
AT2G03870	249	243	213	233	215	206
AT2G03880	7	17	10	15	17	11
AT2G03885	0	0	0	0	0	0
AT2G03890	1491	1526	1501	1396	1454	1364
AT2G03895	0	0	0	0	0	0
AT2G03905	0	0	0	0	0	0
AT2G03913	0	0	0	0	0	0
AT2G03925	0	0	0	0	0	0
AT2G03930	0	0	0	0	0	0
AT2G03931	0	0	0	0	0	0
AT2G03932	0	0	0	0	0	0
AT2G03933	0	0	0	0	0	0
AT2G03936	0	0	0	0	0	0
AT2G03937	0	0	0	0	0	0
AT2G03945	0	0	0	0	0	0
AT2G03955	0	0	0	0	0	0
AT2G03965	0	0	0	1	0	1
AT2G03975	0	0	0	0	0	0
AT2G03980	275	256	219	200	145	193
AT2G03985	0	0	0	0	0	0
AT2G03995	0	0	0	0	0	0
AT2G04005	0	0	0	0	0	0
AT2G04015	0	0	0	0	0	0
AT2G04020	1	0	0	1	1	0
AT2G04025	25	29	45	33	33	16
AT2G04030	4140	3995	4088	3550	4025	3766
AT2G04031	0	0	0	0	0	0
AT2G04032	13	17	8	18	27	18
AT2G04034	0	0	0	0	0	0
AT2G04037	0	0	0	0	0	0
AT2G04038	10	8	6	5	3	5
AT2G04039	487	443	367	224	228	208
AT2G04040	305	414	204	83	100	184
AT2G04041	0	0	0	0	0	0
AT2G04045	0	0	0	0	0	0
AT2G04046	0	1	0	0	0	0
AT2G04050	362	716	231	30	52	263
AT2G04060	0	0	0	0	0	0
AT2G04062	0	0	0	0	0	0
AT2G04063	0	0	0	0	0	0
AT2G04065	1	1	1	2	1	0
AT2G04066	1	0	0	0	0	0
AT2G04070	45	109	22	1	12	56
AT2G04075	0	0	0	0	0	0
AT2G04080	127	146	105	27	34	33
AT2G04085	0	0	0	0	0	0
AT2G04090	29	41	35	24	20	16
AT2G04095	0	0	0	0	0	0
AT2G04100	193	193	151	64	86	71
AT2G04115	2	1	1	0	0	1
AT2G04125	0	0	0	0	0	0
AT2G04137	0	1	0	0	0	0
AT2G04145	0	0	0	0	0	0
AT2G04155	0	0	0	0	0	0
AT2G04160	1385	1664	1126	1196	1253	1634
AT2G04170	445	359	306	306	267	258
AT2G04175	0	0	0	0	0	0
AT2G04185	0	0	0	0	0	0
AT2G04190	2	2	1	0	2	0
AT2G04195	0	0	0	0	0	0
AT2G04205	1	8	3	4	5	3
AT2G04215	0	0	0	0	0	0
AT2G04220	0	0	0	0	0	0
AT2G04225	0	0	0	0	0	0
AT2G04230	147	148	127	197	135	144
AT2G04235	133	125	122	125	99	97
AT2G04240	242	214	219	306	224	206
AT2G04255	0	0	0	0	0	0
AT2G04265	0	0	0	0	0	0
AT2G04270	378	462	359	438	411	406
AT2G04280	16	15	9	9	13	6
AT2G04285	0	0	0	0	0	0
AT2G04295	0	0	0	0	0	0
AT2G04300	0	0	0	0	0	0
AT2G04305	276	291	249	206	239	230
AT2G04315	0	0	0	0	0	0
AT2G04325	0	0	0	0	0	0
AT2G04335	0	0	0	0	0	0
AT2G04340	273	306	218	239	218	220
AT2G04345	1	0	0	0	0	1
AT2G04350	1215	1270	936	817	911	873
AT2G04355	0	0	0	0	0	0
AT2G04360	452	462	380	548	500	459
AT2G04365	0	0	0	0	0	0
AT2G04375	0	0	0	0	0	0
AT2G04378	243	231	207	297	261	257
AT2G04380	0	0	0	0	0	0
AT2G04390	341	327	308	354	286	286
AT2G04395	0	1	0	1	0	0
AT2G04400	1297	1294	1077	798	1020	899
AT2G04405	0	0	0	0	0	0
AT2G04410	661	593	580	578	519	592
AT2G04420	2	5	3	1	1	7
AT2G04425	0	0	0	0	0	0
AT2G04430	124	86	91	87	88	85
AT2G04435	0	1	1	0	0	0
AT2G04440	1	0	0	0	1	0
AT2G04450	55	55	47	14	29	79
AT2G04455	0	0	0	0	0	0
AT2G04465	0	0	0	0	0	0
AT2G04480	8	11	7	3	6	0
AT2G04485	0	0	0	0	0	0
AT2G04495	41	69	35	7	25	42
AT2G04500	11	6	9	11	9	5
AT2G04505	0	0	0	0	0	0
AT2G04515	6	10	14	2	5	9
AT2G04520	1352	1363	1343	1144	1185	1166
AT2G04525	0	0	0	0	0	0
AT2G04530	192	230	205	203	220	191
AT2G04535	0	0	0	1	0	0
AT2G04540	268	260	254	251	251	202
AT2G04545	0	0	0	0	0	0
AT2G04550	269	306	274	231	295	242
AT2G04555	1	7	2	4	1	4
AT2G04560	53	52	46	46	32	55
AT2G04565	0	0	0	0	0	0
AT2G04570	270	358	266	217	204	202
AT2G04575	0	0	0	0	0	0
AT2G04595	0	0	0	0	0	0
AT2G04605	0	0	0	0	0	0
AT2G04615	1	0	0	0	1	0
AT2G04620	138	131	142	138	139	126
AT2G04621	0	0	0	0	0	0
AT2G04622	0	0	0	0	0	0
AT2G04630	394	424	365	371	349	409
AT2G04635	0	0	0	0	0	0
AT2G04645	0	0	0	0	0	0
AT2G04650	161	152	121	139	126	123
AT2G04655	0	0	0	0	0	0
AT2G04660	201	204	182	216	201	185
AT2G04665	0	0	0	0	0	0
AT2G04675	0	0	0	0	0	0
AT2G04680	64	40	41	23	26	26
AT2G04685	0	0	0	0	0	0
AT2G04690	381	378	333	327	331	314
AT2G04695	0	0	0	0	0	0
AT2G04700	1086	1166	779	1103	992	905
AT2G04705	0	0	0	0	0	0
AT2G04715	0	1	0	0	0	0
AT2G04725	0	8	2	2	1	0
AT2G04735	0	0	1	0	0	0
AT2G04740	235	234	204	200	220	205
AT2G04745	0	0	0	0	0	0
AT2G04750	0	0	0	0	0	0
AT2G04755	0	0	0	0	0	0
AT2G04765	0	0	0	0	0	0
AT2G04775	0	0	0	1	0	0
AT2G04780	931	744	869	883	711	700
AT2G04785	0	0	0	0	0	0
AT2G04790	77	70	48	80	43	65
AT2G04795	76	72	71	63	74	81
AT2G04800	59	39	62	60	53	50
AT2G04805	14	20	17	15	13	11
AT2G04810	0	0	0	0	0	0
AT2G04815	0	0	0	0	0	0
AT2G04825	0	0	0	0	0	0
AT2G04830	0	0	0	0	0	0
AT2G04835	0	0	0	0	0	0
AT2G04840	0	0	0	0	0	0
AT2G04842	1544	1535	1321	1561	1511	1315
AT2G04845	77	70	80	88	67	70
AT2G04850	49	70	60	88	56	57
AT2G04852	11	8	5	8	10	3
AT2G04855	0	0	0	0	0	0
AT2G04860	57	52	49	56	58	55
AT2G04865	387	395	335	434	352	321
AT2G04870	0	0	1	0	0	0
AT2G04875	0	0	0	0	0	0
AT2G04880	656	656	611	541	566	566
AT2G04885	0	0	0	0	0	0
AT2G04890	126	127	155	142	125	137
AT2G04895	0	0	0	0	0	0
AT2G04900	442	417	383	394	386	343
AT2G04905	0	0	0	0	0	0
AT2G04910	0	0	0	0	0	0
AT2G04915	0	0	0	0	0	0
AT2G04920	0	0	0	0	0	0
AT2G04925	0	0	0	0	0	0
AT2G04930	0	0	0	0	0	0
AT2G04935	0	0	0	0	0	0
AT2G04940	293	291	269	274	277	257
AT2G04945	0	0	0	0	0	0
AT2G04955	4	3	4	6	5	5
AT2G04965	29	22	19	18	23	33
AT2G04975	0	0	0	0	0	0
AT2G04985	0	0	0	0	0	0
AT2G04995	0	0	0	0	0	0
AT2G05005	0	0	0	0	0	0
AT2G05015	0	0	0	0	0	0
AT2G05035	0	0	1	1	1	0
AT2G05045	1	1	0	1	2	1
AT2G05050	0	0	0	0	0	0
AT2G05060	0	0	0	0	0	0
AT2G05065	0	0	0	0	0	0
AT2G05070	1645	3044	1704	3479	3771	3397
AT2G05075	44	81	59	33	25	50
AT2G05085	0	0	0	0	0	0
AT2G05095	0	0	0	0	0	0
AT2G05100	1608	3334	1817	3001	3148	2631
AT2G05105	0	0	0	0	0	0
AT2G05117	0	0	0	0	0	0
AT2G05120	330	330	291	275	297	267
AT2G05125	0	0	0	0	0	0
AT2G05140	0	0	0	0	0	0
AT2G05145	0	0	0	0	0	0
AT2G05155	1	0	0	1	0	1
AT2G05160	146	67	99	131	86	83
AT2G05170	819	863	812	751	791	699
AT2G05180	10	21	15	12	15	12
AT2G05185	1	1	1	1	0	1
AT2G05205	0	0	0	0	1	1
AT2G05210	256	260	258	256	226	240
AT2G05215	3	3	0	1	2	5
AT2G05220	391	377	373	376	329	341
AT2G05230	2	0	3	1	0	1
AT2G05245	0	0	0	0	0	0
AT2G05250	3	2	3	1	7	3
AT2G05255	0	0	0	0	0	0
AT2G05260	319	258	248	166	181	223
AT2G05270	2	0	0	0	0	0
AT2G05294	0	0	0	0	0	0
AT2G05310	936	948	815	1107	939	858
AT2G05315	0	0	0	0	0	0
AT2G05320	270	291	270	198	232	236
AT2G05330	3	4	1	1	0	3
AT2G05335	0	0	0	0	0	0
AT2G05350	1	0	2	1	0	0
AT2G05355	0	0	0	0	0	0
AT2G05360	0	0	0	0	0	0
AT2G05365	0	0	0	0	2	0
AT2G05370	0	0	0	0	0	0
AT2G05380	7002	6336	7611	7093	6020	7152
AT2G05395	0	1	0	0	0	0
AT2G05400	8	0	2	0	2	2
AT2G05405	0	0	0	0	0	0
AT2G05410	0	0	0	0	0	0
AT2G05415	0	0	0	0	0	0
AT2G05420	0	0	1	0	1	0
AT2G05425	0	0	0	0	0	0
AT2G05430	1	2	0	2	2	1
AT2G05440	10301	10875	10790	6573	8561	8572
AT2G05445	0	0	0	0	0	0
AT2G05455	0	0	0	0	0	0
AT2G05465	0	0	0	0	0	0
AT2G05485	0	0	0	0	0	0
AT2G05495	0	0	0	0	0	0
AT2G05505	0	0	1	1	1	0
AT2G05510	7902	4807	5874	3212	5514	5107
AT2G05515	0	0	0	0	0	0
AT2G05518	23	18	17	18	20	21
AT2G05520	13505	17428	14779	10822	12870	12104
AT2G05525	0	0	0	0	0	0
AT2G05530	0	1	0	2	1	0
AT2G05535	0	0	0	0	0	0
AT2G05540	618	437	545	599	691	677
AT2G05545	0	0	0	0	0	0
AT2G05555	0	0	0	0	0	0
AT2G05565	0	0	0	0	0	0
AT2G05575	0	0	0	0	0	0
AT2G05580	0	1	0	0	1	1
AT2G05585	0	0	0	0	0	0
AT2G05590	295	305	243	226	231	223
AT2G05600	0	0	0	0	0	0
AT2G05605	0	0	0	0	0	0
AT2G05615	0	0	0	0	0	0
AT2G05620	981	1062	832	610	533	487
AT2G05625	0	0	0	0	0	0
AT2G05630	419	454	370	275	257	261
AT2G05632	33	36	33	33	36	43
AT2G05635	0	0	0	4	2	2
AT2G05642	0	0	0	0	0	0
AT2G05645	0	0	0	0	0	0
AT2G05655	0	0	0	0	0	0
AT2G05665	6	5	4	4	5	7
AT2G05675	0	0	0	0	1	0
AT2G05685	0	0	0	0	0	0
AT2G05695	0	0	0	0	0	0
AT2G05705	2	0	1	0	1	0
AT2G05710	8521	8865	7391	6235	6546	6453
AT2G05720	0	0	0	0	0	0
AT2G05725	0	0	0	0	0	0
AT2G05752	0	0	0	0	0	0
AT2G05753	1	0	2	0	0	0
AT2G05755	136	127	142	109	103	124
AT2G05760	66	85	51	86	75	71
AT2G05765	1	2	0	0	1	3
AT2G05785	0	1	2	0	0	1
AT2G05786	0	0	0	0	0	0
AT2G05790	1208	1346	1234	1215	1157	1113
AT2G05810	2	5	2	1	1	1
AT2G05812	6	6	2	8	4	7
AT2G05815	0	2	1	1	1	0
AT2G05825	6	3	2	2	3	1
AT2G05830	732	859	669	748	662	646
AT2G05835	0	0	0	0	0	0
AT2G05840	1206	1301	1167	1173	1148	1105
AT2G05850	0	0	0	0	0	0
AT2G05855	0	0	0	0	0	0
AT2G05865	0	0	0	0	0	0
AT2G05875	0	2	2	3	2	1
AT2G05885	0	0	0	0	0	0
AT2G05895	25	19	29	26	21	13
AT2G05900	0	0	0	0	0	0
AT2G05905	0	0	0	0	0	0
AT2G05910	36	21	24	18	22	16
AT2G05914	3	5	3	1	2	3
AT2G05915	0	0	0	0	0	0
AT2G05920	2148	1922	1826	2008	1742	1624
AT2G05925	0	0	0	0	0	0
AT2G05940	660	826	547	312	449	517
AT2G05945	0	0	0	0	0	0
AT2G05965	0	0	1	0	0	0
AT2G05970	0	0	0	0	0	0
AT2G05975	0	0	0	0	0	0
AT2G05990	1192	1119	999	1440	1117	1038
AT2G05995	1	3	1	2	0	0
AT2G06000	182	151	172	142	146	124
AT2G06002	3	2	12	14	8	6
AT2G06005	76	75	78	67	53	51
AT2G06010	184	168	152	155	159	150
AT2G06020	0	0	0	0	0	0
AT2G06025	604	522	424	517	493	500
AT2G06035	0	0	0	0	0	0
AT2G06040	154	177	143	139	136	117
AT2G06050	990	1410	945	506	652	1299
AT2G06065	1	1	0	0	0	3
AT2G06075	0	0	0	0	0	0
AT2G06085	0	0	0	0	0	0
AT2G06090	0	0	0	0	0	0
AT2G06095	0	0	0	0	0	0
AT2G06105	0	0	0	0	0	0
AT2G06115	0	0	0	0	0	0
AT2G06135	0	0	0	0	0	0
AT2G06145	0	0	0	0	0	0
AT2G06166	0	0	0	0	0	0
AT2G06175	0	0	0	0	0	0
AT2G06185	2	3	3	0	0	2
AT2G06200	12	17	13	15	15	4
AT2G06210	896	898	795	807	728	746
AT2G06215	4	5	4	5	5	3
AT2G06225	1	0	0	2	0	0
AT2G06255	24	24	20	23	16	18
AT2G06265	0	0	0	0	0	0
AT2G06275	0	0	1	0	0	0
AT2G06305	0	0	0	0	0	0
AT2G06315	0	0	0	0	0	0
AT2G06345	3	3	3	4	2	5
AT2G06355	72	134	68	18	48	48
AT2G06365	1	2	0	0	1	0
AT2G06375	0	0	0	0	0	0
AT2G06385	0	0	0	0	0	0
AT2G06395	0	3	0	2	0	0
AT2G06405	0	0	0	0	0	0
AT2G06415	0	0	0	0	0	0
AT2G06420	0	0	0	0	0	0
AT2G06425	0	0	0	0	0	0
AT2G06435	0	0	0	0	1	1
AT2G06445	0	1	0	0	0	0
AT2G06455	0	0	0	0	0	0
AT2G06465	0	0	0	0	0	0
AT2G06475	0	0	0	0	0	0
AT2G06485	6	6	1	1	0	0
AT2G06495	0	0	0	0	0	0
AT2G06500	0	0	0	0	0	0
AT2G06505	0	0	0	0	0	0
AT2G06510	208	215	168	219	191	188
AT2G06515	0	0	0	0	0	0
AT2G06520	6796	8635	6401	8136	7599	6279
AT2G06525	0	0	0	0	0	0
AT2G06530	1244	1631	1332	1035	1341	1430
AT2G06535	0	0	0	0	0	0
AT2G06541	0	0	0	0	0	0
AT2G06555	0	1	0	0	0	0
AT2G06562	0	0	0	0	0	0
AT2G06565	1	0	0	0	0	0
AT2G06570	0	0	0	0	0	0
AT2G06575	0	0	0	0	0	0
AT2G06585	0	0	0	0	0	0
AT2G06595	0	0	0	0	0	0
AT2G06605	0	0	0	0	0	0
AT2G06615	0	0	0	0	0	0
AT2G06625	0	0	0	0	0	0
AT2G06635	0	0	0	0	0	0
AT2G06645	0	0	0	0	0	0
AT2G06655	0	0	0	0	0	0
AT2G06665	0	0	0	0	0	0
AT2G06667	0	0	0	0	0	0
AT2G06675	0	0	0	0	0	0
AT2G06685	0	1	0	0	0	0
AT2G06695	0	0	0	0	0	0
AT2G06705	0	0	0	0	0	0
AT2G06725	0	0	0	0	0	0
AT2G06745	0	0	0	0	0	0
AT2G06755	0	0	0	0	0	0
AT2G06765	2	1	3	3	2	2
AT2G06785	0	0	0	0	0	0
AT2G06795	0	0	0	0	0	0
AT2G06805	0	0	0	1	0	0
AT2G06815	0	0	0	0	0	0
AT2G06835	1	1	3	1	2	2
AT2G06845	0	0	0	0	0	0
AT2G06850	1751	1975	2278	2696	2859	2356
AT2G06855	0	0	0	0	0	0
AT2G06865	0	0	0	0	0	0
AT2G06904	0	0	0	0	0	0
AT2G06905	0	0	1	5	0	0
AT2G06906	0	0	0	0	0	0
AT2G06908	0	0	0	0	0	0
AT2G06925	302	330	311	402	328	344
AT2G06935	2	3	2	1	1	1
AT2G06945	0	0	1	1	0	1
AT2G06955	0	0	0	0	0	0
AT2G06960	0	0	0	0	0	0
AT2G06975	0	0	0	0	1	0
AT2G06983	0	0	0	0	0	0
AT2G06990	645	687	643	606	632	608
AT2G06995	19	12	15	19	13	15
AT2G07000	0	0	0	2	0	0
AT2G07005	0	0	0	0	0	0
AT2G07015	0	0	0	0	0	0
AT2G07020	0	0	0	0	0	0
AT2G07025	0	0	0	0	0	0
AT2G07035	0	0	0	0	0	0
AT2G07040	0	0	0	0	0	0
AT2G07042	25	37	29	12	13	17
AT2G07045	0	0	0	0	3	0
AT2G07050	1588	1517	1380	1456	1304	1224
AT2G07055	1	0	0	0	0	0
AT2G07085	0	0	0	0	0	0
AT2G07095	0	0	0	0	0	0
AT2G07110	0	0	0	0	0	0
AT2G07115	0	0	0	0	0	0
AT2G07120	0	0	0	0	0	0
AT2G07135	0	0	0	0	2	0
AT2G07140	0	0	0	0	0	0
AT2G07165	0	0	0	0	0	0
AT2G07170	121	153	132	159	108	135
AT2G07175	0	0	0	0	0	0
AT2G07180	827	1088	906	729	866	811
AT2G07190	0	0	0	0	0	0
AT2G07195	0	0	1	0	0	0
AT2G07200	0	0	0	0	0	0
AT2G07205	0	0	0	0	0	0
AT2G07213	2	0	0	0	2	1
AT2G07215	0	0	0	0	0	0
AT2G07225	1	4	0	0	0	1
AT2G07235	0	0	0	0	0	0
AT2G07240	1	0	0	0	0	0
AT2G07245	0	0	0	0	0	0
AT2G07255	0	0	0	0	0	0
AT2G07265	2	1	2	0	0	2
AT2G07275	0	0	0	0	0	0
AT2G07280	0	0	0	0	0	0
AT2G07285	0	0	0	1	0	0
AT2G07290	0	0	0	0	0	0
AT2G07295	0	0	0	0	0	0
AT2G07305	0	0	0	0	0	0
AT2G07310	0	0	0	0	0	0
AT2G07315	1	0	0	0	0	0
AT2G07325	0	0	0	0	0	0
AT2G07335	0	0	0	0	0	0
AT2G07340	289	342	305	273	233	240
AT2G07345	1	3	1	3	2	2
AT2G07355	0	2	2	0	0	1
AT2G07360	1737	1751	1626	1628	1618	1539
AT2G07375	0	0	0	0	0	1
AT2G07385	0	0	0	0	0	0
AT2G07405	0	0	0	0	0	0
AT2G07415	0	0	0	0	0	0
AT2G07425	0	1	0	1	1	0
AT2G07435	10	3	1	11	3	8
AT2G07440	0	0	0	0	0	0
AT2G07445	0	0	0	0	0	0
AT2G07475	0	0	0	0	1	0
AT2G07485	0	0	2	0	3	0
AT2G07495	0	0	0	0	0	0
AT2G07505	0	0	0	0	0	0
AT2G07515	0	0	0	0	0	0
AT2G07525	0	0	0	0	0	0
AT2G07535	0	0	0	0	0	0
AT2G07545	0	0	0	0	0	0
AT2G07555	0	0	0	0	0	0
AT2G07560	0	0	0	0	0	0
AT2G07565	0	0	0	0	0	0
AT2G07575	1	1	0	0	0	0
AT2G07585	2	4	2	3	1	3
AT2G07595	0	0	0	0	0	0
AT2G07599	0	0	0	0	0	1
AT2G07605	1	0	0	0	2	0
AT2G07613	0	0	0	0	0	0
AT2G07615	0	3	0	2	0	0
AT2G07617	0	0	0	0	0	0
AT2G07621	0	0	0	0	0	0
AT2G07623	0	0	0	0	0	0
AT2G07625	0	0	0	0	0	0
AT2G07626	0	0	0	0	0	0
AT2G07627	0	0	0	0	0	0
AT2G07628	0	0	0	0	0	0
AT2G07629	2	2	2	3	2	3
AT2G07631	0	0	0	0	0	0
AT2G07632	0	0	0	0	0	0
AT2G07633	1	0	0	0	0	0
AT2G07634	0	0	0	0	0	0
AT2G07636	1	0	0	0	0	0
AT2G07637	0	0	0	0	0	0
AT2G07638	8	9	4	4	4	6
AT2G07640	0	0	0	0	0	0
AT2G07641	0	0	0	0	1	0
AT2G07642	0	1	0	0	0	0
AT2G07643	0	0	1	1	0	0
AT2G07644	0	0	0	0	0	0
AT2G07645	0	0	0	0	0	0
AT2G07646	0	0	0	1	0	0
AT2G07648	0	0	0	0	0	0
AT2G07652	0	0	0	0	0	0
AT2G07654	0	0	0	0	0	0
AT2G07655	0	0	0	0	0	0
AT2G07656	0	0	0	0	0	0
AT2G07658	0	0	0	0	0	0
AT2G07659	0	0	0	0	0	0
AT2G07661	0	0	0	0	0	0
AT2G07662	7	4	4	1	2	2
AT2G07665	1	0	0	0	0	0
AT2G07667	0	0	2	0	1	0
AT2G07669	0	0	1	0	0	1
AT2G07671	0	0	0	0	0	0
AT2G07672	0	0	0	0	0	0
AT2G07673	0	0	0	0	0	0
AT2G07674	1	0	0	0	0	0
AT2G07675	0	0	0	0	0	0
AT2G07676	0	0	0	0	0	0
AT2G07678	1	1	0	0	0	0
AT2G07680	282	258	254	280	263	246
AT2G07681	0	0	0	0	0	0
AT2G07684	0	0	0	0	0	0
AT2G07687	1	2	1	0	1	3
AT2G07689	0	0	0	0	0	0
AT2G07690	397	398	298	400	310	290
AT2G07691	0	0	0	0	0	0
AT2G07692	0	0	0	0	0	0
AT2G07695	0	1	0	0	0	0
AT2G07696	0	0	0	0	0	0
AT2G07698	6	2	0	1	2	0
AT2G07701	0	0	0	0	0	0
AT2G07702	0	0	0	0	0	0
AT2G07705	0	0	0	0	0	0
AT2G07706	0	0	0	0	0	0
AT2G07707	0	0	0	0	0	0
AT2G07708	0	0	0	0	0	0
AT2G07713	0	0	0	0	0	0
AT2G07714	0	0	0	0	0	0
AT2G07715	6	4	3	2	4	2
AT2G07718	0	0	0	0	0	0
AT2G07719	0	0	0	0	0	0
AT2G07721	0	0	0	0	0	0
AT2G07722	0	2	0	0	1	0
AT2G07724	0	0	0	0	0	0
AT2G07725	1	0	0	0	0	0
AT2G07727	1	0	1	0	0	1
AT2G07728	0	0	0	1	0	0
AT2G07732	0	0	0	0	0	0
AT2G07734	0	0	0	0	0	0
AT2G07738	0	0	0	0	0	0
AT2G07739	1	3	0	0	0	0
AT2G07741	0	0	0	0	0	0
AT2G07743	0	0	0	0	0	0
AT2G07745	0	0	0	0	0	0
AT2G07746	0	0	0	0	0	0
AT2G07748	0	0	0	0	0	0
AT2G07749	0	0	0	0	0	0
AT2G07750	0	0	0	0	0	0
AT2G07751	0	0	0	0	0	0
AT2G07752	0	0	0	0	0	0
AT2G07753	0	0	0	0	0	0
AT2G07754	0	0	0	0	0	0
AT2G07755	0	0	0	0	0	0
AT2G07756	0	0	0	0	0	0
AT2G07757	0	0	0	0	0	0
AT2G07758	0	0	0	0	0	0
AT2G07759	0	0	0	0	0	0
AT2G07760	0	0	0	0	0	0
AT2G07761	0	0	0	0	0	0
AT2G07762	0	0	0	0	0	0
AT2G07763	0	0	0	0	0	0
AT2G07764	0	0	0	0	0	0
AT2G07765	0	0	1	0	0	0
AT2G07766	0	0	0	0	0	0
AT2G07768	0	0	0	0	0	0
AT2G07771	0	0	0	0	0	0
AT2G07772	0	0	0	0	0	0
AT2G07773	0	0	0	0	0	0
AT2G07774	0	0	1	0	0	0
AT2G07775	0	0	0	0	0	0
AT2G07776	0	0	0	0	0	0
AT2G07777	0	0	0	0	0	0
AT2G07779	0	0	1	0	0	0
AT2G07785	0	0	0	0	0	0
AT2G07787	0	0	0	0	0	1
AT2G07792	0	0	0	0	0	0
AT2G07793	0	0	0	0	0	0
AT2G07794	0	0	0	0	0	0
AT2G07795	0	0	0	0	0	0
AT2G07798	0	2	0	0	0	0
AT2G07800	0	0	0	0	0	0
AT2G07805	0	0	0	0	0	0
AT2G07806	1	0	0	0	0	1
AT2G07810	0	0	0	0	0	0
AT2G07815	0	0	0	0	0	0
AT2G07820	0	0	0	0	0	0
AT2G07825	0	0	0	0	0	0
AT2G07827	0	0	0	0	0	0
AT2G07830	0	0	0	0	0	0
AT2G07835	0	0	0	0	0	0
AT2G07840	0	0	0	0	0	0
AT2G07845	0	1	0	0	1	0
AT2G07850	0	0	0	0	0	0
AT2G07855	0	0	0	0	0	0
AT2G07860	0	0	0	0	0	0
AT2G07865	0	0	0	0	0	0
AT2G07870	0	0	0	0	0	0
AT2G07875	3	2	1	3	5	5
AT2G07885	0	0	0	0	0	0
AT2G07890	0	0	0	0	0	0
AT2G07895	0	0	0	0	0	0
AT2G07900	0	0	0	0	0	0
AT2G07905	0	0	0	0	0	1
AT2G07910	0	0	0	0	0	0
AT2G07915	0	0	0	0	0	0
AT2G07925	0	0	0	0	0	0
AT2G07935	0	0	0	0	0	0
AT2G07940	0	0	0	0	0	0
AT2G07945	0	0	0	0	0	0
AT2G07950	0	4	2	5	1	1
AT2G07960	0	0	0	0	0	0
AT2G07965	0	0	0	0	0	0
AT2G07970	0	0	0	0	0	0
AT2G07975	0	0	0	0	0	0
AT2G07981	0	0	0	0	0	0
AT2G07985	0	0	0	0	0	0
AT2G07990	0	0	0	0	0	0
AT2G07995	0	0	0	0	0	0
AT2G08000	0	0	0	0	0	0
AT2G08005	0	0	0	0	0	0
AT2G08010	0	0	0	0	0	0
AT2G08015	0	0	0	0	0	0
AT2G08020	0	0	0	0	0	0
AT2G08025	0	1	0	0	0	1
AT2G08030	0	0	0	0	0	0
AT2G08035	1	1	0	0	1	0
AT2G08040	0	0	0	0	0	0
AT2G08045	0	0	0	1	0	0
AT2G08050	0	0	1	0	0	0
AT2G08055	0	0	0	0	0	0
AT2G08060	0	0	0	0	0	0
AT2G08070	0	0	0	0	0	0
AT2G08075	0	0	0	0	0	0
AT2G08085	0	0	0	0	0	0
AT2G08090	0	0	0	0	0	0
AT2G08095	0	0	0	0	0	1
AT2G08100	9	5	4	3	2	3
AT2G08105	0	0	0	0	0	0
AT2G08110	0	0	0	0	0	0
AT2G08115	0	0	0	0	0	0
AT2G08120	1	1	0	1	0	1
AT2G08125	0	0	0	0	0	0
AT2G08130	0	0	1	1	1	1
AT2G08135	0	0	0	0	0	0
AT2G08150	0	0	0	0	0	0
AT2G08155	0	0	0	0	0	0
AT2G08160	0	0	0	0	1	0
AT2G08165	0	0	0	0	0	0
AT2G08175	0	0	1	0	0	0
AT2G08180	0	0	0	0	0	0
AT2G08190	0	0	0	0	0	0
AT2G08195	0	0	0	0	0	0
AT2G08200	0	0	0	0	0	0
AT2G08205	0	0	0	0	0	0
AT2G08210	0	0	0	0	0	0
AT2G08215	0	0	0	0	0	1
AT2G08220	29	48	24	18	28	27
AT2G08230	0	2	0	0	0	0
AT2G08235	0	0	0	0	0	0
AT2G08240	0	0	0	0	0	0
AT2G08245	0	0	0	0	0	0
AT2G08250	0	0	0	0	0	0
AT2G08255	0	1	0	0	0	0
AT2G08260	0	0	0	0	0	0
AT2G08265	0	0	0	0	0	0
AT2G08270	0	0	0	0	0	0
AT2G08275	0	0	0	0	0	0
AT2G08280	0	0	0	0	0	0
AT2G08285	0	0	0	0	0	0
AT2G08290	1	0	0	0	0	0
AT2G08295	1	0	0	0	0	0
AT2G08300	1	0	0	1	0	0
AT2G08305	0	0	0	0	0	0
AT2G08310	0	0	0	0	0	0
AT2G08315	0	0	0	0	0	0
AT2G08320	0	0	1	0	0	0
AT2G08330	0	0	0	0	0	0
AT2G08335	0	0	0	0	0	0
AT2G08340	0	0	0	0	0	0
AT2G08345	0	0	0	0	0	0
AT2G08350	8	2	6	2	7	6
AT2G08355	0	0	0	0	0	0
AT2G08360	1	0	1	0	0	0
AT2G08365	0	0	0	0	0	0
AT2G08370	0	0	0	0	0	0
AT2G08375	0	0	0	0	0	0
AT2G08380	0	0	0	0	0	0
AT2G08385	0	0	0	0	0	0
AT2G08390	0	0	0	0	0	0
AT2G08395	0	0	0	0	0	0
AT2G08400	0	0	0	0	0	0
AT2G08405	0	0	0	0	0	0
AT2G08410	0	0	0	0	0	0
AT2G08415	0	0	0	0	0	0
AT2G08420	0	0	0	0	0	0
AT2G08425	0	0	0	0	0	0
AT2G08430	1	0	0	0	0	0
AT2G08435	22	35	19	16	26	20
AT2G08440	3	3	4	2	3	3
AT2G08445	4	3	7	3	4	3
AT2G08450	4	0	4	2	1	2
AT2G08455	1	0	0	0	0	0
AT2G08460	0	0	0	0	0	0
AT2G08465	0	0	1	0	0	0
AT2G08470	0	0	0	0	0	0
AT2G08475	0	0	0	0	0	0
AT2G08480	0	0	0	0	0	0
AT2G08485	0	0	0	0	0	0
AT2G08490	0	0	0	0	0	0
AT2G08495	0	0	0	0	0	0
AT2G08500	0	0	0	0	0	0
AT2G08505	1	0	0	0	0	0
AT2G08510	0	0	0	0	0	0
AT2G08515	0	0	0	0	0	0
AT2G08520	0	0	0	0	0	0
AT2G08525	0	0	0	0	0	0
AT2G08530	2	1	0	0	0	0
AT2G08535	0	0	0	0	0	0
AT2G08540	0	0	0	0	0	0
AT2G08545	1	1	0	1	0	0
AT2G08550	0	0	0	0	0	0
AT2G08555	0	0	0	0	0	0
AT2G08560	0	0	0	0	0	0
AT2G08565	0	1	0	0	0	0
AT2G08570	0	0	0	0	0	0
AT2G08575	1	2	2	6	7	6
AT2G08580	1	1	0	0	1	0
AT2G08585	1	0	1	1	1	1
AT2G08590	0	0	0	0	0	0
AT2G08595	0	0	0	0	0	0
AT2G08610	8	10	5	8	6	10
AT2G08620	0	0	0	0	0	0
AT2G08625	0	0	0	0	0	0
AT2G08630	0	0	0	0	0	0
AT2G08635	0	0	1	1	0	0
AT2G08640	0	0	0	0	0	0
AT2G08645	0	0	0	0	0	0
AT2G08650	14	14	10	12	15	12
AT2G08655	0	0	0	0	0	0
AT2G08660	0	0	0	0	0	0
AT2G08665	0	0	0	0	0	0
AT2G08670	0	0	0	0	0	0
AT2G08675	0	0	1	0	0	0
AT2G08680	1	3	2	3	2	1
AT2G08685	0	0	0	0	0	0
AT2G08690	0	0	0	0	0	0
AT2G08695	0	0	0	0	0	0
AT2G08700	0	0	0	0	0	0
AT2G08705	0	0	0	0	0	0
AT2G08710	0	0	0	0	0	0
AT2G08715	0	0	0	1	0	0
AT2G08720	0	0	0	0	0	0
AT2G08725	0	0	2	0	0	0
AT2G08730	0	0	0	0	0	0
AT2G08735	23	26	19	13	20	13
AT2G08740	0	0	0	0	0	0
AT2G08745	0	0	0	0	0	0
AT2G08750	0	0	0	0	0	0
AT2G08755	1	2	2	0	4	1
AT2G08760	3	5	6	6	5	4
AT2G08765	49	48	48	63	57	52
AT2G08770	0	0	0	0	0	0
AT2G08775	0	0	0	0	0	0
AT2G08780	0	0	0	0	0	0
AT2G08790	0	0	0	0	0	0
AT2G08795	1	2	0	0	2	1
AT2G08800	0	0	2	0	0	0
AT2G08805	0	0	0	0	0	0
AT2G08815	0	0	0	0	0	0
AT2G08820	51	58	46	13	15	24
AT2G08825	73	104	73	19	10	34
AT2G08830	0	0	0	1	0	0
AT2G08835	0	1	0	0	0	0
AT2G08845	0	0	0	0	0	0
AT2G08850	0	0	0	0	0	0
AT2G08855	0	0	0	0	0	0
AT2G08860	0	0	0	0	0	0
AT2G08865	26	26	29	23	21	9
AT2G08870	0	0	0	0	0	0
AT2G08875	0	0	0	0	0	0
AT2G08880	0	0	0	0	0	0
AT2G08885	0	0	0	0	0	0
AT2G08890	0	0	0	0	0	0
AT2G08895	1	0	3	0	0	0
AT2G08900	0	2	0	0	0	0
AT2G08905	0	0	0	0	0	0
AT2G08910	0	0	1	0	0	2
AT2G08915	0	1	0	0	0	0
AT2G08920	0	0	0	0	0	0
AT2G08925	0	0	0	0	0	1
AT2G08930	0	0	0	0	1	0
AT2G08935	0	0	0	0	0	0
AT2G08940	0	0	0	0	0	0
AT2G08945	0	0	0	0	0	0
AT2G08950	0	1	0	0	0	0
AT2G08955	1	0	1	1	1	2
AT2G08960	0	0	0	0	0	0
AT2G08965	0	0	0	0	1	0
AT2G08970	0	0	0	0	0	0
AT2G08975	0	0	0	0	0	0
AT2G08980	0	0	0	0	0	0
AT2G08985	0	0	0	0	0	0
AT2G08986	0	0	0	0	0	0
AT2G08990	0	0	1	1	0	0
AT2G08995	0	0	0	0	0	0
AT2G09000	0	0	0	0	0	0
AT2G09005	0	0	0	0	1	0
AT2G09010	0	0	0	0	0	0
AT2G09015	0	0	0	0	0	0
AT2G09020	0	0	0	0	0	0
AT2G09025	0	1	2	2	1	2
AT2G09035	0	0	0	0	0	0
AT2G09040	0	0	0	0	0	0
AT2G09045	0	0	0	0	0	0
AT2G09050	0	0	0	0	0	0
AT2G09055	0	0	0	0	0	0
AT2G09060	0	0	0	0	0	0
AT2G09065	0	0	0	0	0	0
AT2G09070	0	0	0	0	0	0
AT2G09075	0	0	0	0	0	0
AT2G09080	0	0	0	0	0	0
AT2G09085	5	2	5	0	0	2
AT2G09090	3	3	2	4	4	9
AT2G09095	0	0	0	0	0	0
AT2G09100	0	0	0	2	0	0
AT2G09105	0	0	0	0	0	0
AT2G09110	0	0	0	0	0	0
AT2G09115	0	0	0	0	0	0
AT2G09120	0	0	0	0	0	0
AT2G09125	0	0	0	0	1	0
AT2G09130	0	0	0	0	0	0
AT2G09135	0	0	0	0	1	0
AT2G09140	0	0	0	0	0	0
AT2G09150	0	0	0	0	0	0
AT2G09155	0	0	0	0	0	0
AT2G09160	0	0	0	0	0	0
AT2G09165	10	6	4	5	5	2
AT2G09170	6	8	7	2	6	4
AT2G09175	0	0	0	0	0	0
AT2G09180	0	0	0	0	0	0
AT2G09185	0	0	0	0	0	0
AT2G09190	24	19	12	15	22	23
AT2G09195	0	0	0	2	0	1
AT2G09200	0	1	0	0	0	0
AT2G09205	0	1	0	0	3	1
AT2G09210	0	0	0	0	0	0
AT2G09215	0	0	0	0	0	0
AT2G09220	0	0	0	0	0	0
AT2G09225	5	4	10	8	3	7
AT2G09230	0	0	0	0	0	0
AT2G09235	0	0	0	0	0	0
AT2G09240	0	0	0	0	0	0
AT2G09245	0	0	0	0	0	0
AT2G09250	0	0	0	0	0	0
AT2G09255	0	0	0	0	0	1
AT2G09260	0	0	0	0	0	0
AT2G09265	0	0	0	0	0	0
AT2G09270	0	0	0	0	0	0
AT2G09280	0	0	0	0	0	0
AT2G09285	0	0	0	0	0	0
AT2G09290	0	1	0	0	0	0
AT2G09295	0	0	0	0	0	1
AT2G09300	0	0	0	0	0	0
AT2G09305	2	0	5	3	2	1
AT2G09310	0	0	0	0	0	0
AT2G09315	0	0	0	0	0	0
AT2G09320	0	0	0	0	0	0
AT2G09325	0	0	0	0	0	0
AT2G09330	0	0	0	0	0	0
AT2G09335	0	0	0	0	0	0
AT2G09340	0	0	0	0	0	0
AT2G09345	0	0	0	0	0	0
AT2G09350	0	0	0	0	0	0
AT2G09355	0	0	0	0	0	0
AT2G09360	0	0	0	0	0	0
AT2G09365	0	0	0	0	0	0
AT2G09370	0	0	0	0	0	0
AT2G09375	0	0	0	0	0	0
AT2G09380	0	0	0	0	0	0
AT2G09385	0	0	0	0	0	0
AT2G09388	0	0	0	0	0	0
AT2G09390	0	0	0	0	0	0
AT2G09395	0	0	0	0	0	0
AT2G09400	0	4	0	0	2	4
AT2G09405	0	0	0	0	0	0
AT2G09410	0	0	0	0	0	0
AT2G09415	0	0	0	0	0	0
AT2G09420	0	0	2	1	1	0
AT2G09425	0	0	1	1	0	0
AT2G09430	0	0	0	0	0	0
AT2G09435	0	0	0	0	0	0
AT2G09440	7	3	1	0	5	3
AT2G09445	0	0	0	0	0	0
AT2G09450	0	0	0	0	0	0
AT2G09455	0	4	1	3	3	2
AT2G09460	0	0	0	0	0	0
AT2G09465	0	0	0	0	0	0
AT2G09470	0	0	0	0	0	0
AT2G09475	0	0	0	0	0	0
AT2G09480	0	0	0	0	0	0
AT2G09490	5	6	7	4	1	5
AT2G09495	2	1	1	0	2	0
AT2G09500	0	0	0	1	1	0
AT2G09505	0	0	0	0	0	0
AT2G09510	0	1	2	0	3	0
AT2G09515	0	0	1	1	0	1
AT2G09525	6	3	4	0	0	0
AT2G09530	0	0	0	0	0	0
AT2G09535	0	0	0	0	0	0
AT2G09540	0	0	0	0	0	0
AT2G09545	0	0	0	0	0	0
AT2G09550	0	0	0	0	0	0
AT2G09555	0	0	0	0	0	0
AT2G09560	0	0	0	0	0	0
AT2G09565	0	0	0	0	0	1
AT2G09570	0	0	0	0	0	0
AT2G09575	0	0	0	0	0	0
AT2G09585	0	0	0	0	0	0
AT2G09590	0	0	0	0	0	0
AT2G09605	0	0	0	0	0	0
AT2G09610	0	0	0	0	0	0
AT2G09615	0	0	0	0	0	0
AT2G09620	0	0	0	0	0	0
AT2G09625	0	0	0	0	0	0
AT2G09630	0	0	0	0	0	0
AT2G09635	0	0	0	0	0	0
AT2G09640	0	0	1	0	0	1
AT2G09645	0	0	0	0	0	0
AT2G09650	0	0	1	0	0	0
AT2G09655	0	0	0	0	0	0
AT2G09660	0	0	0	0	0	0
AT2G09665	0	0	0	0	0	0
AT2G09670	0	0	0	0	0	0
AT2G09675	0	0	0	0	0	1
AT2G09680	0	0	0	0	0	0
AT2G09685	0	0	0	0	0	0
AT2G09690	0	0	0	0	0	0
AT2G09695	0	0	0	0	0	0
AT2G09700	0	0	0	0	0	0
AT2G09705	0	0	1	0	0	0
AT2G09710	1	6	3	8	9	4
AT2G09715	0	0	0	0	0	0
AT2G09720	0	0	0	0	0	0
AT2G09725	0	0	0	0	0	0
AT2G09730	0	0	0	0	0	0
AT2G09735	0	0	0	0	0	0
AT2G09740	0	0	0	0	0	0
AT2G09745	9	9	5	2	5	6
AT2G09750	2	0	0	1	0	0
AT2G09755	0	0	0	0	0	0
AT2G09760	0	0	0	0	0	0
AT2G09765	0	0	0	0	0	0
AT2G09770	0	0	0	0	0	0
AT2G09775	1	1	0	1	0	1
AT2G09780	0	0	0	0	0	0
AT2G09785	0	0	0	0	0	0
AT2G09795	132	133	115	126	119	115
AT2G09805	0	0	1	0	0	1
AT2G09815	0	0	0	0	0	0
AT2G09825	0	0	0	0	0	0
AT2G09835	1	0	0	2	0	1
AT2G09838	0	0	0	0	0	0
AT2G09840	0	0	0	0	0	0
AT2G09845	0	0	0	0	0	0
AT2G09875	0	1	1	1	0	2
AT2G09885	1	1	0	0	0	0
AT2G09895	0	0	0	0	0	0
AT2G09905	0	0	0	0	0	0
AT2G09915	0	0	0	1	0	0
AT2G09925	0	0	0	1	1	0
AT2G09935	0	0	0	0	0	0
AT2G09945	0	0	0	0	0	0
AT2G09955	0	0	0	1	0	0
AT2G09965	0	0	0	0	0	0
AT2G09970	0	0	0	0	0	0
AT2G09975	0	0	0	0	0	0
AT2G09990	632	599	646	518	556	476
AT2G09995	0	0	0	0	0	0
AT2G10020	0	0	0	0	0	0
AT2G10025	0	0	0	0	0	0
AT2G10260	0	0	0	0	0	0
AT2G10440	1	0	0	1	1	2
AT2G10450	0	0	0	0	0	0
AT2G10455	0	0	0	0	0	0
AT2G10535	0	0	0	0	0	0
AT2G10537	0	0	0	0	0	1
AT2G10545	0	0	0	0	0	0
AT2G10550	0	0	0	0	0	0
AT2G10553	0	0	0	0	0	0
AT2G10556	0	0	0	0	0	0
AT2G10557	0	0	0	0	0	0
AT2G10560	0	0	0	0	0	0
AT2G10602	0	0	0	0	0	0
AT2G10606	0	0	0	0	0	1
AT2G10608	0	0	0	0	0	0
AT2G10615	0	0	0	0	0	0
AT2G10625	0	0	0	0	0	0
AT2G10920	0	0	0	0	0	1
AT2G10921	0	0	0	0	0	0
AT2G10930	13	19	8	9	10	9
AT2G10931	55	50	38	50	60	48
AT2G10940	4873	4728	4987	4938	4608	4005
AT2G10950	323	353	315	282	305	292
AT2G10955	0	0	0	0	0	0
AT2G10965	0	0	0	0	0	0
AT2G10970	0	0	0	0	0	0
AT2G10975	0	0	0	0	0	1
AT2G11000	366	370	347	301	336	341
AT2G11005	0	0	0	0	0	0
AT2G11010	0	0	0	0	0	0
AT2G11015	0	0	0	0	0	0
AT2G11025	0	0	0	0	0	0
AT2G11035	46	32	34	35	32	47
AT2G11045	0	0	0	0	0	0
AT2G11200	0	0	0	0	0	0
AT2G11205	0	0	0	0	0	1
AT2G11215	310	249	288	254	248	226
AT2G11225	2954	3075	2853	2895	2854	2551
AT2G11270	2	1	7	4	2	1
AT2G11271	0	0	0	0	0	0
AT2G11405	0	0	0	0	0	0
AT2G11462	0	0	0	0	0	0
AT2G11520	419	505	350	290	378	381
AT2G11522	0	0	0	0	0	0
AT2G11570	0	0	0	0	0	0
AT2G11620	0	0	0	0	0	0
AT2G11623	0	0	0	0	0	0
AT2G11626	0	0	0	0	0	0
AT2G11773	0	0	0	0	0	0
AT2G11778	0	0	0	0	0	0
AT2G11810	1170	1433	905	349	364	707
AT2G11815	3	4	5	1	0	1
AT2G11851	0	0	0	0	0	0
AT2G11852	0	0	0	0	0	0
AT2G11890	557	603	571	581	552	523
AT2G11891	3	2	3	2	4	3
AT2G11910	1168	1050	1056	1153	999	942
AT2G12170	25	23	17	21	20	29
AT2G12190	8	5	8	4	3	2
AT2G12200	0	0	0	0	0	0
AT2G12205	0	1	1	0	0	0
AT2G12280	0	0	0	0	0	0
AT2G12290	0	0	0	0	0	0
AT2G12400	628	517	509	452	432	407
AT2G12405	0	0	0	0	0	0
AT2G12461	39	32	40	44	30	28
AT2G12462	124	113	104	122	129	95
AT2G12465	0	0	0	0	1	0
AT2G12475	0	0	0	0	0	0
AT2G12480	0	4	3	0	0	0
AT2G12550	159	201	184	142	162	164
AT2G12646	76	62	67	60	62	47
AT2G12875	0	0	0	0	0	0
AT2G12880	0	0	0	0	0	0
AT2G12900	0	0	0	0	0	0
AT2G12905	0	0	0	0	0	0
AT2G12935	0	0	0	0	0	0
AT2G12940	0	0	0	0	0	0
AT2G12945	0	0	0	0	0	0
AT2G13100	415	442	437	388	398	356
AT2G13105	0	0	0	0	0	0
AT2G13125	0	0	0	0	1	0
AT2G13126	0	0	0	0	0	0
AT2G13150	0	0	0	0	0	0
AT2G13275	0	0	1	0	1	0
AT2G13290	212	213	182	158	192	149
AT2G13295	0	0	0	0	0	0
AT2G13350	0	0	0	0	0	0
AT2G13360	12578	11811	9990	10995	9813	8589
AT2G13370	1461	1439	1212	1146	1216	1229
AT2G13422	1	0	0	1	0	0
AT2G13430	3	2	0	2	1	0
AT2G13440	576	560	502	589	505	507
AT2G13450	0	0	0	0	0	0
AT2G13463	0	0	0	0	0	0
AT2G13500	0	0	0	0	0	0
AT2G13510	0	0	0	0	0	0
AT2G13540	573	641	547	562	572	604
AT2G13542	0	0	0	0	0	0
AT2G13547	0	2	1	0	1	1
AT2G13550	26	21	20	23	23	25
AT2G13555	0	0	0	0	0	0
AT2G13560	2764	3008	2633	2579	2615	2495
AT2G13570	14	21	16	8	6	4
AT2G13600	41	47	33	44	32	46
AT2G13610	286	329	366	400	344	345
AT2G13620	0	0	0	0	0	0
AT2G13630	0	0	0	0	0	0
AT2G13640	0	0	0	0	0	0
AT2G13650	224	226	196	157	171	192
AT2G13660	0	0	0	0	0	0
AT2G13665	0	0	0	0	0	0
AT2G13680	11	6	13	20	6	8
AT2G13690	180	195	158	204	184	160
AT2G13720	0	0	0	0	0	0
AT2G13760	0	1	0	0	0	1
AT2G13770	0	0	0	1	0	0
AT2G13790	375	691	426	356	391	468
AT2G13800	115	150	119	85	148	133
AT2G13810	61	76	36	8	3	28
AT2G13820	122	110	112	148	119	101
AT2G13840	109	118	107	98	105	105
AT2G13845	0	0	0	0	0	0
AT2G13895	0	0	0	0	0	0
AT2G13900	2	0	0	1	0	0
AT2G13905	0	0	0	0	0	0
AT2G13950	0	0	0	0	0	0
AT2G13960	1	9	13	4	3	7
AT2G13965	120	102	111	100	107	85
AT2G13980	0	0	0	0	0	0
AT2G13985	0	0	0	0	0	0
AT2G14000	0	0	0	0	0	0
AT2G14045	363	397	309	321	293	311
AT2G14050	116	125	83	91	100	93
AT2G14060	0	1	2	5	3	0
AT2G14070	4	1	0	1	0	1
AT2G14080	445	630	538	366	534	519
AT2G14095	46	30	40	24	24	21
AT2G14100	77	49	51	44	38	34
AT2G14110	84	104	91	100	98	101
AT2G14115	11	23	9	23	13	12
AT2G14120	1263	1337	1127	1080	1132	1051
AT2G14160	0	0	0	0	0	0
AT2G14170	1123	1183	1149	1175	1175	1058
AT2G14210	27	48	21	10	9	18
AT2G14247	20	39	24	17	15	23
AT2G14255	467	509	451	501	495	457
AT2G14260	553	728	509	603	555	536
AT2G14265	0	0	0	0	0	1
AT2G14270	0	0	0	0	0	0
AT2G14282	0	0	0	0	0	0
AT2G14285	185	166	169	170	171	158
AT2G14288	0	0	0	0	0	0
AT2G14289	0	0	0	0	0	0
AT2G14290	4	3	3	2	1	6
AT2G14365	0	0	0	0	0	0
AT2G14378	0	0	0	0	0	0
AT2G14390	0	0	0	0	0	0
AT2G14395	0	0	0	0	0	0
AT2G14440	0	0	1	0	0	0
AT2G14460	147	146	139	132	129	111
AT2G14500	0	0	0	0	0	0
AT2G14510	36	41	43	19	38	39
AT2G14520	48	74	54	51	50	64
AT2G14530	192	206	172	200	170	156
AT2G14540	0	0	0	0	0	0
AT2G14560	3766	4297	3470	676	1401	1542
AT2G14580	125	102	68	66	85	90
AT2G14610	2694	2175	997	62	1462	2142
AT2G14620	52	43	29	23	27	48
AT2G14635	0	0	1	0	0	0
AT2G14660	47	53	52	60	52	44
AT2G14670	0	0	0	0	0	0
AT2G14680	471	534	413	333	354	359
AT2G14690	1	1	1	0	0	0
AT2G14692	1	0	0	0	0	1
AT2G14695	0	0	0	0	0	0
AT2G14700	0	0	0	0	0	0
AT2G14710	0	0	0	0	0	0
AT2G14720	1248	1211	1118	1089	942	981
AT2G14740	645	666	524	485	461	473
AT2G14750	1548	1598	1394	1237	1365	1453
AT2G14755	0	0	0	0	0	0
AT2G14760	7	10	5	3	7	9
AT2G14765	0	0	0	0	0	0
AT2G14775	21	25	21	24	29	18
AT2G14800	1	7	6	10	5	7
AT2G14810	0	0	0	0	0	0
AT2G14820	42	46	65	50	29	35
AT2G14825	66	59	51	45	61	62
AT2G14830	0	0	0	0	0	0
AT2G14835	582	560	520	504	499	435
AT2G14846	0	0	1	0	0	0
AT2G14850	136	157	125	119	105	120
AT2G14860	66	72	57	65	48	60
AT2G14870	0	0	0	0	0	0
AT2G14878	1711	2237	1289	649	667	906
AT2G14880	482	455	381	475	391	383
AT2G14890	1623	1395	1552	1672	1434	1457
AT2G14900	264	310	294	217	235	221
AT2G14910	1720	1892	1513	1542	1454	1384
AT2G14920	13	12	9	3	8	7
AT2G14935	0	0	0	0	0	0
AT2G14945	0	0	0	0	0	0
AT2G14960	9	10	19	5	8	13
AT2G15000	195	155	207	179	172	190
AT2G15010	1	3	0	0	1	0
AT2G15020	221	106	66	5	2	8
AT2G15025	0	0	0	0	0	0
AT2G15029	2	1	1	1	3	3
AT2G15042	293	433	252	105	161	191
AT2G15050	564	662	500	640	556	503
AT2G15080	950	1080	994	514	778	649
AT2G15090	1019	1705	1443	1416	1571	1632
AT2G15110	1	0	0	0	0	0
AT2G15128	42	38	42	44	40	30
AT2G15130	2	2	1	3	1	2
AT2G15170	0	0	0	0	1	1
AT2G15180	0	0	0	0	0	0
AT2G15185	0	0	0	0	0	0
AT2G15220	376	222	304	131	135	211
AT2G15230	345	346	330	291	305	310
AT2G15240	487	517	430	413	463	421
AT2G15260	0	0	0	0	0	0
AT2G15270	175	172	148	152	156	151
AT2G15280	175	187	185	201	154	173
AT2G15290	719	838	808	845	800	818
AT2G15292	167	170	160	189	159	206
AT2G15300	145	101	99	120	85	81
AT2G15310	84	73	71	52	48	50
AT2G15318	4	2	0	2	0	2
AT2G15320	450	487	390	282	289	291
AT2G15325	0	0	0	0	0	0
AT2G15327	0	0	0	0	0	0
AT2G15340	0	0	0	0	0	0
AT2G15345	0	0	0	0	0	0
AT2G15350	13	5	7	4	4	2
AT2G15360	0	0	0	2	0	0
AT2G15370	102	73	59	33	25	30
AT2G15390	743	1066	803	358	593	673
AT2G15400	18	26	17	32	31	28
AT2G15420	0	0	0	0	0	0
AT2G15430	295	291	271	283	288	245
AT2G15440	54	55	63	60	51	55
AT2G15450	0	0	0	0	0	0
AT2G15460	0	0	0	0	0	0
AT2G15470	0	0	0	0	0	0
AT2G15480	540	576	466	363	516	451
AT2G15490	295	229	234	308	344	302
AT2G15500	0	0	0	0	0	0
AT2G15530	475	499	453	443	466	454
AT2G15535	0	0	0	0	0	0
AT2G15555	0	0	0	0	0	0
AT2G15560	331	312	315	280	312	302
AT2G15570	323	319	304	244	281	225
AT2G15580	465	498	419	367	397	377
AT2G15590	1	3	5	1	1	2
AT2G15610	0	0	0	0	0	0
AT2G15620	2905	2863	2930	3216	2995	2705
AT2G15630	29	24	20	25	23	27
AT2G15640	0	0	0	0	0	0
AT2G15660	0	0	0	0	0	0
AT2G15670	0	0	0	0	0	0
AT2G15680	0	0	0	0	0	0
AT2G15690	102	112	86	133	99	91
AT2G15695	463	412	431	432	374	366
AT2G15710	0	0	0	0	0	0
AT2G15730	86	79	70	72	77	67
AT2G15740	0	0	0	0	0	0
AT2G15760	79	63	68	45	32	41
AT2G15770	0	0	0	0	0	0
AT2G15780	3	9	3	7	5	12
AT2G15790	193	191	185	177	168	143
AT2G15820	288	301	244	321	257	243
AT2G15830	117	105	78	103	76	69
AT2G15860	717	759	657	634	621	612
AT2G15880	328	456	472	944	705	738
AT2G15890	3359	4822	4995	5498	5400	5497
AT2G15900	670	733	668	567	638	629
AT2G15910	279	250	233	246	225	267
AT2G15950	0	0	0	0	0	0
AT2G15960	824	1168	1035	1422	1386	1555
AT2G15970	3069	3143	2535	2380	2220	2071
AT2G15980	77	68	72	84	61	83
AT2G16005	78	26	82	54	29	40
AT2G16015	0	0	0	0	0	0
AT2G16016	0	0	0	0	0	0
AT2G16018	0	0	0	0	0	0
AT2G16019	0	0	0	0	0	0
AT2G16020	0	0	0	0	0	0
AT2G16030	0	0	0	0	0	0
AT2G16040	0	0	0	0	0	0
AT2G16050	77	101	81	91	97	100
AT2G16060	405	1030	661	378	685	499
AT2G16070	329	331	291	234	229	232
AT2G16090	181	179	197	209	156	172
AT2G16120	0	0	0	0	0	0
AT2G16130	0	0	0	0	0	0
AT2G16145	0	0	0	0	0	0
AT2G16190	0	0	0	0	0	0
AT2G16200	0	0	0	0	0	0
AT2G16210	0	0	0	0	0	0
AT2G16220	0	0	0	0	0	0
AT2G16225	0	0	0	0	0	0
AT2G16230	21	14	15	14	13	9
AT2G16240	0	0	0	0	0	0
AT2G16245	0	0	0	0	0	0
AT2G16250	127	163	112	133	125	134
AT2G16270	119	103	118	116	103	92
AT2G16280	813	804	760	607	687	695
AT2G16290	0	0	0	0	0	0
AT2G16300	0	0	0	0	0	0
AT2G16340	0	0	2	1	0	0
AT2G16360	1	2	1	1	1	1
AT2G16365	1056	1133	1003	907	902	892
AT2G16370	386	347	354	401	309	316
AT2G16380	382	361	333	395	336	322
AT2G16385	32	39	38	39	48	66
AT2G16390	150	167	148	157	170	155
AT2G16400	491	530	483	490	487	517
AT2G16405	288	303	285	271	240	256
AT2G16430	1311	1604	1232	790	876	960
AT2G16440	335	314	274	305	253	245
AT2G16450	0	4	1	0	0	1
AT2G16460	192	177	186	146	139	139
AT2G16485	1095	1105	1059	1032	956	1008
AT2G16490	0	0	0	0	0	0
AT2G16500	1764	1755	1543	1311	1360	1353
AT2G16505	0	0	0	0	0	0
AT2G16510	1024	971	901	859	819	785
AT2G16520	0	0	0	0	0	0
AT2G16530	128	141	92	81	87	71
AT2G16535	0	0	0	0	0	0
AT2G16570	82	84	82	78	84	75
AT2G16575	2	0	2	2	2	0
AT2G16580	28	29	23	19	12	11
AT2G16586	0	1	1	3	1	1
AT2G16592	0	0	0	0	0	0
AT2G16594	0	0	0	0	0	0
AT2G16595	116	142	96	83	85	96
AT2G16600	6959	7474	6305	6157	6413	6530
AT2G16620	0	0	0	0	0	0
AT2G16630	313	329	313	262	248	281
AT2G16640	1481	1433	1367	1374	1302	1283
AT2G16650	299	313	243	254	281	255
AT2G16660	474	374	364	393	449	383
AT2G16676	0	0	0	0	0	0
AT2G16700	424	464	378	345	412	439
AT2G16710	210	236	200	194	215	194
AT2G16720	211	153	175	146	145	131
AT2G16730	0	0	0	1	1	0
AT2G16740	556	619	525	499	379	490
AT2G16750	371	318	330	262	279	242
AT2G16760	87	80	88	86	82	51
AT2G16770	98	79	73	76	78	84
AT2G16780	329	331	328	317	347	310
AT2G16790	141	144	135	131	140	113
AT2G16800	310	324	298	395	386	309
AT2G16810	0	0	0	0	0	0
AT2G16835	0	0	0	0	0	0
AT2G16850	132	142	105	158	133	151
AT2G16860	946	997	944	834	852	832
AT2G16870	109	120	88	59	85	103
AT2G16880	221	217	219	228	214	211
AT2G16890	483	471	379	211	190	213
AT2G16900	351	410	331	371	314	364
AT2G16910	3	3	0	3	3	1
AT2G16920	682	641	614	582	562	530
AT2G16930	502	570	464	413	409	434
AT2G16940	1616	1674	1577	1593	1439	1439
AT2G16950	1148	1163	948	851	889	857
AT2G16953	0	0	0	0	0	0
AT2G16960	1	0	0	1	0	0
AT2G16970	39	29	22	25	15	17
AT2G16980	209	87	121	106	48	75
AT2G16990	153	90	96	71	71	59
AT2G17000	0	0	0	0	0	0
AT2G17010	3	3	1	2	1	3
AT2G17020	347	350	326	320	272	281
AT2G17030	144	114	121	107	101	102
AT2G17033	429	410	342	417	429	368
AT2G17036	17	24	18	21	17	17
AT2G17040	247	706	238	73	126	208
AT2G17043	0	0	0	0	0	0
AT2G17050	18	36	30	23	41	26
AT2G17055	1	4	5	1	5	5
AT2G17060	13	18	10	22	25	21
AT2G17070	3	4	10	12	3	4
AT2G17080	30	13	27	25	22	21
AT2G17090	0	0	0	0	0	0
AT2G17110	261	323	291	187	215	269
AT2G17120	471	566	428	298	307	351
AT2G17130	869	817	775	549	598	601
AT2G17140	68	96	60	64	46	71
AT2G17150	260	273	258	254	259	225
AT2G17160	0	0	0	0	0	0
AT2G17170	0	0	0	0	0	0
AT2G17180	0	0	0	0	0	0
AT2G17190	1191	1269	996	929	947	993
AT2G17200	1570	1566	1397	1191	1259	1167
AT2G17210	29	27	22	26	25	27
AT2G17220	773	898	641	422	489	555
AT2G17230	360	758	649	440	605	802
AT2G17240	561	522	466	579	465	456
AT2G17250	412	412	377	405	395	392
AT2G17260	51	47	47	57	44	57
AT2G17265	439	434	362	416	397	377
AT2G17270	67	41	47	45	41	42
AT2G17280	310	322	260	101	115	132
AT2G17290	858	957	880	603	725	710
AT2G17295	0	0	2	0	1	1
AT2G17300	105	101	102	102	90	82
AT2G17305	0	0	0	0	0	0
AT2G17310	0	0	0	0	0	0
AT2G17320	342	395	316	362	365	298
AT2G17340	994	1077	919	857	859	753
AT2G17350	282	280	261	236	243	234
AT2G17360	2721	2663	2627	2689	2596	2399
AT2G17370	253	210	244	248	189	179
AT2G17380	371	406	401	347	366	314
AT2G17390	2172	2218	2110	1853	1903	1763
AT2G17410	798	806	703	726	668	694
AT2G17420	2198	2232	1893	1811	1772	1635
AT2G17430	41	43	32	26	42	32
AT2G17440	517	486	442	378	413	429
AT2G17442	29	39	38	48	37	40
AT2G17450	256	288	228	281	255	231
AT2G17470	25	20	18	16	16	10
AT2G17480	265	337	251	271	283	347
AT2G17500	2105	1705	1526	1087	1063	1407
AT2G17510	630	598	542	550	525	501
AT2G17520	816	893	772	600	764	741
AT2G17525	116	182	128	162	149	144
AT2G17530	482	495	394	420	426	434
AT2G17540	224	230	191	158	104	145
AT2G17550	263	286	313	240	277	320
AT2G17560	830	786	773	772	698	710
AT2G17570	133	129	107	87	107	107
AT2G17580	186	188	178	159	186	163
AT2G17590	23	5	13	6	2	4
AT2G17600	0	0	0	0	0	0
AT2G17620	36	30	39	37	37	38
AT2G17630	234	197	197	228	195	198
AT2G17640	192	187	167	172	180	163
AT2G17650	58	39	30	49	53	45
AT2G17660	15	23	19	3	7	14
AT2G17670	90	108	110	96	123	104
AT2G17680	0	1	0	0	0	0
AT2G17690	2	1	0	2	0	1
AT2G17695	397	372	304	399	373	325
AT2G17700	464	448	374	364	371	408
AT2G17705	154	186	146	110	137	112
AT2G17710	340	249	285	268	257	256
AT2G17720	1258	1212	1147	775	968	846
AT2G17723	0	0	1	0	0	0
AT2G17730	280	299	301	209	229	221
AT2G17740	104	221	182	144	304	241
AT2G17750	0	0	0	0	0	0
AT2G17760	738	714	634	496	522	576
AT2G17770	12	27	12	15	15	18
AT2G17780	105	129	113	112	120	119
AT2G17785	0	0	0	0	0	0
AT2G17787	122	146	115	110	118	128
AT2G17790	837	840	677	603	599	596
AT2G17800	271	283	213	250	252	227
AT2G17810	0	0	0	0	0	0
AT2G17820	605	593	589	501	737	519
AT2G17830	29	34	33	31	44	28
AT2G17840	1467	2034	1447	1311	1592	1568
AT2G17845	4	15	8	2	5	3
AT2G17850	63	208	100	25	81	50
AT2G17860	0	1	0	0	0	0
AT2G17870	468	470	429	438	405	417
AT2G17880	129	168	173	216	301	263
AT2G17890	9	0	7	3	2	1
AT2G17900	72	71	67	70	75	64
AT2G17905	0	0	0	0	0	0
AT2G17920	1	0	0	0	0	0
AT2G17930	1926	1605	1341	1490	1446	1364
AT2G17940	5	4	3	2	2	3
AT2G17950	0	0	1	0	0	0
AT2G17960	0	0	0	0	0	0
AT2G17970	155	160	132	150	163	177
AT2G17972	1	1	1	0	1	0
AT2G17975	145	145	132	118	108	113
AT2G17980	821	806	794	691	711	664
AT2G17990	961	1008	917	895	856	862
AT2G18000	41	37	39	26	24	21
AT2G18010	5	3	2	8	7	4
AT2G18020	4410	4024	4458	4214	4031	3564
AT2G18025	0	0	0	0	0	0
AT2G18030	160	189	178	153	156	138
AT2G18040	1038	1131	1008	1009	984	808
AT2G18050	666	451	431	131	78	91
AT2G18060	20	18	13	16	11	11
AT2G18070	0	0	0	0	0	0
AT2G18080	0	0	0	0	0	0
AT2G18090	914	1029	877	738	809	882
AT2G18100	49	46	46	53	47	45
AT2G18110	1036	1081	991	968	893	910
AT2G18120	24	35	17	27	33	18
AT2G18130	19	12	6	3	0	2
AT2G18140	0	1	0	0	0	1
AT2G18150	195	452	351	320	392	355
AT2G18160	2011	2102	1904	1887	1963	1765
AT2G18170	460	456	380	320	289	313
AT2G18180	9	5	14	4	4	1
AT2G18190	5	13	6	0	1	9
AT2G18193	250	374	235	97	156	204
AT2G18196	75	73	59	63	40	62
AT2G18200	0	0	1	1	0	0
AT2G18210	89	94	79	35	40	46
AT2G18220	454	469	383	446	422	427
AT2G18230	475	520	407	345	320	313
AT2G18240	123	137	103	114	100	111
AT2G18245	198	215	189	216	203	190
AT2G18250	213	221	220	212	192	201
AT2G18260	19	34	27	25	25	19
AT2G18270	0	0	0	0	0	0
AT2G18280	1342	1432	1242	1461	1311	1282
AT2G18290	210	225	245	265	267	233
AT2G18300	704	746	704	699	805	675
AT2G18310	0	0	0	0	0	0
AT2G18320	0	0	0	1	0	0
AT2G18328	73	50	76	71	76	73
AT2G18330	216	240	245	256	240	211
AT2G18340	0	2	0	2	1	0
AT2G18350	179	174	159	189	199	191
AT2G18360	273	293	300	253	313	271
AT2G18370	741	699	674	465	478	531
AT2G18380	42	28	26	45	38	31
AT2G18390	325	347	294	255	250	242
AT2G18400	140	135	119	144	111	115
AT2G18410	182	193	152	178	177	188
AT2G18420	0	0	0	0	1	0
AT2G18440	2483	2591	2084	2014	1796	1809
AT2G18450	78	76	59	43	30	34
AT2G18460	1	0	0	0	0	1
AT2G18465	177	147	122	146	125	152
AT2G18470	6	14	18	19	19	19
AT2G18480	29	38	41	34	31	32
AT2G18490	2	1	1	5	11	6
AT2G18500	26	40	35	36	48	38
AT2G18510	401	425	389	410	386	391
AT2G18520	59	61	59	75	56	55
AT2G18530	24	30	13	5	5	7
AT2G18540	0	0	1	1	1	1
AT2G18550	10	8	7	7	5	11
AT2G18560	150	114	143	179	155	169
AT2G18570	198	159	151	201	170	136
AT2G18590	0	0	0	2	0	0
AT2G18600	45	43	33	13	19	19
AT2G18620	8	5	12	9	2	6
AT2G18630	336	442	344	354	355	359
AT2G18640	9	5	6	5	0	1
AT2G18650	46	67	61	29	28	29
AT2G18660	272	301	125	13	36	98
AT2G18670	318	429	304	194	238	276
AT2G18680	71	86	45	17	23	34
AT2G18685	0	0	0	0	0	0
AT2G18690	1074	1269	1006	549	804	917
AT2G18700	506	756	687	485	734	867
AT2G18710	915	909	803	1073	965	930
AT2G18720	5	4	3	2	2	3
AT2G18721	0	0	0	0	0	0
AT2G18730	724	772	683	489	598	628
AT2G18735	23	30	27	21	19	26
AT2G18740	397	377	340	367	329	359
AT2G18750	1940	1945	1864	1483	1454	1520
AT2G18760	303	234	232	241	243	241
AT2G18770	252	268	248	260	237	210
AT2G18780	33	32	23	21	16	20
AT2G18790	1074	1069	905	857	818	812
AT2G18800	19	9	19	16	3	2
AT2G18810	0	0	0	0	0	0
AT2G18830	1	0	0	0	0	0
AT2G18840	257	244	228	253	210	229
AT2G18850	138	178	134	97	106	130
AT2G18860	223	209	184	186	173	179
AT2G18870	0	0	0	0	0	0
AT2G18876	339	306	312	316	323	272
AT2G18880	1	0	0	0	1	0
AT2G18890	131	130	107	128	123	143
AT2G18900	378	389	405	437	405	374
AT2G18910	371	395	428	347	357	335
AT2G18915	214	233	190	200	242	201
AT2G18917	0	2	0	0	1	0
AT2G18920	0	0	0	0	0	0
AT2G18938	1	1	0	0	1	2
AT2G18940	495	415	401	473	471	459
AT2G18950	526	480	389	371	415	400
AT2G18960	13364	12926	11824	11292	11573	11617
AT2G18969	3	3	3	2	6	4
AT2G18970	0	2	0	0	0	1
AT2G18980	354	345	308	362	302	359
AT2G18990	187	184	179	181	165	161
AT2G19000	0	0	0	0	0	0
AT2G19010	0	0	0	0	0	0
AT2G19020	0	0	0	0	0	0
AT2G19030	0	0	0	0	0	0
AT2G19040	0	0	0	0	0	0
AT2G19045	0	0	0	0	0	0
AT2G19050	1	1	1	2	0	0
AT2G19060	3	1	4	3	2	3
AT2G19070	0	0	0	0	0	0
AT2G19080	417	439	441	429	388	377
AT2G19090	105	85	103	112	106	91
AT2G19110	1350	1086	1109	933	881	964
AT2G19120	95	101	63	96	78	64
AT2G19130	479	570	425	181	249	257
AT2G19146	0	0	2	0	3	0
AT2G19150	18	16	12	23	20	19
AT2G19160	400	367	359	248	299	236
AT2G19170	257	278	235	295	241	260
AT2G19180	334	359	303	264	242	273
AT2G19190	399	1073	676	308	675	484
AT2G19210	0	0	0	0	1	0
AT2G19220	0	0	0	0	0	0
AT2G19230	0	0	0	0	0	0
AT2G19240	14	19	24	20	19	16
AT2G19260	209	234	168	182	167	179
AT2G19270	441	419	398	399	365	361
AT2G19280	156	153	139	152	152	151
AT2G19290	0	1	0	0	0	0
AT2G19300	0	0	0	0	0	0
AT2G19310	709	776	567	631	739	594
AT2G19320	0	0	0	0	0	0
AT2G19330	6	2	1	3	2	2
AT2G19340	2	2	3	2	5	7
AT2G19350	87	85	58	92	82	60
AT2G19360	0	0	0	0	0	0
AT2G19365	0	0	0	0	0	0
AT2G19380	37	44	51	41	41	33
AT2G19385	182	226	188	188	193	178
AT2G19390	386	443	346	381	356	330
AT2G19400	82	77	87	73	84	66
AT2G19410	14	4	6	7	1	3
AT2G19420	1	0	1	0	1	1
AT2G19425	0	0	0	0	0	0
AT2G19430	242	243	216	219	243	220
AT2G19440	12	9	13	10	6	15
AT2G19450	623	634	573	531	493	534
AT2G19460	78	82	87	81	102	67
AT2G19470	611	646	573	512	567	518
AT2G19480	2478	2495	2358	2433	2346	2284
AT2G19490	78	82	101	85	64	81
AT2G19500	13	24	16	2	6	10
AT2G19510	0	0	0	0	0	0
AT2G19520	719	667	621	631	593	634
AT2G19530	39	33	29	40	28	43
AT2G19540	876	987	846	880	879	820
AT2G19550	4	3	2	5	5	4
AT2G19560	204	209	174	169	155	154
AT2G19570	0	0	0	0	0	0
AT2G19572	0	1	0	0	0	1
AT2G19580	39	30	34	32	33	28
AT2G19582	2	2	1	3	4	2
AT2G19590	426	909	618	416	781	544
AT2G19600	308	291	272	295	283	266
AT2G19610	4	1	3	2	0	2
AT2G19620	98	102	83	97	93	102
AT2G19630	0	0	0	0	1	0
AT2G19640	157	105	134	146	142	137
AT2G19650	218	157	139	49	55	35
AT2G19660	40	25	27	41	18	19
AT2G19670	167	169	162	157	149	162
AT2G19680	476	549	431	440	422	397
AT2G19690	36	37	28	22	33	31
AT2G19700	0	0	0	0	0	0
AT2G19710	356	456	342	206	269	354
AT2G19720	100	96	125	112	84	81
AT2G19730	2027	1849	1909	2188	1816	1792
AT2G19740	559	541	476	503	464	477
AT2G19750	261	230	273	268	255	264
AT2G19760	1404	1223	1206	1019	906	812
AT2G19770	0	0	0	0	0	0
AT2G19780	38	42	29	32	35	47
AT2G19790	386	436	408	395	360	376
AT2G19796	0	0	0	0	0	0
AT2G19800	434	547	669	547	914	784
AT2G19802	0	0	0	2	0	1
AT2G19810	234	311	280	314	302	260
AT2G19820	0	0	0	0	0	0
AT2G19830	1340	1396	1342	1274	1194	1203
AT2G19850	0	0	0	0	0	0
AT2G19860	356	491	364	391	470	392
AT2G19870	275	259	291	281	288	268
AT2G19880	1157	1084	937	538	552	696
AT2G19890	24	18	25	1	1	7
AT2G19893	0	0	0	0	0	0
AT2G19900	21	12	14	1	4	6
AT2G19910	45	40	47	45	59	53
AT2G19920	45	25	40	26	23	30
AT2G19930	119	115	90	157	162	144
AT2G19940	543	560	499	555	544	504
AT2G19950	683	658	586	605	607	637
AT2G19960	0	1	1	4	0	3
AT2G19970	69	191	121	130	207	182
AT2G19980	5	8	9	6	6	3
AT2G19990	18	42	25	35	44	41
AT2G20000	382	377	342	410	360	366
AT2G20010	452	452	348	304	325	315
AT2G20020	560	521	518	585	561	471
AT2G20030	55	21	46	26	33	31
AT2G20050	983	1026	928	918	881	887
AT2G20060	571	605	564	550	539	554
AT2G20070	0	0	0	0	0	0
AT2G20080	55	39	58	40	33	47
AT2G20100	86	87	76	111	89	69
AT2G20110	54	84	52	56	70	75
AT2G20120	299	318	286	298	289	285
AT2G20130	225	244	234	182	209	191
AT2G20140	660	670	586	576	575	564
AT2G20142	81	132	96	42	57	111
AT2G20150	4	6	1	0	2	9
AT2G20160	0	2	1	0	0	0
AT2G20170	2	0	0	0	0	0
AT2G20180	175	216	199	262	276	258
AT2G20190	1366	1404	1193	1178	1209	1076
AT2G20208	0	0	0	0	0	0
AT2G20210	55	81	52	73	62	76
AT2G20230	636	622	561	634	642	583
AT2G20240	92	90	68	112	90	93
AT2G20250	56	83	56	52	68	49
AT2G20260	1750	2297	1657	2142	1945	1640
AT2G20270	528	529	488	522	541	447
AT2G20280	895	849	790	803	790	785
AT2G20290	253	208	251	291	230	200
AT2G20300	472	414	374	434	373	374
AT2G20310	146	132	116	125	110	119
AT2G20320	509	572	434	343	379	390
AT2G20330	543	574	484	476	489	479
AT2G20340	163	220	188	156	150	162
AT2G20350	0	0	0	0	0	0
AT2G20360	1962	2027	1782	1759	1739	1662
AT2G20362	5	9	9	14	9	10
AT2G20370	563	632	505	423	441	432
AT2G20380	0	0	0	0	1	0
AT2G20390	171	185	155	147	158	128
AT2G20400	123	113	125	113	138	124
AT2G20410	166	157	134	124	127	128
AT2G20420	2061	1927	1730	1641	1639	1437
AT2G20430	0	0	0	0	0	0
AT2G20440	182	186	160	158	165	128
AT2G20450	847	770	863	868	774	795
AT2G20463	0	0	0	0	0	0
AT2G20465	0	0	0	0	0	0
AT2G20470	4	2	3	2	3	4
AT2G20480	16	11	7	16	11	19
AT2G20490	368	347	327	397	347	352
AT2G20495	146	142	96	138	131	109
AT2G20500	0	0	0	0	0	0
AT2G20510	8	10	4	3	5	10
AT2G20515	118	101	83	84	97	74
AT2G20520	204	70	127	114	52	53
AT2G20530	561	595	557	555	546	487
AT2G20540	16	19	20	18	20	23
AT2G20550	84	108	83	64	85	70
AT2G20560	319	384	245	189	244	207
AT2G20562	36	23	33	29	32	32
AT2G20570	1299	1481	1008	1414	1198	1127
AT2G20580	2091	2190	1996	2080	2082	1885
AT2G20585	137	152	138	159	131	132
AT2G20590	47	68	64	65	41	42
AT2G20595	0	0	0	0	0	0
AT2G20597	0	0	0	0	0	0
AT2G20605	0	0	0	0	0	0
AT2G20610	1583	1704	1534	1299	1550	1423
AT2G20613	0	0	0	0	0	0
AT2G20616	0	0	0	0	0	0
AT2G20618	0	0	0	0	0	0
AT2G20619	0	0	0	0	0	0
AT2G20620	0	0	0	1	2	2
AT2G20625	0	0	0	0	0	0
AT2G20630	2201	2233	1964	1330	1458	1389
AT2G20635	93	91	74	91	70	85
AT2G20650	164	172	142	142	141	153
AT2G20660	0	0	0	0	0	0
AT2G20670	1325	1745	1411	1153	1578	1841
AT2G20680	101	106	118	135	125	112
AT2G20690	597	621	593	659	600	486
AT2G20700	1	1	1	1	4	1
AT2G20710	12	16	18	27	28	18
AT2G20720	4	13	7	4	4	13
AT2G20721	11	7	15	8	11	18
AT2G20722	2	4	3	0	2	1
AT2G20723	5	2	2	2	5	4
AT2G20725	333	374	353	331	321	324
AT2G20740	307	317	262	295	264	283
AT2G20750	68	58	42	51	20	27
AT2G20760	2347	2278	2123	1922	1932	1918
AT2G20770	71	43	43	43	27	53
AT2G20780	323	361	301	271	232	275
AT2G20784	0	0	0	0	0	0
AT2G20790	496	543	508	521	454	449
AT2G20800	8	17	10	3	4	20
AT2G20805	0	1	0	0	0	0
AT2G20810	333	357	326	309	294	302
AT2G20815	47	45	34	40	33	30
AT2G20820	1112	1121	1082	1022	940	792
AT2G20825	3	2	4	4	2	8
AT2G20830	320	348	291	276	303	247
AT2G20835	2	7	12	7	5	15
AT2G20840	196	216	210	209	176	201
AT2G20850	364	390	312	363	358	374
AT2G20860	1447	1500	1338	1489	1466	1268
AT2G20870	1	2	4	1	2	2
AT2G20873	0	0	0	0	0	0
AT2G20875	17	17	19	26	21	17
AT2G20880	19	18	5	2	10	10
AT2G20890	4306	4591	3677	4629	4232	4099
AT2G20900	507	582	524	463	467	451
AT2G20920	662	721	575	614	573	565
AT2G20921	0	0	0	0	0	0
AT2G20930	253	269	249	305	276	271
AT2G20940	81	81	83	79	77	59
AT2G20950	505	566	487	462	487	433
AT2G20960	1278	2175	1741	1135	1461	1541
AT2G20970	0	0	0	0	0	0
AT2G20980	80	74	68	90	61	57
AT2G20990	2660	2517	2304	2432	2314	2084
AT2G21010	0	0	0	0	0	0
AT2G21030	2	3	1	3	1	0
AT2G21040	0	0	0	0	0	0
AT2G21045	306	343	294	305	244	208
AT2G21050	231	225	229	226	223	205
AT2G21060	376	396	338	316	254	286
AT2G21070	131	147	106	135	124	119
AT2G21080	146	196	157	120	131	142
AT2G21090	117	120	105	112	90	89
AT2G21100	119	177	145	147	155	97
AT2G21105	0	0	0	0	0	0
AT2G21110	0	0	0	0	0	0
AT2G21120	715	941	701	511	579	666
AT2G21130	419	425	398	326	327	270
AT2G21140	488	634	474	580	556	584
AT2G21150	370	363	374	370	344	327
AT2G21160	1730	1530	1465	1330	1246	1254
AT2G21170	4050	4373	3764	4226	3771	3676
AT2G21180	140	164	150	101	81	92
AT2G21185	0	0	0	0	0	0
AT2G21187	18	21	20	7	10	9
AT2G21188	52	48	45	29	31	40
AT2G21190	469	514	399	401	406	407
AT2G21195	75	76	86	82	73	77
AT2G21200	3	3	5	5	8	8
AT2G21210	127	91	100	205	134	97
AT2G21220	6	5	3	3	6	6
AT2G21230	370	355	354	331	337	367
AT2G21235	2	0	0	0	1	0
AT2G21237	1	0	0	0	0	0
AT2G21240	500	489	475	480	502	439
AT2G21250	1383	1679	1342	1537	1548	1443
AT2G21260	10	8	3	17	14	24
AT2G21270	850	894	789	716	753	722
AT2G21280	623	584	519	626	567	553
AT2G21290	314	280	268	295	257	270
AT2G21300	946	889	784	751	704	687
AT2G21320	194	205	127	36	47	36
AT2G21330	8952	7450	5993	3826	3956	3307
AT2G21340	669	695	631	602	598	543
AT2G21350	19	26	23	29	26	27
AT2G21360	0	0	0	0	0	0
AT2G21370	492	525	390	520	484	452
AT2G21380	966	1173	990	1102	1070	1018
AT2G21385	870	918	816	948	974	826
AT2G21390	2869	2942	2598	2598	2419	2456
AT2G21400	13	8	6	13	8	9
AT2G21410	1231	1259	1121	1010	1091	969
AT2G21420	1	0	0	1	0	1
AT2G21430	27	28	20	34	39	44
AT2G21440	872	785	805	901	869	780
AT2G21450	4	7	7	3	8	2
AT2G21455	0	0	0	0	0	0
AT2G21465	0	0	0	0	0	0
AT2G21470	885	858	702	644	693	705
AT2G21480	0	0	0	0	0	0
AT2G21490	0	0	0	0	0	0
AT2G21500	286	395	303	196	258	316
AT2G21510	20	18	21	10	10	12
AT2G21520	1680	1875	1687	1588	1638	1665
AT2G21530	731	742	588	884	730	661
AT2G21540	194	198	167	187	160	140
AT2G21550	114	105	101	81	71	89
AT2G21560	518	457	476	253	298	292
AT2G21570	0	0	0	0	0	0
AT2G21580	1678	1664	1785	1486	1558	1351
AT2G21590	201	214	171	167	173	170
AT2G21595	0	0	0	0	0	0
AT2G21600	616	607	549	561	557	539
AT2G21610	4	1	9	4	8	4
AT2G21620	1565	1377	1311	1112	1102	1030
AT2G21630	141	154	136	153	166	157
AT2G21640	133	207	123	74	103	142
AT2G21650	141	172	198	68	74	65
AT2G21655	0	0	0	0	0	0
AT2G21660	32701	37476	32682	36060	29166	26683
AT2G21670	0	0	0	0	0	0
AT2G21680	0	0	0	0	0	0
AT2G21690	0	0	0	0	0	0
AT2G21700	0	0	0	0	0	0
AT2G21710	116	115	120	139	105	124
AT2G21720	0	0	0	0	0	0
AT2G21725	0	0	0	0	0	0
AT2G21727	0	0	0	0	0	0
AT2G21730	3	2	1	0	0	1
AT2G21740	0	0	0	0	0	0
AT2G21750	0	0	0	0	0	0
AT2G21770	28	26	23	15	18	23
AT2G21780	3	6	5	4	7	2
AT2G21790	956	909	849	998	980	853
AT2G21800	18	34	42	30	25	34
AT2G21810	0	0	0	0	0	0
AT2G21820	6	5	5	3	2	5
AT2G21830	145	153	137	148	126	110
AT2G21840	137	107	111	86	114	106
AT2G21850	186	204	210	142	153	142
AT2G21860	388	387	297	378	356	325
AT2G21870	5616	5862	5347	4472	4779	4322
AT2G21880	164	128	131	73	86	87
AT2G21890	2	2	0	0	0	0
AT2G21900	4	26	12	2	7	2
AT2G21910	0	0	1	0	0	0
AT2G21920	0	0	0	0	0	0
AT2G21930	0	0	0	0	0	0
AT2G21940	224	237	210	188	176	186
AT2G21950	7	8	4	8	9	7
AT2G21960	668	697	478	710	643	560
AT2G21970	1145	1094	825	650	657	554
AT2G21980	0	0	0	0	0	0
AT2G21990	0	3	1	0	0	0
AT2G22000	61	42	64	53	50	55
AT2G22010	1190	1188	989	712	813	837
AT2G22030	2	0	0	0	0	0
AT2G22040	0	0	0	0	0	0
AT2G22050	0	0	0	0	0	0
AT2G22055	0	0	0	0	0	0
AT2G22060	2	1	0	2	2	3
AT2G22070	43	44	38	39	34	38
AT2G22080	1143	1247	1079	923	777	910
AT2G22088	7	3	4	2	4	3
AT2G22090	97	84	84	73	84	77
AT2G22100	166	119	132	137	125	122
AT2G22110	0	0	0	0	0	0
AT2G22120	177	186	158	172	136	147
AT2G22121	0	0	0	0	0	0
AT2G22122	59	81	84	143	96	87
AT2G22125	2771	2681	2400	2387	2382	2179
AT2G22140	21	18	19	23	22	14
AT2G22145	0	0	0	0	0	0
AT2G22155	0	0	0	0	0	0
AT2G22160	0	0	0	0	0	0
AT2G22170	2085	1844	1940	1599	1389	1173
AT2G22180	5	0	0	0	0	0
AT2G22190	165	237	132	157	170	151
AT2G22200	22	18	18	14	6	7
AT2G22220	0	0	0	0	0	0
AT2G22230	513	570	547	627	555	555
AT2G22240	580	574	445	326	303	362
AT2G22241	0	0	0	0	0	0
AT2G22250	497	453	434	411	384	411
AT2G22260	51	43	53	52	51	50
AT2G22270	168	174	157	169	173	142
AT2G22280	0	0	0	0	0	0
AT2G22290	40	9	19	6	8	6
AT2G22300	1070	1484	1254	964	1225	1383
AT2G22310	88	98	79	76	77	72
AT2G22320	0	0	0	0	2	1
AT2G22330	864	1119	914	709	689	1129
AT2G22340	1	1	0	1	1	0
AT2G22345	0	0	0	0	0	0
AT2G22360	534	487	513	426	425	399
AT2G22370	93	72	66	89	80	83
AT2G22380	0	0	0	0	0	0
AT2G22400	969	975	940	979	933	882
AT2G22410	29	27	38	34	33	28
AT2G22420	161	169	152	132	146	149
AT2G22425	525	567	527	466	502	510
AT2G22426	0	0	0	1	1	1
AT2G22430	3154	3367	2975	3345	3148	3257
AT2G22440	0	0	0	0	0	0
AT2G22450	659	766	620	708	671	594
AT2G22460	2	1	2	1	2	1
AT2G22465	0	0	0	0	0	0
AT2G22470	1556	934	1156	940	1112	1029
AT2G22475	222	224	188	204	199	181
AT2G22480	594	653	560	489	533	496
AT2G22482	0	0	0	0	0	0
AT2G22490	400	465	391	384	347	326
AT2G22496	0	0	1	0	0	1
AT2G22500	911	1521	765	386	406	685
AT2G22510	422	564	527	436	445	383
AT2G22520	0	0	0	0	0	0
AT2G22530	218	225	194	192	189	167
AT2G22540	1479	1812	1477	1061	1147	1074
AT2G22560	247	158	178	182	121	138
AT2G22570	114	106	91	85	86	90
AT2G22580	0	0	0	0	0	0
AT2G22590	112	69	114	99	34	35
AT2G22600	11	6	8	11	12	10
AT2G22610	176	147	171	193	163	157
AT2G22620	74	94	86	68	90	72
AT2G22630	19	14	16	26	18	21
AT2G22640	149	149	131	125	130	126
AT2G22650	146	130	142	136	143	138
AT2G22660	1670	1819	1611	1641	1697	1572
AT2G22668	0	0	0	0	0	0
AT2G22670	1239	1398	1097	1367	1323	1269
AT2G22680	130	143	110	182	136	139
AT2G22690	120	130	131	110	107	111
AT2G22720	878	969	880	850	888	802
AT2G22730	63	78	62	67	68	77
AT2G22740	123	161	146	126	123	140
AT2G22750	2	4	2	3	1	8
AT2G22760	14	7	7	2	0	12
AT2G22770	606	531	510	341	301	458
AT2G22780	1192	1125	1034	971	1040	941
AT2G22790	41	35	41	28	39	32
AT2G22795	1827	1704	1663	1659	1550	1313
AT2G22800	107	73	89	99	74	85
AT2G22805	0	0	0	0	0	0
AT2G22807	0	0	0	0	0	0
AT2G22810	0	0	5	6	6	9
AT2G22820	0	0	0	0	0	0
AT2G22821	1	1	1	3	3	1
AT2G22830	168	174	189	204	192	173
AT2G22840	241	249	229	270	233	227
AT2G22850	1	0	0	0	0	0
AT2G22860	89	33	46	30	32	57
AT2G22870	153	142	132	145	126	141
AT2G22880	0	0	0	0	0	0
AT2G22890	83	93	105	89	81	89
AT2G22900	300	290	269	290	254	253
AT2G22905	5	3	3	6	10	5
AT2G22910	391	472	436	349	352	362
AT2G22920	370	346	357	373	249	275
AT2G22930	90	71	71	53	30	60
AT2G22940	0	0	0	0	0	0
AT2G22941	0	0	0	0	0	0
AT2G22942	0	0	0	0	0	0
AT2G22950	4	5	4	2	1	0
AT2G22955	0	0	0	0	0	0
AT2G22960	0	0	0	0	0	0
AT2G22970	715	658	593	564	556	564
AT2G22980	466	556	429	1088	861	811
AT2G22990	1645	1821	1565	2196	2006	1923
AT2G23000	63	112	49	101	75	122
AT2G23010	185	204	72	91	83	187
AT2G23020	0	0	0	0	0	0
AT2G23030	271	200	219	236	213	262
AT2G23040	62	51	55	52	45	50
AT2G23050	161	148	111	139	117	108
AT2G23060	9	6	3	5	5	7
AT2G23067	0	0	0	0	0	0
AT2G23070	1324	1360	1312	1306	1303	1211
AT2G23080	315	336	287	273	284	323
AT2G23090	1858	1967	1662	1493	1391	1461
AT2G23093	44	49	45	39	37	45
AT2G23096	0	0	0	0	2	1
AT2G23100	43	55	35	25	33	41
AT2G23110	4	9	4	0	3	1
AT2G23118	0	0	0	0	0	0
AT2G23120	1212	1466	994	807	820	1019
AT2G23130	109	160	104	62	88	121
AT2G23140	521	537	482	415	448	433
AT2G23142	0	0	0	0	0	0
AT2G23148	0	0	0	0	0	0
AT2G23150	359	283	282	210	257	321
AT2G23160	0	0	0	0	0	0
AT2G23170	118	192	102	106	154	197
AT2G23180	93	95	72	64	40	46
AT2G23190	1	1	0	0	0	1
AT2G23200	458	603	507	240	316	331
AT2G23210	0	0	0	0	0	0
AT2G23220	0	1	0	1	1	0
AT2G23230	0	0	0	0	0	0
AT2G23240	0	0	0	0	0	0
AT2G23250	0	0	0	0	0	0
AT2G23260	1	0	0	0	0	0
AT2G23270	21	40	25	7	15	24
AT2G23290	223	347	294	188	220	283
AT2G23300	114	103	119	113	93	84
AT2G23310	302	312	271	241	262	285
AT2G23320	891	1449	1025	607	693	911
AT2G23321	0	1	0	1	0	0
AT2G23340	111	91	82	73	67	84
AT2G23347	1	5	3	1	0	2
AT2G23348	8	12	8	10	8	9
AT2G23350	2386	2373	2141	2183	2203	2057
AT2G23360	219	180	149	163	193	149
AT2G23370	167	184	155	151	133	133
AT2G23380	387	394	323	320	318	325
AT2G23390	847	832	737	779	766	743
AT2G23400	7	6	2	8	9	5
AT2G23410	42	10	21	15	10	15
AT2G23420	544	638	447	382	377	307
AT2G23430	269	265	229	184	191	172
AT2G23440	0	1	0	0	0	0
AT2G23445	0	0	0	0	0	0
AT2G23450	605	721	566	395	475	543
AT2G23460	695	709	639	695	622	663
AT2G23470	80	63	63	76	59	52
AT2G23510	0	0	1	0	0	1
AT2G23520	227	216	207	208	201	193
AT2G23530	28	31	36	32	23	16
AT2G23540	664	1019	708	709	653	474
AT2G23550	22	22	26	16	21	21
AT2G23560	66	59	69	79	62	62
AT2G23570	0	1	0	0	0	1
AT2G23580	0	0	0	0	0	0
AT2G23590	8	4	1	29	21	20
AT2G23600	1336	1157	1378	1062	1282	986
AT2G23610	425	409	486	449	431	419
AT2G23620	117	71	59	61	30	66
AT2G23630	161	111	122	108	74	64
AT2G23640	0	0	0	0	0	0
AT2G23650	0	0	0	0	0	0
AT2G23660	0	0	0	0	0	0
AT2G23670	0	0	0	0	0	0
AT2G23672	3	2	1	1	1	0
AT2G23680	246	392	232	102	154	184
AT2G23690	23	17	22	13	19	24
AT2G23700	168	206	153	203	186	170
AT2G23740	370	412	372	406	367	365
AT2G23755	10	17	22	10	20	6
AT2G23760	320	389	320	363	383	346
AT2G23770	250	308	292	152	253	218
AT2G23780	345	309	296	292	315	250
AT2G23790	919	920	785	496	555	603
AT2G23800	0	0	0	0	0	0
AT2G23810	1394	2352	1551	1030	1545	1940
AT2G23820	374	438	393	417	400	393
AT2G23830	8	6	7	2	9	9
AT2G23834	0	0	0	0	0	0
AT2G23840	321	420	289	333	336	283
AT2G23890	262	298	255	248	251	247
AT2G23900	0	0	0	0	0	0
AT2G23910	322	255	244	290	215	183
AT2G23930	444	458	452	437	445	400
AT2G23940	261	280	247	252	230	196
AT2G23945	0	1	0	2	0	3
AT2G23950	447	481	401	439	358	385
AT2G23960	48	37	38	27	18	35
AT2G23970	3	5	2	2	1	4
AT2G23980	755	813	756	714	744	670
AT2G23985	13	16	11	8	13	19
AT2G23987	0	0	0	0	0	0
AT2G23990	0	0	0	0	0	0
AT2G24000	28	9	11	7	1	4
AT2G24010	16	22	19	6	8	8
AT2G24020	898	910	815	854	861	762
AT2G24030	14	7	13	12	10	11
AT2G24040	127	130	95	84	75	93
AT2G24050	548	555	542	486	498	495
AT2G24060	854	888	779	961	812	827
AT2G24070	26	14	17	15	13	14
AT2G24080	0	0	0	0	0	0
AT2G24090	2175	2572	1977	2450	2400	2073
AT2G24100	188	199	157	127	125	135
AT2G24103	0	0	0	0	0	0
AT2G24120	802	830	734	898	855	856
AT2G24130	9	1	10	0	2	5
AT2G24140	20	7	14	14	7	11
AT2G24150	452	478	411	448	489	419
AT2G24170	285	223	287	217	199	173
AT2G24180	1589	1499	1339	983	1154	1268
AT2G24190	93	100	98	66	63	71
AT2G24195	5	0	1	4	0	5
AT2G24200	3460	3673	3195	2974	3180	2988
AT2G24205	0	0	0	0	0	0
AT2G24210	0	0	0	0	0	0
AT2G24220	58	51	46	46	45	35
AT2G24230	136	147	125	122	129	109
AT2G24240	92	104	123	101	115	92
AT2G24250	34	54	57	45	36	42
AT2G24255	1	0	0	0	1	0
AT2G24260	334	291	318	289	271	277
AT2G24270	4667	5277	4009	3379	3051	3110
AT2G24280	1036	1111	941	793	789	774
AT2G24285	1	3	0	1	0	3
AT2G24290	181	170	184	239	202	204
AT2G24300	225	173	204	201	140	156
AT2G24310	0	0	0	0	0	0
AT2G24320	0	0	1	1	1	0
AT2G24330	280	301	281	215	255	268
AT2G24340	0	0	0	0	0	0
AT2G24350	48	44	46	50	35	36
AT2G24360	1449	1612	1362	1251	1276	1224
AT2G24370	1	0	1	2	2	3
AT2G24380	0	0	0	0	0	0
AT2G24390	175	201	158	123	112	142
AT2G24395	55	73	63	85	52	54
AT2G24400	9	17	11	6	10	16
AT2G24410	0	0	0	0	0	0
AT2G24420	1084	1094	913	836	825	825
AT2G24430	69	63	69	63	67	61
AT2G24440	50	67	68	77	56	62
AT2G24450	0	0	0	0	0	0
AT2G24460	0	0	0	0	0	0
AT2G24470	0	0	0	0	0	0
AT2G24480	0	0	1	0	0	0
AT2G24490	163	170	142	154	123	124
AT2G24500	657	638	607	563	595	606
AT2G24510	0	0	0	0	0	0
AT2G24520	280	260	202	215	248	235
AT2G24530	97	90	94	96	112	76
AT2G24535	4	1	3	8	2	4
AT2G24540	0	0	0	0	0	0
AT2G24545	2	0	4	1	2	2
AT2G24550	917	1178	859	784	874	1082
AT2G24560	1	2	1	0	3	1
AT2G24570	430	447	474	369	422	396
AT2G24580	602	442	590	389	459	416
AT2G24590	359	333	317	320	278	271
AT2G24592	70	62	63	70	64	69
AT2G24600	430	1660	695	231	371	654
AT2G24610	176	121	143	99	80	69
AT2G24615	0	0	0	0	0	0
AT2G24617	0	0	0	0	0	0
AT2G24620	0	0	0	0	0	0
AT2G24625	0	0	0	0	0	0
AT2G24630	117	128	119	128	129	122
AT2G24640	335	335	353	327	303	332
AT2G24645	98	77	69	94	80	76
AT2G24650	411	431	396	457	452	393
AT2G24670	0	0	0	0	0	0
AT2G24680	22	19	21	24	14	20
AT2G24681	3	0	1	1	4	1
AT2G24683	0	1	1	1	1	2
AT2G24690	334	326	285	338	317	294
AT2G24692	0	0	1	3	1	1
AT2G24693	0	0	0	0	0	0
AT2G24696	0	0	1	2	2	1
AT2G24700	62	54	44	83	54	75
AT2G24710	3	4	2	0	0	0
AT2G24720	0	1	2	1	0	1
AT2G24735	0	0	0	0	2	0
AT2G24740	0	0	0	1	0	0
AT2G24755	307	304	258	278	265	279
AT2G24762	232	300	272	252	247	278
AT2G24765	714	719	660	611	485	569
AT2G24780	0	0	0	1	0	0
AT2G24790	2065	2503	1949	1920	2050	2008
AT2G24800	6	5	8	5	1	2
AT2G24810	0	0	1	0	0	0
AT2G24820	1184	1153	1009	1020	986	981
AT2G24830	285	271	239	204	186	214
AT2G24840	0	0	0	0	0	0
AT2G24850	542	307	233	56	64	364
AT2G24860	298	379	289	207	309	284
AT2G24870	3	8	1	3	7	6
AT2G24880	0	0	0	0	0	0
AT2G24940	923	1071	854	826	780	849
AT2G24945	62	35	20	35	40	32
AT2G24950	0	0	0	0	0	0
AT2G24960	114	104	95	109	99	94
AT2G24970	25	26	23	19	28	31
AT2G24980	1620	843	1161	910	608	542
AT2G24990	335	356	323	298	350	304
AT2G25000	352	450	353	334	438	393
AT2G25010	239	276	233	197	212	189
AT2G25011	0	0	0	0	0	0
AT2G25050	233	210	171	253	192	192
AT2G25055	1	1	3	4	5	2
AT2G25060	294	265	263	334	266	268
AT2G25070	491	516	549	475	491	454
AT2G25080	2308	2243	1878	2332	2154	1993
AT2G25090	83	48	50	49	30	37
AT2G25095	7	6	5	4	0	5
AT2G25100	154	179	167	162	130	145
AT2G25110	1144	1329	1168	1011	970	966
AT2G25120	0	1	0	0	0	0
AT2G25125	0	0	0	0	0	0
AT2G25130	20	16	17	8	11	8
AT2G25140	577	547	439	411	458	442
AT2G25150	12	7	8	16	5	9
AT2G25160	245	173	158	209	139	99
AT2G25169	2	2	0	1	2	2
AT2G25170	1553	1679	1472	1542	1449	1365
AT2G25171	0	0	0	0	0	0
AT2G25180	590	563	503	512	497	450
AT2G25185	0	0	0	0	0	0
AT2G25190	199	253	211	198	170	222
AT2G25200	120	141	161	106	132	119
AT2G25210	377	336	369	380	323	361
AT2G25215	7	2	3	3	8	5
AT2G25220	45	30	49	47	37	35
AT2G25230	0	0	0	0	1	1
AT2G25240	143	80	88	69	47	43
AT2G25250	453	598	458	416	434	508
AT2G25260	157	95	102	99	68	76
AT2G25270	122	189	164	168	157	179
AT2G25280	611	547	535	501	503	464
AT2G25290	255	248	222	182	170	193
AT2G25295	0	0	0	0	0	0
AT2G25297	33	55	26	14	26	29
AT2G25300	171	166	159	128	152	173
AT2G25305	0	0	0	0	0	0
AT2G25310	396	393	355	306	309	302
AT2G25312	0	0	0	0	0	0
AT2G25320	658	687	570	532	598	601
AT2G25330	0	1	1	0	1	1
AT2G25340	0	0	0	0	0	0
AT2G25344	0	0	0	0	0	0
AT2G25350	169	156	157	172	184	171
AT2G25355	97	83	115	81	112	99
AT2G25360	0	0	0	0	0	0
AT2G25370	0	0	0	0	0	0
AT2G25400	0	0	0	0	1	0
AT2G25409	0	0	0	0	0	0
AT2G25410	0	1	0	1	0	1
AT2G25420	121	144	129	135	130	131
AT2G25430	1643	1751	1531	1376	1389	1382
AT2G25440	109	119	69	31	28	55
AT2G25450	10759	9494	8519	6988	6947	8543
AT2G25460	175	213	157	56	72	119
AT2G25470	33	81	102	81	72	57
AT2G25480	317	295	296	333	304	254
AT2G25482	0	0	1	0	1	0
AT2G25490	1963	2211	2055	1742	1699	2024
AT2G25500	0	2	0	0	0	0
AT2G25510	12788	9955	7462	1076	2506	3580
AT2G25520	1464	1606	1374	1208	1146	1141
AT2G25530	225	162	201	198	169	143
AT2G25540	3	0	1	0	0	0
AT2G25560	218	180	187	169	163	163
AT2G25565	0	1	0	0	0	0
AT2G25570	144	173	150	148	137	146
AT2G25580	170	169	124	135	127	110
AT2G25590	451	406	369	317	320	313
AT2G25600	0	4	1	1	1	1
AT2G25605	165	201	154	172	151	132
AT2G25610	298	285	268	280	258	292
AT2G25620	261	250	247	205	201	207
AT2G25625	324	366	217	127	132	181
AT2G25630	0	0	0	0	0	0
AT2G25640	159	182	156	194	165	164
AT2G25650	169	181	152	155	136	125
AT2G25660	908	833	712	928	785	797
AT2G25670	1552	1402	1363	1341	1307	1334
AT2G25680	99	91	72	18	30	25
AT2G25685	0	0	0	0	0	0
AT2G25690	120	154	125	89	94	105
AT2G25700	0	0	0	0	0	0
AT2G25710	292	258	248	286	241	229
AT2G25720	44	41	40	50	35	36
AT2G25730	2395	2587	2086	2130	2130	1966
AT2G25735	167	426	364	150	236	297
AT2G25737	200	158	119	104	138	122
AT2G25740	246	270	242	210	243	233
AT2G25760	1025	1171	1044	1006	1016	971
AT2G25770	2	1	1	4	3	8
AT2G25780	7	7	9	6	6	13
AT2G25790	417	373	351	401	331	355
AT2G25800	720	841	704	664	710	774
AT2G25810	264	193	189	196	132	135
AT2G25820	7	8	13	5	5	7
AT2G25830	617	645	629	754	631	612
AT2G25840	460	590	450	577	571	529
AT2G25850	763	883	806	710	731	700
AT2G25870	932	954	901	906	864	777
AT2G25880	111	129	128	144	124	95
AT2G25890	0	0	0	0	0	0
AT2G25900	592	659	656	1295	979	1009
AT2G25905	0	0	0	0	0	0
AT2G25910	657	708	572	625	585	579
AT2G25920	226	200	189	220	200	161
AT2G25930	1409	1327	1308	1369	1316	1184
AT2G25940	116	79	108	87	102	76
AT2G25950	359	450	379	326	385	357
AT2G25964	110	99	76	90	87	101
AT2G25970	1694	1682	1610	1663	1624	1539
AT2G25980	802	668	672	674	534	530
AT2G25990	0	0	0	0	1	0
AT2G26000	149	135	120	120	111	114
AT2G26010	408	93	79	6	23	23
AT2G26020	549	119	83	3	20	21
AT2G26030	184	217	176	211	180	180
AT2G26040	131	153	141	72	98	86
AT2G26050	0	0	0	0	0	1
AT2G26060	392	455	383	423	398	361
AT2G26070	117	127	107	106	133	120
AT2G26080	6197	4868	4964	3952	3890	3333
AT2G26090	0	0	0	0	0	0
AT2G26100	197	175	158	171	146	156
AT2G26110	430	440	493	432	474	438
AT2G26120	0	0	1	0	0	0
AT2G26130	1	8	0	3	1	4
AT2G26135	0	0	1	0	0	1
AT2G26140	1957	1854	1738	1716	1563	1489
AT2G26150	154	116	87	53	52	49
AT2G26160	0	0	0	0	0	0
AT2G26170	568	576	503	279	287	321
AT2G26180	78	87	82	98	63	83
AT2G26190	1075	2380	1475	790	991	1214
AT2G26200	414	438	391	392	378	345
AT2G26210	533	627	516	428	450	433
AT2G26211	6	4	3	9	3	9
AT2G26230	612	630	546	481	486	505
AT2G26240	394	408	348	294	320	287
AT2G26250	2096	2411	2274	2257	2502	2090
AT2G26260	364	306	268	267	277	298
AT2G26270	101	113	87	106	105	97
AT2G26280	1555	1536	1335	1132	1118	1136
AT2G26290	148	137	152	122	114	130
AT2G26300	1179	1442	1188	1131	1213	1176
AT2G26310	148	137	85	55	65	68
AT2G26320	0	0	0	0	0	0
AT2G26330	696	802	578	1082	781	825
AT2G26340	633	624	530	675	571	513
AT2G26350	181	220	198	184	175	180
AT2G26355	158	143	130	138	148	136
AT2G26360	45	43	31	36	36	36
AT2G26370	43	21	30	16	10	22
AT2G26380	3	2	2	4	2	5
AT2G26390	5	4	5	6	3	6
AT2G26400	59	113	127	22	65	67
AT2G26410	77	19	32	28	17	22
AT2G26420	109	72	93	43	49	35
AT2G26430	514	619	521	473	514	475
AT2G26440	705	1137	929	597	881	823
AT2G26450	0	2	2	0	0	0
AT2G26460	292	285	276	268	230	261
AT2G26470	174	183	185	191	158	191
AT2G26480	98	87	141	64	110	90
AT2G26490	0	0	0	0	0	0
AT2G26500	5656	6076	4750	5649	5450	4868
AT2G26510	689	735	577	655	634	583
AT2G26515	10	11	13	11	9	12
AT2G26520	15	8	7	11	7	7
AT2G26530	850	1096	781	463	407	698
AT2G26540	637	685	499	626	617	608
AT2G26550	354	337	324	377	365	327
AT2G26560	2435	2792	2011	550	1258	1557
AT2G26570	840	969	825	674	704	740
AT2G26580	235	326	270	239	218	164
AT2G26590	551	510	503	469	470	450
AT2G26600	315	340	277	224	250	267
AT2G26610	1	2	0	1	0	0
AT2G26620	6	7	4	0	1	4
AT2G26640	343	344	306	338	278	313
AT2G26650	984	940	910	855	872	833
AT2G26660	690	664	538	372	377	372
AT2G26670	1331	1332	1270	1254	1300	1145
AT2G26680	294	274	311	299	276	247
AT2G26690	1204	1242	904	723	820	769
AT2G26692	8	3	2	7	3	2
AT2G26695	78	100	74	61	78	93
AT2G26700	46	28	41	50	38	33
AT2G26710	112	99	101	87	85	60
AT2G26720	0	0	0	0	0	0
AT2G26730	751	732	630	763	661	572
AT2G26740	1502	1298	1062	729	723	977
AT2G26750	6	12	3	6	3	0
AT2G26760	130	135	119	118	96	109
AT2G26770	702	723	681	529	544	538
AT2G26780	1069	1049	872	791	852	891
AT2G26790	72	74	47	54	46	45
AT2G26800	654	622	575	429	439	411
AT2G26810	149	141	153	140	145	121
AT2G26820	14	22	22	18	37	30
AT2G26830	245	258	243	218	234	212
AT2G26840	92	111	99	103	100	82
AT2G26850	0	0	0	0	0	0
AT2G26860	123	112	89	102	124	104
AT2G26865	0	0	0	0	0	0
AT2G26870	97	139	96	163	159	141
AT2G26880	0	0	0	0	0	0
AT2G26882	0	0	0	0	0	0
AT2G26890	1791	1481	1320	1436	1410	1315
AT2G26900	1876	1854	1558	1944	1712	1614
AT2G26910	1513	1531	1419	1614	1539	1380
AT2G26920	401	472	373	334	353	369
AT2G26930	328	341	279	321	291	304
AT2G26940	0	0	2	1	1	1
AT2G26950	0	0	0	0	1	2
AT2G26960	0	0	0	0	0	1
AT2G26970	150	178	122	134	137	146
AT2G26975	355	340	269	222	223	216
AT2G26980	717	754	791	954	995	1004
AT2G26990	740	810	723	660	748	676
AT2G27000	178	133	141	125	105	117
AT2G27010	109	61	84	81	51	71
AT2G27020	1610	1623	1578	1443	1432	1341
AT2G27030	1254	1148	1131	1018	1009	1005
AT2G27035	8	13	10	16	5	11
AT2G27040	701	662	651	751	681	648
AT2G27050	1521	1497	1319	1579	1366	1414
AT2G27060	341	331	269	412	336	287
AT2G27070	0	0	0	0	0	0
AT2G27080	277	208	233	130	147	273
AT2G27090	434	461	425	379	379	424
AT2G27100	1075	1082	1062	1019	969	922
AT2G27110	400	433	378	364	372	292
AT2G27120	2	1	0	3	0	1
AT2G27130	41	34	33	37	34	30
AT2G27140	97	129	89	94	108	85
AT2G27145	0	0	0	0	0	0
AT2G27150	485	543	466	367	397	454
AT2G27160	0	0	0	0	0	0
AT2G27170	990	1002	946	911	873	847
AT2G27180	22	13	8	10	8	9
AT2G27190	2162	2257	1801	1224	1128	1353
AT2G27200	264	263	213	197	213	209
AT2G27210	650	640	565	505	532	538
AT2G27220	7	3	4	7	3	7
AT2G27229	1	0	1	2	2	0
AT2G27230	907	880	800	846	849	795
AT2G27240	0	1	0	4	1	3
AT2G27250	0	0	0	0	0	0
AT2G27260	252	391	272	232	261	303
AT2G27270	0	0	0	0	0	0
AT2G27280	2	0	0	1	0	0
AT2G27285	481	460	454	391	399	398
AT2G27290	539	599	448	584	492	496
AT2G27300	10	4	7	9	5	3
AT2G27310	481	605	585	266	367	477
AT2G27313	3	2	2	3	3	2
AT2G27315	0	0	1	0	0	0
AT2G27320	0	0	0	0	0	0
AT2G27330	129	124	97	118	100	82
AT2G27340	96	103	102	95	94	97
AT2G27350	864	817	777	728	761	643
AT2G27360	234	230	214	161	157	150
AT2G27370	87	72	53	57	44	36
AT2G27380	0	0	0	0	0	0
AT2G27385	570	781	487	1293	893	928
AT2G27389	24	20	8	11	26	16
AT2G27390	0	0	0	0	0	0
AT2G27400	138	116	109	91	91	85
AT2G27402	95	93	109	33	29	20
AT2G27410	0	0	0	0	0	0
AT2G27420	20	11	8	4	3	3
AT2G27430	44	24	37	29	26	27
AT2G27450	625	697	583	541	548	573
AT2G27460	364	361	362	346	380	324
AT2G27470	227	230	223	194	185	208
AT2G27480	41	32	40	25	31	37
AT2G27490	144	150	142	123	126	135
AT2G27500	799	979	811	419	559	787
AT2G27505	0	0	0	0	0	2
AT2G27507	0	0	0	0	0	0
AT2G27510	677	584	523	593	446	462
AT2G27520	0	0	0	0	0	0
AT2G27530	2872	2727	2661	2981	2709	2566
AT2G27535	0	4	2	1	4	7
AT2G27540	0	0	0	0	0	0
AT2G27550	31	117	84	145	110	167
AT2G27560	0	0	0	0	0	0
AT2G27570	0	0	0	0	0	0
AT2G27580	278	268	225	181	191	170
AT2G27590	178	194	146	135	108	96
AT2G27600	1460	1497	1420	1238	1324	1178
AT2G27610	23	36	40	43	23	39
AT2G27630	3	6	3	1	8	3
AT2G27650	1	0	1	2	3	0
AT2G27660	526	712	565	207	406	344
AT2G27670	0	0	0	0	2	0
AT2G27680	2023	2283	1777	2199	2196	1911
AT2G27690	72	73	116	35	75	112
AT2G27700	0	0	0	0	0	0
AT2G27710	1170	852	1138	1014	925	855
AT2G27720	1441	1302	1242	1293	1124	1010
AT2G27730	1833	1949	1697	1454	1464	1484
AT2G27740	58	46	41	44	38	32
AT2G27750	0	0	0	0	0	0
AT2G27760	121	105	126	116	120	100
AT2G27770	124	115	131	128	99	88
AT2G27775	155	149	128	152	132	136
AT2G27780	2	0	0	0	0	0
AT2G27790	42	41	38	37	41	39
AT2G27800	46	52	50	51	39	38
AT2G27810	380	355	349	414	386	336
AT2G27820	452	418	413	431	408	408
AT2G27830	720	824	651	569	648	696
AT2G27840	336	313	379	345	298	310
AT2G27850	0	0	0	0	0	0
AT2G27860	2799	2790	2589	3001	2845	2606
AT2G27880	2	1	5	3	4	2
AT2G27900	962	1027	870	854	905	847
AT2G27920	355	394	342	240	284	250
AT2G27930	26	25	25	15	18	14
AT2G27940	0	0	0	0	0	0
AT2G27950	937	972	716	740	742	737
AT2G27960	285	339	325	291	256	272
AT2G27970	162	155	177	129	105	119
AT2G27980	560	573	509	527	494	510
AT2G27990	38	38	31	41	50	36
AT2G28000	4880	5013	4599	4582	4750	4207
AT2G28010	0	0	0	0	0	0
AT2G28020	0	0	0	0	0	0
AT2G28030	0	0	1	0	0	1
AT2G28040	3	9	4	6	4	8
AT2G28050	38	39	44	56	43	40
AT2G28056	0	0	0	0	0	0
AT2G28060	154	170	132	149	141	133
AT2G28070	465	512	440	487	420	410
AT2G28080	353	460	364	302	356	370
AT2G28085	12	5	4	3	0	0
AT2G28090	0	0	0	0	0	0
AT2G28100	160	165	173	175	191	170
AT2G28105	9	11	9	10	7	7
AT2G28110	416	331	342	114	114	165
AT2G28120	144	133	208	47	94	120
AT2G28130	104	109	113	103	79	84
AT2G28140	15	22	22	26	13	31
AT2G28150	203	208	171	209	202	181
AT2G28160	60	49	56	36	36	41
AT2G28170	0	0	0	0	0	0
AT2G28180	0	0	0	0	0	0
AT2G28190	706	488	599	514	441	374
AT2G28200	148	118	144	88	111	131
AT2G28210	28	17	7	30	39	33
AT2G28220	0	0	0	0	0	0
AT2G28225	0	1	0	0	0	0
AT2G28230	179	168	158	171	148	159
AT2G28240	176	206	161	185	161	167
AT2G28250	297	296	277	314	264	293
AT2G28260	148	174	151	135	129	118
AT2G28270	2	3	5	5	3	2
AT2G28290	2623	2235	2033	2218	2129	2044
AT2G28305	428	447	348	219	293	308
AT2G28310	448	414	429	403	346	370
AT2G28315	69	63	69	73	54	57
AT2G28320	613	621	482	458	476	429
AT2G28330	28	18	25	39	25	19
AT2G28340	0	0	0	1	1	1
AT2G28350	335	294	312	274	355	305
AT2G28355	0	0	0	0	0	0
AT2G28360	483	547	501	490	462	464
AT2G28370	298	296	335	306	295	310
AT2G28380	481	515	478	473	454	427
AT2G28390	678	669	602	610	598	523
AT2G28400	170	207	153	68	113	163
AT2G28405	0	0	0	0	0	0
AT2G28410	99	102	82	104	96	92
AT2G28420	4	3	5	7	6	4
AT2G28426	5	6	3	3	6	5
AT2G28430	165	173	175	185	155	157
AT2G28440	66	45	45	56	51	42
AT2G28450	604	736	609	605	606	566
AT2G28460	30	27	24	28	16	29
AT2G28470	984	1064	916	1198	1107	1038
AT2G28480	190	160	178	153	151	163
AT2G28490	1	0	0	0	0	0
AT2G28500	20	43	11	19	29	54
AT2G28510	239	227	222	245	196	208
AT2G28520	660	703	610	576	627	576
AT2G28540	600	627	547	585	534	485
AT2G28550	1179	1044	845	974	724	672
AT2G28560	6	5	9	13	8	6
AT2G28570	106	103	120	115	145	130
AT2G28580	16	16	8	20	17	16
AT2G28590	42	33	23	45	23	39
AT2G28600	310	282	286	286	279	279
AT2G28605	292	262	226	356	263	262
AT2G28610	0	1	2	3	2	1
AT2G28620	323	222	273	336	257	238
AT2G28625	0	0	0	0	0	1
AT2G28630	354	574	968	608	882	633
AT2G28640	0	0	0	1	0	1
AT2G28650	31	30	32	20	24	16
AT2G28660	213	252	225	233	182	230
AT2G28670	8	11	11	12	14	11
AT2G28671	0	0	1	5	0	4
AT2G28680	1	1	0	1	2	1
AT2G28690	24	48	30	24	35	32
AT2G28700	6	5	4	17	21	12
AT2G28710	39	29	30	44	35	46
AT2G28720	1191	1118	1120	1223	1132	1179
AT2G28725	0	0	0	0	0	0
AT2G28730	0	0	0	0	0	0
AT2G28740	633	572	612	621	525	518
AT2G28755	9	23	17	16	14	18
AT2G28760	224	243	202	200	197	190
AT2G28770	0	0	0	0	0	0
AT2G28780	116	145	86	106	110	95
AT2G28790	344	340	280	387	269	316
AT2G28800	3585	3947	3235	3842	3704	3401
AT2G28810	330	337	282	328	314	258
AT2G28815	14	20	20	16	17	23
AT2G28830	64	118	90	50	84	85
AT2G28840	3672	4628	3935	3907	3715	3225
AT2G28850	0	0	0	1	0	0
AT2G28860	0	0	1	0	0	1
AT2G28870	32	37	34	41	41	42
AT2G28880	185	192	153	172	161	158
AT2G28890	495	595	508	357	486	491
AT2G28900	1938	2418	1994	2350	2030	2005
AT2G28910	4011	4181	3633	3740	3479	3666
AT2G28920	1	0	0	1	0	0
AT2G28930	239	284	297	290	335	284
AT2G28940	311	353	319	256	288	266
AT2G28950	469	560	472	587	632	584
AT2G28960	88	98	95	90	141	118
AT2G28970	38	34	32	48	40	52
AT2G28990	74	50	65	68	71	57
AT2G29000	29	11	12	5	7	3
AT2G29020	537	532	537	545	469	490
AT2G29030	0	0	0	0	0	0
AT2G29040	0	0	0	0	0	0
AT2G29045	0	0	0	0	0	0
AT2G29050	130	132	144	128	120	90
AT2G29060	80	79	80	80	71	70
AT2G29065	113	85	72	66	66	68
AT2G29070	148	177	154	139	147	161
AT2G29080	1309	1340	1111	1204	1134	1077
AT2G29090	221	188	185	74	69	54
AT2G29100	19	12	24	6	17	15
AT2G29110	13	28	15	16	23	33
AT2G29120	505	605	454	247	318	278
AT2G29125	19	31	16	25	20	26
AT2G29130	39	25	25	25	14	27
AT2G29140	779	868	771	835	845	772
AT2G29150	1	4	1	0	1	0
AT2G29170	121	164	116	67	72	49
AT2G29180	254	306	267	305	279	245
AT2G29190	881	848	807	754	806	740
AT2G29200	431	405	425	451	434	391
AT2G29210	1019	1064	971	1035	1007	1007
AT2G29220	0	7	6	3	3	6
AT2G29250	0	6	3	0	0	0
AT2G29260	35	33	35	27	29	21
AT2G29263	0	0	0	0	0	0
AT2G29290	565	757	596	893	669	723
AT2G29300	45	74	64	100	107	120
AT2G29310	461	517	384	557	410	410
AT2G29320	566	577	635	381	395	420
AT2G29330	96	56	58	58	90	87
AT2G29340	644	721	697	376	430	451
AT2G29350	1663	1570	721	116	204	370
AT2G29360	576	589	489	552	498	424
AT2G29370	7	3	3	7	5	10
AT2G29380	3	2	0	1	0	2
AT2G29390	288	308	283	319	313	290
AT2G29400	1641	1781	1532	1446	1419	1416
AT2G29410	17	16	14	5	5	13
AT2G29420	16	19	13	16	5	13
AT2G29430	0	0	0	0	0	0
AT2G29440	156	94	109	82	52	78
AT2G29450	2580	2190	1607	1209	1130	1362
AT2G29452	0	0	0	1	0	0
AT2G29460	922	705	407	202	299	428
AT2G29470	182	181	96	5	13	65
AT2G29480	4	3	3	3	5	3
AT2G29485	0	1	0	0	0	0
AT2G29490	583	533	450	262	320	369
AT2G29500	71	72	97	82	91	81
AT2G29510	973	1155	998	839	936	1028
AT2G29520	0	0	0	0	0	0
AT2G29525	111	121	107	109	100	100
AT2G29530	363	352	358	304	325	266
AT2G29540	101	128	143	138	125	136
AT2G29550	1233	1171	1286	1374	1267	1069
AT2G29560	428	440	363	383	362	354
AT2G29570	252	220	264	274	241	259
AT2G29580	245	230	224	197	189	213
AT2G29590	65	64	60	67	63	55
AT2G29600	0	0	0	0	0	0
AT2G29605	0	0	0	0	0	0
AT2G29620	98	52	77	63	48	38
AT2G29628	1	0	0	0	0	0
AT2G29630	9188	10541	8244	10889	9177	8340
AT2G29640	88	89	82	66	72	94
AT2G29650	856	1152	782	953	893	795
AT2G29654	0	0	0	0	0	0
AT2G29660	230	215	216	266	226	222
AT2G29670	1500	2074	1395	1216	1230	1406
AT2G29679	0	0	0	0	0	0
AT2G29680	44	57	38	58	57	40
AT2G29690	369	382	356	418	391	386
AT2G29700	430	415	451	359	417	361
AT2G29710	30	40	21	24	21	25
AT2G29720	629	783	544	182	262	249
AT2G29730	194	199	206	149	130	156
AT2G29735	0	0	0	0	0	0
AT2G29740	134	99	139	109	128	84
AT2G29750	410	276	304	222	186	169
AT2G29760	102	102	104	101	94	86
AT2G29770	0	0	0	0	0	0
AT2G29780	0	0	0	0	0	0
AT2G29790	0	0	0	0	0	0
AT2G29800	0	0	0	0	0	0
AT2G29810	0	0	0	0	0	0
AT2G29820	0	0	0	0	0	0
AT2G29830	0	0	0	0	0	0
AT2G29840	0	1	0	0	0	0
AT2G29850	0	0	0	0	0	0
AT2G29860	0	0	0	0	0	0
AT2G29870	3	1	0	0	0	0
AT2G29880	0	0	0	0	0	0
AT2G29890	224	205	218	259	245	192
AT2G29900	191	175	167	164	156	151
AT2G29910	153	151	111	121	121	89
AT2G29920	2	0	0	0	0	0
AT2G29925	0	0	0	0	0	0
AT2G29930	0	0	0	0	0	0
AT2G29940	122	160	105	74	80	104
AT2G29950	0	0	0	0	0	0
AT2G29960	1063	1061	1027	980	1058	930
AT2G29970	530	491	406	475	457	450
AT2G29980	2228	2349	1967	2077	1966	1761
AT2G29990	249	314	241	165	207	203
AT2G29995	113	82	118	89	115	105
AT2G30000	64	77	71	65	61	80
AT2G30010	276	304	363	310	390	348
AT2G30020	510	852	503	368	368	541
AT2G30040	329	296	234	137	191	228
AT2G30050	559	526	531	521	537	501
AT2G30060	887	825	737	815	687	613
AT2G30070	306	365	264	456	392	346
AT2G30080	44	41	32	32	36	42
AT2G30090	0	0	0	0	0	0
AT2G30100	310	271	263	194	215	235
AT2G30105	265	268	238	226	214	202
AT2G30110	2579	2644	2356	2341	2344	2140
AT2G30115	0	0	0	0	1	0
AT2G30120	130	119	90	99	95	90
AT2G30130	59	33	35	55	36	51
AT2G30140	1070	1205	802	447	697	811
AT2G30150	257	241	238	246	222	188
AT2G30160	240	225	181	205	206	212
AT2G30170	342	399	285	389	354	336
AT2G30180	0	0	0	0	0	0
AT2G30190	0	0	0	0	0	0
AT2G30200	664	675	648	743	624	650
AT2G30210	468	551	479	408	361	309
AT2G30220	7	9	6	5	1	1
AT2G30230	111	137	91	81	77	101
AT2G30240	0	0	0	0	0	0
AT2G30250	857	997	867	388	601	684
AT2G30260	467	547	456	454	478	489
AT2G30270	150	171	156	140	163	159
AT2G30280	137	173	151	159	132	139
AT2G30290	0	0	0	0	0	0
AT2G30300	5	1	3	0	0	1
AT2G30310	1	0	0	1	2	1
AT2G30320	220	220	235	224	257	246
AT2G30330	109	131	115	103	89	103
AT2G30340	125	101	105	91	67	64
AT2G30350	109	110	106	124	95	109
AT2G30360	0	0	0	0	0	0
AT2G30362	1	1	1	2	0	1
AT2G30370	5	13	13	16	20	21
AT2G30380	6	3	6	6	4	5
AT2G30385	0	0	0	0	0	0
AT2G30390	1440	1299	1140	1420	1225	1114
AT2G30395	72	38	51	38	33	29
AT2G30400	15	9	15	20	18	13
AT2G30410	280	274	220	260	243	224
AT2G30420	21	16	15	15	15	21
AT2G30424	106	129	112	148	117	95
AT2G30430	0	0	0	0	0	0
AT2G30432	4	7	9	7	7	4
AT2G30440	2622	3088	2544	1983	2339	2353
AT2G30450	0	0	0	0	0	0
AT2G30460	164	191	175	215	154	164
AT2G30470	509	528	505	447	454	435
AT2G30480	170	179	179	146	160	144
AT2G30490	3945	4311	3874	3141	3646	3324
AT2G30500	896	1020	941	855	930	950
AT2G30505	31	29	16	23	26	24
AT2G30520	2706	2575	2401	1557	1450	1357
AT2G30530	406	428	385	334	337	325
AT2G30540	42	50	27	58	40	55
AT2G30550	1052	1322	762	287	367	525
AT2G30560	0	0	0	1	0	0
AT2G30570	7884	10494	7190	10313	9119	8665
AT2G30575	219	239	216	215	196	209
AT2G30580	158	191	173	115	118	150
AT2G30590	310	413	388	320	366	371
AT2G30600	1448	1442	1674	1552	1830	1889
AT2G30615	0	2	2	2	0	3
AT2G30620	2328	2247	2170	2020	1861	1845
AT2G30630	2	3	2	2	3	4
AT2G30650	0	0	0	0	0	0
AT2G30660	44	34	25	7	23	25
AT2G30670	23	12	31	24	28	15
AT2G30680	1	5	1	2	1	2
AT2G30690	0	0	2	4	1	3
AT2G30695	379	381	334	357	368	358
AT2G30700	490	485	407	429	363	370
AT2G30710	345	335	322	275	294	280
AT2G30720	331	313	285	241	214	273
AT2G30730	0	1	2	3	1	0
AT2G30740	716	694	780	477	495	456
AT2G30750	1352	1349	1047	887	1472	1593
AT2G30760	0	2	4	0	2	1
AT2G30766	1	6	2	8	16	7
AT2G30770	153	191	63	37	46	89
AT2G30780	203	175	177	158	171	139
AT2G30790	29	51	28	49	37	45
AT2G30800	421	418	373	378	369	386
AT2G30810	0	0	0	0	0	0
AT2G30820	19	27	22	34	36	27
AT2G30830	0	0	0	0	0	0
AT2G30840	161	142	157	95	105	112
AT2G30850	0	0	0	0	0	0
AT2G30860	19408	20320	17152	15312	16589	15994
AT2G30870	12140	12845	11059	8483	9726	9265
AT2G30880	432	444	409	387	344	377
AT2G30890	50	34	36	57	48	46
AT2G30900	0	1	0	0	2	2
AT2G30910	124	136	128	151	124	93
AT2G30920	192	166	180	151	178	157
AT2G30925	0	0	0	0	0	0
AT2G30930	1114	842	828	493	524	531
AT2G30933	28	14	27	27	26	23
AT2G30940	0	0	0	0	0	0
AT2G30942	12	12	7	3	4	6
AT2G30945	2	5	8	3	5	7
AT2G30950	6195	7112	5458	6714	6388	5564
AT2G30960	31	36	30	36	46	30
AT2G30970	951	1045	1006	1025	1081	1086
AT2G30980	1082	1204	1119	1068	1098	1026
AT2G30984	0	0	0	0	0	0
AT2G30985	0	0	0	0	0	0
AT2G30990	443	526	498	448	467	463
AT2G31005	0	0	0	0	0	0
AT2G31010	268	255	252	311	278	251
AT2G31018	0	0	0	0	0	0
AT2G31020	228	194	196	163	193	198
AT2G31030	0	0	0	0	0	0
AT2G31035	0	0	0	0	0	0
AT2G31040	1831	2294	1697	2172	2063	1890
AT2G31050	0	0	0	0	0	0
AT2G31060	695	773	710	654	718	671
AT2G31070	426	461	354	334	403	361
AT2G31081	5	4	3	1	0	1
AT2G31082	8	0	2	5	1	0
AT2G31083	13	7	10	29	2	8
AT2G31085	14	7	14	14	3	5
AT2G31090	158	161	149	129	114	132
AT2G31100	0	0	0	0	0	1
AT2G31110	252	241	305	133	183	147
AT2G31130	203	174	166	129	141	128
AT2G31140	315	337	288	300	309	295
AT2G31141	11	11	6	10	14	8
AT2G31150	242	222	226	320	252	255
AT2G31160	63	55	52	77	71	48
AT2G31170	280	282	255	327	294	276
AT2G31180	27	41	40	22	50	44
AT2G31190	165	240	184	199	186	207
AT2G31200	433	524	389	303	363	348
AT2G31210	1	0	1	0	0	0
AT2G31215	0	0	0	0	0	0
AT2G31220	16	11	13	13	9	5
AT2G31230	279	279	286	91	143	123
AT2G31240	223	248	221	275	266	232
AT2G31250	5	6	14	14	22	13
AT2G31260	659	664	601	478	455	482
AT2G31265	0	0	0	0	0	0
AT2G31270	199	144	153	147	129	112
AT2G31280	488	496	447	464	462	459
AT2G31290	68	68	58	69	65	65
AT2G31300	89	86	77	70	72	81
AT2G31305	67	76	58	57	59	53
AT2G31310	9	3	5	4	0	0
AT2G31320	217	211	207	218	164	199
AT2G31335	1	3	3	1	5	5
AT2G31340	149	145	144	170	164	155
AT2G31345	0	0	0	0	0	0
AT2G31350	882	917	740	566	532	549
AT2G31360	2161	2535	2060	1745	1801	1776
AT2G31370	534	550	524	478	449	434
AT2G31380	221	177	147	73	71	69
AT2G31390	1903	2499	1913	1460	1672	1445
AT2G31400	4715	4114	3803	3762	3544	3407
AT2G31410	799	764	769	755	697	731
AT2G31420	6	6	5	1	1	7
AT2G31425	0	0	0	0	0	0
AT2G31430	0	0	0	0	0	0
AT2G31432	0	0	0	0	0	0
AT2G31440	147	125	105	130	109	113
AT2G31450	196	218	179	176	158	167
AT2G31460	0	0	0	0	0	0
AT2G31470	1	1	0	0	1	1
AT2G31480	9	7	4	1	5	2
AT2G31490	800	761	713	724	584	595
AT2G31500	0	0	0	1	0	0
AT2G31510	949	994	878	873	928	881
AT2G31530	287	306	236	275	321	293
AT2G31540	5	5	2	2	2	1
AT2G31550	1	2	0	0	0	0
AT2G31560	541	455	382	299	243	224
AT2G31570	2124	1841	1809	1435	1630	1484
AT2G31580	165	196	192	161	168	192
AT2G31585	88	116	84	55	83	76
AT2G31590	0	0	0	2	1	0
AT2G31600	85	59	66	69	66	64
AT2G31610	3293	3296	3205	3054	3022	2931
AT2G31620	0	0	0	1	0	0
AT2G31650	192	191	169	148	170	162
AT2G31660	1228	1152	1106	1118	1178	1113
AT2G31670	898	865	840	854	736	775
AT2G31680	255	250	205	184	181	182
AT2G31690	0	0	0	1	2	0
AT2G31700	0	0	0	0	0	0
AT2G31710	102	115	102	94	101	84
AT2G31720	0	0	0	0	0	0
AT2G31725	50	34	46	54	44	44
AT2G31730	56	71	94	90	114	80
AT2G31740	403	395	382	382	377	383
AT2G31750	0	0	0	0	0	0
AT2G31751	45	38	31	23	29	25
AT2G31760	0	0	0	0	0	0
AT2G31770	0	0	0	0	0	0
AT2G31780	0	0	0	0	0	0
AT2G31790	1031	954	825	943	929	851
AT2G31800	1054	1365	1157	1083	1238	1261
AT2G31810	1468	1973	1950	1417	1817	1838
AT2G31820	903	1050	838	584	716	663
AT2G31830	22	22	18	32	31	23
AT2G31840	337	409	379	415	413	372
AT2G31850	0	0	1	0	0	0
AT2G31862	0	0	0	0	0	0
AT2G31865	226	280	219	115	188	237
AT2G31870	147	163	154	113	161	161
AT2G31880	1840	3259	1808	905	1314	1669
AT2G31890	328	327	291	356	354	364
AT2G31900	132	103	109	102	102	90
AT2G31902	2	5	1	2	2	8
AT2G31910	7	3	4	4	3	1
AT2G31920	3	5	4	6	2	1
AT2G31930	3	0	1	1	2	3
AT2G31940	8	2	9	4	6	10
AT2G31945	82	81	61	36	27	63
AT2G31953	0	0	1	1	0	0
AT2G31955	309	373	319	269	274	315
AT2G31957	0	0	0	0	0	1
AT2G31960	2089	2056	1863	1794	1782	1758
AT2G31970	684	764	710	678	683	673
AT2G31980	19	17	13	12	14	7
AT2G31981	0	0	0	0	0	0
AT2G31985	0	3	0	0	0	1
AT2G31990	87	86	72	54	58	63
AT2G32000	428	438	416	451	460	418
AT2G32010	201	218	199	227	227	214
AT2G32020	39	73	36	19	35	58
AT2G32030	74	168	83	30	48	71
AT2G32040	385	415	392	394	348	389
AT2G32050	0	0	3	1	0	0
AT2G32060	825	750	724	768	692	652
AT2G32070	528	485	464	510	500	470
AT2G32080	1234	1279	1153	1056	1136	1044
AT2G32090	233	252	206	263	239	246
AT2G32100	83	71	86	123	103	85
AT2G32110	0	0	0	0	0	0
AT2G32120	66	78	56	70	69	66
AT2G32130	0	2	0	2	0	1
AT2G32140	62	118	54	19	50	111
AT2G32150	663	684	635	465	497	807
AT2G32160	417	418	258	60	187	150
AT2G32170	536	558	534	521	506	482
AT2G32179	9	12	19	21	14	12
AT2G32180	0	0	0	0	0	0
AT2G32190	96	109	105	90	137	157
AT2G32200	7	13	6	11	16	19
AT2G32210	50	77	49	39	64	85
AT2G32220	78	90	76	94	93	84
AT2G32230	982	1054	908	1265	1047	974
AT2G32235	18	31	29	21	25	22
AT2G32240	5332	5716	4811	3482	4386	4109
AT2G32250	350	292	276	246	247	253
AT2G32260	1172	1224	1007	815	799	873
AT2G32270	289	187	228	154	171	179
AT2G32273	0	0	0	0	0	0
AT2G32275	0	0	0	1	0	2
AT2G32280	57	64	50	70	76	72
AT2G32290	94	107	42	64	63	65
AT2G32295	211	180	171	197	182	179
AT2G32300	138	116	101	96	84	46
AT2G32310	1	0	1	0	0	0
AT2G32315	1	1	0	0	0	1
AT2G32320	298	308	291	261	252	265
AT2G32340	65	55	65	55	56	64
AT2G32350	0	0	0	0	0	0
AT2G32360	0	0	0	0	0	0
AT2G32370	0	0	0	0	0	0
AT2G32380	204	167	181	164	173	123
AT2G32390	208	241	193	245	224	188
AT2G32400	353	372	286	260	251	246
AT2G32410	138	122	108	109	84	96
AT2G32415	172	189	146	185	164	148
AT2G32430	114	95	100	93	112	98
AT2G32440	351	358	274	400	367	313
AT2G32450	275	269	309	247	301	232
AT2G32460	3	1	4	0	1	0
AT2G32470	7	4	1	1	0	0
AT2G32480	790	763	665	869	769	674
AT2G32487	79	60	49	51	57	94
AT2G32500	368	382	323	399	371	311
AT2G32510	120	114	80	47	34	46
AT2G32520	679	753	672	608	645	607
AT2G32530	263	311	262	73	125	107
AT2G32540	289	235	298	214	247	216
AT2G32550	7	1	0	1	2	2
AT2G32560	501	480	522	530	525	470
AT2G32580	502	529	437	434	424	375
AT2G32590	88	100	84	99	73	70
AT2G32600	324	362	327	295	274	288
AT2G32610	82	62	39	49	37	39
AT2G32620	62	39	28	32	24	30
AT2G32630	36	43	34	54	41	50
AT2G32640	260	228	229	309	250	219
AT2G32645	0	0	0	0	0	0
AT2G32650	183	180	169	166	230	177
AT2G32660	122	99	100	15	28	58
AT2G32670	14	7	5	4	3	5
AT2G32680	120	259	85	27	66	118
AT2G32690	1337	1655	1364	1101	1280	1216
AT2G32698	0	0	0	0	0	0
AT2G32700	2187	2348	2141	2047	2064	1963
AT2G32710	289	301	339	259	267	275
AT2G32720	489	495	564	576	490	457
AT2G32730	2027	2071	1853	1954	1784	1721
AT2G32740	3	2	8	0	5	5
AT2G32750	4	3	3	7	6	5
AT2G32760	236	196	180	191	165	147
AT2G32765	44	54	35	60	57	37
AT2G32770	6	11	7	15	16	17
AT2G32780	0	0	0	0	0	0
AT2G32785	0	0	0	0	0	0
AT2G32788	0	0	0	0	0	0
AT2G32790	4	0	2	3	2	0
AT2G32795	26	30	26	19	27	24
AT2G32800	212	358	229	186	237	260
AT2G32810	1010	1059	914	879	906	857
AT2G32820	0	0	0	0	0	0
AT2G32830	304	363	237	16	22	77
AT2G32835	0	0	0	0	0	0
AT2G32840	158	153	140	160	114	123
AT2G32850	726	816	714	674	714	662
AT2G32860	506	756	467	716	691	646
AT2G32870	233	291	197	439	377	447
AT2G32880	202	332	215	241	224	261
AT2G32885	2	0	2	4	1	6
AT2G32890	0	0	0	0	0	0
AT2G32900	347	393	319	282	258	303
AT2G32905	0	0	0	0	0	0
AT2G32910	677	704	604	613	593	554
AT2G32920	921	919	842	808	799	735
AT2G32930	111	137	107	120	134	152
AT2G32940	36	44	28	27	28	40
AT2G32950	667	661	552	496	517	503
AT2G32960	740	819	689	348	455	530
AT2G32970	271	266	273	299	275	308
AT2G32980	180	183	197	177	205	155
AT2G32990	370	348	289	307	223	244
AT2G33000	7	5	6	7	7	7
AT2G33010	1	0	2	0	1	0
AT2G33020	12	6	6	4	1	3
AT2G33030	0	0	0	0	0	0
AT2G33040	4557	4666	4383	4244	4036	3863
AT2G33050	0	0	0	0	0	0
AT2G33051	11	8	10	11	5	8
AT2G33060	104	128	100	135	118	99
AT2G33070	4	5	2	6	0	1
AT2G33080	4	11	3	0	0	6
AT2G33090	0	0	0	0	0	0
AT2G33100	4	8	7	5	8	7
AT2G33110	61	59	38	48	42	64
AT2G33120	1070	1227	1055	912	1002	956
AT2G33130	8	7	7	6	7	9
AT2G33140	0	0	0	0	0	0
AT2G33150	5596	6030	5299	4373	4880	4936
AT2G33160	1	0	0	0	0	0
AT2G33170	584	566	552	510	501	515
AT2G33175	2	0	2	0	2	3
AT2G33180	237	253	215	241	205	197
AT2G33190	0	0	0	0	0	0
AT2G33200	0	0	0	0	0	0
AT2G33205	63	45	59	77	41	48
AT2G33210	682	720	732	720	707	675
AT2G33220	1037	1122	1012	942	973	900
AT2G33230	1	3	0	0	1	0
AT2G33233	0	0	0	0	0	0
AT2G33240	62	51	50	49	26	51
AT2G33250	377	315	266	281	266	251
AT2G33255	339	334	322	300	293	287
AT2G33260	2	3	0	3	4	2
AT2G33270	0	0	0	0	0	0
AT2G33280	1	0	2	0	0	0
AT2G33290	177	178	186	139	142	137
AT2G33300	0	0	0	0	0	0
AT2G33310	392	330	386	316	312	311
AT2G33320	202	169	146	165	148	144
AT2G33330	347	328	320	350	376	329
AT2G33340	1687	1749	1549	1611	1601	1439
AT2G33350	9	5	5	9	6	5
AT2G33360	241	209	167	184	156	175
AT2G33370	758	791	698	779	667	651
AT2G33380	371	573	190	39	25	87
AT2G33385	15	16	14	20	16	17
AT2G33390	294	379	294	226	280	300
AT2G33400	174	135	149	230	184	163
AT2G33410	855	877	777	738	733	717
AT2G33420	0	0	1	1	0	0
AT2G33435	703	705	640	650	621	584
AT2G33450	1748	1905	1544	2073	1794	1749
AT2G33460	43	17	14	29	13	8
AT2G33470	586	547	548	521	516	453
AT2G33480	463	419	417	342	372	361
AT2G33490	386	446	384	351	351	339
AT2G33500	137	163	147	173	164	165
AT2G33510	95	94	77	81	67	74
AT2G33520	0	1	0	0	0	0
AT2G33530	413	435	342	94	131	120
AT2G33540	514	523	488	557	526	480
AT2G33550	179	197	190	169	154	178
AT2G33560	90	101	90	123	91	88
AT2G33570	239	245	213	244	256	262
AT2G33580	140	396	188	91	118	172
AT2G33585	73	81	70	47	41	50
AT2G33590	499	593	438	354	316	405
AT2G33600	232	220	181	242	229	196
AT2G33610	314	314	275	329	301	288
AT2G33620	211	236	206	298	246	247
AT2G33630	855	961	906	656	738	723
AT2G33640	28	23	19	26	22	27
AT2G33650	0	0	0	0	0	0
AT2G33655	0	0	0	0	0	0
AT2G33660	0	0	0	0	0	0
AT2G33670	0	0	0	0	0	0
AT2G33680	79	76	68	76	65	64
AT2G33685	0	0	0	0	0	0
AT2G33690	0	0	0	0	0	0
AT2G33700	444	433	408	300	361	385
AT2G33705	0	0	0	0	0	0
AT2G33710	115	121	102	96	107	118
AT2G33720	0	1	0	0	0	0
AT2G33730	1036	1165	996	968	898	912
AT2G33735	56	35	34	43	39	41
AT2G33740	229	246	225	231	204	217
AT2G33750	6	6	3	13	6	9
AT2G33760	12	11	11	14	17	14
AT2G33770	2216	1670	1838	2365	2119	2173
AT2G33775	1	0	2	2	1	1
AT2G33780	0	0	1	0	0	0
AT2G33790	23	9	24	38	3	1
AT2G33793	75	65	67	59	61	47
AT2G33796	0	0	0	0	0	0
AT2G33800	3654	3892	3405	4054	3718	3279
AT2G33810	0	0	0	0	0	0
AT2G33815	0	0	0	0	0	0
AT2G33820	97	117	98	97	129	108
AT2G33830	3516	3495	3379	5860	4267	4312
AT2G33835	186	170	162	166	153	172
AT2G33840	408	364	360	321	315	321
AT2G33845	131	143	115	109	112	98
AT2G33847	13	8	11	6	8	4
AT2G33850	585	816	687	722	852	792
AT2G33855	249	260	223	265	204	174
AT2G33860	342	333	288	384	359	340
AT2G33870	0	0	0	0	0	0
AT2G33880	3	3	2	3	5	1
AT2G33890	0	1	0	0	0	0
AT2G33900	0	0	0	1	0	1
AT2G33910	0	2	0	0	0	0
AT2G33920	0	0	0	1	0	1
AT2G33930	0	0	0	0	0	0
AT2G33940	0	0	0	0	1	0
AT2G33950	0	0	0	0	0	0
AT2G33960	0	0	0	0	0	0
AT2G33970	0	0	0	0	0	0
AT2G33980	63	71	71	71	65	58
AT2G33990	194	207	183	184	175	168
AT2G34000	4	0	2	0	0	4
AT2G34010	36	31	41	21	38	36
AT2G34020	175	116	135	124	76	93
AT2G34030	1	1	0	1	1	0
AT2G34040	1024	1219	1054	979	1026	945
AT2G34050	165	146	127	113	146	117
AT2G34060	58	45	45	67	82	88
AT2G34070	616	594	421	249	238	415
AT2G34080	74	65	61	47	58	53
AT2G34090	197	252	196	244	253	297
AT2G34100	0	0	0	1	0	1
AT2G34110	0	0	0	0	0	0
AT2G34120	0	0	0	0	0	0
AT2G34123	0	0	0	0	0	0
AT2G34140	27	25	13	22	24	31
AT2G34150	129	168	115	122	126	87
AT2G34160	208	188	155	175	160	141
AT2G34170	267	281	241	459	358	322
AT2G34180	14	17	12	34	20	14
AT2G34185	8	4	2	9	6	7
AT2G34186	0	0	0	0	0	0
AT2G34190	159	129	141	164	107	129
AT2G34200	89	66	58	81	74	72
AT2G34202	19	58	11	0	2	27
AT2G34204	0	1	0	0	0	0
AT2G34208	1	1	0	0	0	1
AT2G34210	179	203	131	76	54	104
AT2G34220	8	9	8	8	4	9
AT2G34224	4	3	0	2	1	4
AT2G34230	4	0	7	5	2	4
AT2G34238	3	0	3	0	3	3
AT2G34240	8	11	12	18	19	18
AT2G34250	3976	3868	3807	3283	3183	3150
AT2G34260	183	162	168	163	191	184
AT2G34270	0	0	0	0	0	0
AT2G34280	0	0	0	0	0	0
AT2G34290	0	0	0	0	0	0
AT2G34300	812	769	749	731	702	638
AT2G34310	544	522	408	421	437	449
AT2G34315	0	0	0	0	0	0
AT2G34317	0	0	0	0	0	0
AT2G34320	1	1	1	0	0	0
AT2G34325	3	7	2	3	1	2
AT2G34330	0	0	0	0	0	0
AT2G34340	28	24	28	26	24	35
AT2G34350	31	14	12	6	5	7
AT2G34355	79	91	60	46	69	59
AT2G34357	986	970	984	906	973	929
AT2G34360	18	14	9	3	8	11
AT2G34370	1	0	2	1	1	2
AT2G34380	101	99	63	89	83	68
AT2G34390	16	27	16	5	9	7
AT2G34400	55	73	55	57	47	60
AT2G34410	273	272	270	243	229	236
AT2G34420	0	0	0	0	0	0
AT2G34430	1940	5148	3525	6771	6117	5198
AT2G34440	0	0	0	0	0	0
AT2G34450	73	88	58	60	55	53
AT2G34460	470	431	360	279	300	255
AT2G34470	697	783	681	618	656	619
AT2G34480	3543	3091	3239	3726	3173	2977
AT2G34490	322	340	302	318	274	325
AT2G34500	194	152	122	81	92	92
AT2G34510	241	405	277	312	444	490
AT2G34520	403	419	366	392	392	319
AT2G34530	24	24	17	26	19	24
AT2G34540	14	9	10	10	7	8
AT2G34555	0	1	0	0	0	0
AT2G34560	890	992	807	914	756	765
AT2G34570	151	153	162	142	116	121
AT2G34580	2	6	2	1	1	1
AT2G34585	313	284	241	239	207	224
AT2G34590	851	916	773	969	857	813
AT2G34600	46	73	63	17	43	109
AT2G34610	79	72	83	65	97	70
AT2G34620	312	411	335	364	357	381
AT2G34630	751	665	604	573	527	543
AT2G34640	1144	1115	1074	1335	1240	1104
AT2G34650	90	98	70	96	85	74
AT2G34655	12	14	15	9	13	9
AT2G34660	2281	2025	1767	1654	1695	1582
AT2G34670	57	56	61	73	65	47
AT2G34680	1360	1447	1280	1620	1451	1415
AT2G34690	604	752	624	529	592	549
AT2G34700	0	2	0	0	1	0
AT2G34710	608	559	498	575	531	523
AT2G34720	681	744	577	346	351	329
AT2G34730	532	501	528	350	397	416
AT2G34740	0	0	0	0	0	0
AT2G34750	1071	1137	1003	1019	1013	941
AT2G34770	588	639	533	503	507	554
AT2G34780	302	329	296	321	278	295
AT2G34790	142	143	140	125	115	109
AT2G34810	2080	2304	844	174	164	547
AT2G34820	1	0	1	0	0	1
AT2G34825	0	0	0	0	0	0
AT2G34830	63	42	43	53	50	44
AT2G34840	128	149	124	149	130	133
AT2G34850	27	27	21	23	18	18
AT2G34860	1118	1070	898	1243	1041	980
AT2G34870	0	0	0	0	0	0
AT2G34880	0	1	0	0	0	0
AT2G34890	0	0	0	0	0	0
AT2G34900	377	431	361	386	336	393
AT2G34910	73	40	59	39	54	36
AT2G34920	51	71	53	47	30	35
AT2G34925	8	22	10	22	14	15
AT2G34930	307	240	202	197	152	254
AT2G34940	67	41	43	21	26	39
AT2G34950	0	0	0	0	0	0
AT2G34960	32	37	30	33	23	28
AT2G34970	418	441	410	402	394	356
AT2G34980	15	14	13	15	18	15
AT2G34985	0	0	0	0	0	0
AT2G34990	0	0	0	1	4	0
AT2G35000	100	90	81	67	77	73
AT2G35010	329	364	351	319	320	302
AT2G35020	503	525	449	557	498	472
AT2G35030	72	54	70	61	67	60
AT2G35035	28	31	30	27	24	18
AT2G35040	867	911	835	904	829	834
AT2G35050	3039	3269	2857	2707	2913	2722
AT2G35060	889	993	675	415	556	541
AT2G35070	2	5	4	0	0	2
AT2G35075	7	5	10	8	15	3
AT2G35080	0	0	0	0	0	0
AT2G35090	0	1	0	0	0	0
AT2G35100	217	239	221	189	193	199
AT2G35110	802	893	816	748	750	696
AT2G35120	853	682	743	827	672	639
AT2G35130	222	194	152	253	191	169
AT2G35140	54	33	30	58	40	40
AT2G35150	37	49	50	46	32	44
AT2G35155	240	277	235	281	249	257
AT2G35160	78	91	86	88	72	74
AT2G35170	117	96	124	82	96	90
AT2G35190	332	347	322	355	335	286
AT2G35200	4	7	3	4	6	2
AT2G35210	34	31	30	11	13	10
AT2G35215	0	0	0	0	0	0
AT2G35220	0	0	0	0	0	0
AT2G35230	219	243	220	172	224	218
AT2G35240	510	578	515	519	517	489
AT2G35250	0	0	0	0	0	0
AT2G35260	1875	2626	2026	1986	2081	2038
AT2G35270	46	43	47	37	53	43
AT2G35280	0	0	0	0	0	0
AT2G35290	8	26	9	9	18	9
AT2G35300	0	0	0	0	2	1
AT2G35310	10	16	7	10	9	11
AT2G35320	216	231	203	196	206	179
AT2G35330	882	935	816	715	762	739
AT2G35340	130	144	127	118	109	85
AT2G35343	3	9	2	3	0	3
AT2G35345	3	5	4	6	4	8
AT2G35350	109	123	122	125	136	119
AT2G35360	143	139	116	130	133	121
AT2G35370	3940	4049	3158	3854	3544	3162
AT2G35380	240	361	236	266	247	165
AT2G35382	1	0	0	0	0	0
AT2G35384	0	0	0	0	0	0
AT2G35387	0	0	0	0	0	1
AT2G35390	688	726	642	549	637	576
AT2G35410	1218	1225	1018	1117	1100	985
AT2G35420	3	4	4	3	4	2
AT2G35430	48	41	52	49	41	40
AT2G35450	321	386	317	389	379	354
AT2G35460	0	0	0	0	0	0
AT2G35470	183	258	222	208	241	250
AT2G35480	87	98	63	74	88	67
AT2G35490	1444	1634	1294	1410	1395	1279
AT2G35500	466	483	428	550	483	418
AT2G35510	850	879	794	830	762	724
AT2G35520	158	181	149	170	155	145
AT2G35530	293	263	258	279	231	231
AT2G35540	99	96	105	95	95	72
AT2G35550	18	17	20	0	0	0
AT2G35555	0	0	0	0	0	0
AT2G35580	0	0	0	0	0	0
AT2G35585	47	24	26	27	13	13
AT2G35600	13	9	8	14	22	11
AT2G35605	174	169	142	171	130	150
AT2G35610	1142	1057	1053	924	936	891
AT2G35612	1	7	0	3	1	3
AT2G35615	0	0	0	0	0	0
AT2G35620	462	471	406	469	413	415
AT2G35630	2079	2150	1930	1815	1879	1840
AT2G35635	1388	1567	1286	1121	1146	1183
AT2G35637	4	6	7	10	2	11
AT2G35640	0	0	0	0	0	0
AT2G35650	256	352	306	281	317	253
AT2G35658	8	27	14	10	11	11
AT2G35660	114	109	105	60	60	57
AT2G35670	0	0	0	0	0	0
AT2G35680	1545	1647	1359	1337	1353	1419
AT2G35690	253	300	233	294	313	283
AT2G35700	11	20	9	23	24	19
AT2G35710	81	122	81	72	77	88
AT2G35720	238	283	254	257	275	244
AT2G35730	101	58	48	24	19	24
AT2G35733	1	1	2	4	2	1
AT2G35736	67	94	64	60	59	54
AT2G35738	17	22	6	9	7	5
AT2G35740	0	0	0	0	0	0
AT2G35742	6	8	5	5	7	3
AT2G35744	5	8	8	4	4	5
AT2G35747	0	0	0	0	0	0
AT2G35750	47	29	27	29	26	31
AT2G35760	127	133	117	83	99	98
AT2G35765	0	0	0	2	0	0
AT2G35770	157	142	135	126	127	110
AT2G35780	702	726	734	757	749	667
AT2G35790	245	238	244	254	230	252
AT2G35795	273	291	223	242	222	222
AT2G35800	670	716	638	611	625	616
AT2G35810	467	518	431	374	436	384
AT2G35820	262	254	194	308	308	257
AT2G35830	531	589	456	500	462	446
AT2G35840	912	1043	795	845	777	741
AT2G35850	0	0	0	0	0	0
AT2G35859	1	0	1	0	1	4
AT2G35860	28	28	14	24	15	20
AT2G35880	732	764	714	738	680	720
AT2G35890	45	32	40	21	17	9
AT2G35900	229	230	188	201	225	173
AT2G35910	95	99	132	76	109	84
AT2G35920	610	713	618	579	627	600
AT2G35930	263	443	288	220	216	275
AT2G35935	0	0	0	0	0	0
AT2G35940	1272	1329	944	874	920	960
AT2G35945	0	0	2	1	1	1
AT2G35950	7	7	1	2	3	4
AT2G35960	243	219	186	183	170	119
AT2G35965	0	0	0	0	0	0
AT2G35970	0	0	0	0	0	0
AT2G35980	195	153	180	192	319	237
AT2G35990	13	2	14	9	7	4
AT2G36000	582	656	624	671	722	621
AT2G36010	54	68	66	114	62	63
AT2G36020	2	1	1	1	1	0
AT2G36026	12	13	7	21	22	17
AT2G36030	0	0	0	0	0	0
AT2G36050	61	67	61	95	114	129
AT2G36060	759	728	692	683	692	665
AT2G36070	655	643	587	553	541	574
AT2G36080	387	297	297	239	208	253
AT2G36090	178	160	170	133	157	150
AT2G36100	424	292	265	283	185	138
AT2G36110	3	5	5	10	6	2
AT2G36120	4037	4016	3886	2994	3026	3488
AT2G36130	356	436	322	350	332	322
AT2G36140	0	0	0	0	0	0
AT2G36145	395	494	342	528	431	365
AT2G36150	0	0	0	0	0	0
AT2G36160	1461	1279	1275	1530	1251	1241
AT2G36170	701	678	690	752	647	538
AT2G36180	1	0	1	0	0	0
AT2G36190	4	0	1	1	3	0
AT2G36200	262	260	247	269	250	242
AT2G36210	10	15	9	12	3	11
AT2G36220	151	220	151	112	106	118
AT2G36230	219	261	219	246	241	216
AT2G36240	436	458	399	431	396	439
AT2G36250	975	1138	921	1028	943	942
AT2G36255	0	0	0	0	0	0
AT2G36260	0	0	0	0	0	2
AT2G36270	77	74	62	51	47	55
AT2G36280	0	0	0	0	0	0
AT2G36290	658	703	631	643	632	547
AT2G36295	24	20	18	26	20	19
AT2G36300	211	199	172	159	144	160
AT2G36305	88	86	78	80	87	77
AT2G36307	34	21	19	31	32	31
AT2G36310	480	491	440	475	464	407
AT2G36320	761	720	675	679	735	633
AT2G36325	1	1	0	0	3	4
AT2G36330	190	211	167	151	139	162
AT2G36340	130	143	140	143	143	139
AT2G36350	227	245	179	286	281	242
AT2G36355	32	47	30	36	31	26
AT2G36360	404	435	344	308	317	334
AT2G36370	117	121	114	100	104	123
AT2G36380	5448	4356	4108	2818	3228	3810
AT2G36390	2668	3645	2469	2897	2526	2673
AT2G36400	432	451	419	528	470	439
AT2G36410	1020	1089	1031	878	1000	902
AT2G36420	361	350	398	339	288	346
AT2G36430	232	231	188	144	134	103
AT2G36440	1	3	2	1	1	3
AT2G36450	0	0	0	0	0	0
AT2G36460	3433	4220	3216	2910	3182	2992
AT2G36470	241	257	216	199	221	174
AT2G36480	355	382	335	336	302	303
AT2G36490	1127	1341	988	1085	939	903
AT2G36500	26	20	18	19	13	16
AT2G36510	0	0	0	0	0	0
AT2G36520	0	0	0	0	0	0
AT2G36530	15817	19419	14333	10528	11346	12025
AT2G36540	4	3	3	8	8	5
AT2G36550	0	0	0	0	0	0
AT2G36560	1	0	0	0	0	0
AT2G36570	392	391	410	491	383	381
AT2G36580	1900	2128	1627	1254	1217	1337
AT2G36590	37	52	31	24	20	29
AT2G36600	0	0	0	0	0	0
AT2G36610	0	1	2	2	1	0
AT2G36620	1793	1546	1563	1886	1622	1493
AT2G36630	455	532	309	238	261	247
AT2G36640	0	3	0	2	0	2
AT2G36650	45	61	45	31	28	44
AT2G36660	16	21	25	28	15	19
AT2G36670	187	247	198	192	185	197
AT2G36680	460	578	488	405	508	461
AT2G36690	121	339	336	290	322	299
AT2G36695	2	0	1	5	0	1
AT2G36700	0	0	0	0	0	0
AT2G36710	8	0	3	0	2	2
AT2G36720	801	938	760	809	792	720
AT2G36724	2	0	0	0	1	0
AT2G36730	61	74	61	68	46	64
AT2G36740	246	222	220	225	207	201
AT2G36750	109	113	58	48	36	63
AT2G36760	1	1	2	0	1	1
AT2G36770	45	63	39	30	49	87
AT2G36780	201	274	155	39	67	121
AT2G36790	0	0	0	0	0	0
AT2G36792	1	4	2	1	2	2
AT2G36800	1998	2783	1513	485	781	1151
AT2G36810	989	999	859	975	888	823
AT2G36815	0	0	2	0	0	0
AT2G36830	3107	3072	2842	2746	2465	2163
AT2G36835	524	392	362	447	421	334
AT2G36840	124	117	106	107	99	105
AT2G36850	2232	2139	1911	1750	1953	1865
AT2G36854	0	0	0	0	0	0
AT2G36860	0	0	0	0	0	0
AT2G36870	200	198	162	262	194	154
AT2G36880	5116	4401	4241	4162	3851	3619
AT2G36885	255	220	185	236	204	213
AT2G36890	334	288	276	266	254	237
AT2G36895	446	418	355	315	309	272
AT2G36900	289	336	277	304	241	258
AT2G36910	1807	1991	1660	1735	1708	1533
AT2G36920	0	0	0	1	1	0
AT2G36930	614	664	568	597	536	512
AT2G36950	939	990	860	513	621	652
AT2G36960	256	261	242	231	219	191
AT2G36970	398	396	330	258	276	344
AT2G36980	22	33	21	32	18	26
AT2G36985	5	3	18	5	15	9
AT2G36990	996	1060	901	1151	1110	957
AT2G37000	2	2	0	5	3	3
AT2G37010	0	0	0	0	0	0
AT2G37020	174	179	139	166	165	153
AT2G37025	15	15	14	25	14	32
AT2G37030	11	17	4	21	14	22
AT2G37035	236	302	255	228	239	214
AT2G37040	4712	4393	4017	3588	3329	3226
AT2G37050	761	717	689	746	640	675
AT2G37060	113	104	118	114	105	104
AT2G37070	10	10	7	18	18	10
AT2G37080	749	740	695	796	736	730
AT2G37090	85	92	46	63	63	53
AT2G37100	45	50	44	49	38	41
AT2G37110	791	811	675	644	732	720
AT2G37120	167	139	138	142	123	164
AT2G37125	0	0	0	0	0	0
AT2G37130	4349	3288	3955	3009	3131	2635
AT2G37140	0	0	0	0	0	0
AT2G37150	284	300	282	222	276	237
AT2G37160	319	291	275	310	290	305
AT2G37170	1669	1266	1261	1113	782	763
AT2G37180	149	233	123	160	131	161
AT2G37190	2091	1891	1905	2113	1820	1855
AT2G37195	26	30	27	35	30	26
AT2G37200	273	286	225	231	184	238
AT2G37210	13	14	5	6	6	5
AT2G37220	8106	8103	7267	9689	8329	7264
AT2G37230	419	489	442	450	458	431
AT2G37240	334	346	207	152	141	149
AT2G37250	1035	1070	952	722	749	783
AT2G37260	48	55	40	64	58	51
AT2G37270	1018	985	1036	1022	1018	877
AT2G37280	211	235	224	154	174	184
AT2G37290	50	54	40	31	33	31
AT2G37300	74	75	60	92	78	65
AT2G37310	68	75	68	67	67	56
AT2G37320	27	28	26	24	20	33
AT2G37330	44	36	55	72	55	56
AT2G37340	1323	1674	1387	1267	1302	1160
AT2G37360	0	0	0	0	0	0
AT2G37362	0	0	0	0	1	0
AT2G37370	34	9	23	5	6	8
AT2G37380	45	34	18	35	22	26
AT2G37390	38	46	53	50	51	44
AT2G37400	312	342	294	328	309	321
AT2G37410	1508	1640	1488	1333	1458	1260
AT2G37420	158	162	164	204	150	164
AT2G37430	14	30	32	19	19	28
AT2G37435	0	1	0	0	0	0
AT2G37440	76	67	78	43	28	24
AT2G37450	301	280	238	329	261	234
AT2G37460	202	248	247	198	204	183
AT2G37470	245	268	254	253	290	276
AT2G37480	1481	1537	1436	1359	1334	1227
AT2G37500	462	484	401	456	485	415
AT2G37510	23	36	40	36	31	33
AT2G37520	662	684	634	463	519	542
AT2G37530	20	18	14	10	10	16
AT2G37540	489	519	416	263	337	366
AT2G37550	586	624	603	599	603	605
AT2G37555	2	0	0	1	4	2
AT2G37560	31	22	21	27	19	28
AT2G37570	584	599	540	489	482	449
AT2G37580	53	61	36	33	28	37
AT2G37585	222	205	156	168	178	184
AT2G37590	45	31	31	40	28	35
AT2G37600	366	301	303	388	331	327
AT2G37610	7	2	2	0	2	6
AT2G37620	319	332	252	286	246	273
AT2G37630	534	426	445	552	444	394
AT2G37640	422	348	290	556	371	330
AT2G37650	171	168	172	118	132	128
AT2G37660	3802	3787	3077	3741	3481	3288
AT2G37670	67	46	47	44	42	42
AT2G37678	139	144	129	163	171	161
AT2G37680	132	175	152	142	143	130
AT2G37690	305	325	318	314	325	304
AT2G37700	74	35	27	27	8	12
AT2G37710	1244	1903	1172	545	651	691
AT2G37720	2	2	1	2	1	0
AT2G37730	0	0	0	0	0	0
AT2G37740	7	7	7	3	3	3
AT2G37750	255	234	188	110	106	90
AT2G37760	696	716	557	302	343	427
AT2G37770	197	245	112	14	9	27
AT2G37780	0	1	0	0	0	0
AT2G37790	159	160	155	191	180	167
AT2G37800	0	0	0	0	0	0
AT2G37805	1	0	0	1	2	0
AT2G37810	0	0	0	0	1	0
AT2G37820	31	26	16	8	13	17
AT2G37840	505	502	454	429	439	401
AT2G37860	576	519	490	519	465	441
AT2G37870	15	9	10	9	11	19
AT2G37880	6	7	6	5	3	4
AT2G37890	171	168	159	89	77	97
AT2G37900	40	45	17	5	13	28
AT2G37910	0	0	0	0	0	0
AT2G37920	317	384	267	370	327	298
AT2G37925	9	6	2	3	6	4
AT2G37930	82	80	61	80	85	94
AT2G37940	778	1211	787	575	764	909
AT2G37950	73	65	46	49	53	38
AT2G37960	20	29	17	24	20	13
AT2G37970	485	519	373	183	221	272
AT2G37975	206	222	179	156	198	181
AT2G37980	268	292	195	188	195	219
AT2G37990	774	814	794	762	734	691
AT2G38000	281	314	278	285	288	321
AT2G38010	403	378	339	277	304	288
AT2G38020	829	839	768	712	685	667
AT2G38025	331	335	261	287	314	259
AT2G38030	0	0	0	0	0	0
AT2G38040	3154	3147	2804	3294	2968	2699
AT2G38050	163	149	159	168	147	160
AT2G38060	51	42	27	39	39	33
AT2G38070	57	78	63	60	55	46
AT2G38080	204	186	195	207	177	206
AT2G38090	74	94	78	56	54	64
AT2G38100	12	13	12	6	3	4
AT2G38110	196	253	201	183	201	178
AT2G38120	1140	1038	1046	1067	991	905
AT2G38130	247	305	251	229	267	257
AT2G38140	1924	2016	1696	2181	1952	1828
AT2G38150	1	0	0	0	0	0
AT2G38152	21	10	12	11	9	8
AT2G38160	47	43	46	58	30	33
AT2G38170	1921	2248	1716	2325	2646	2378
AT2G38180	83	84	80	121	102	109
AT2G38185	85	88	66	63	80	68
AT2G38195	0	0	0	0	0	0
AT2G38210	3	3	0	0	1	1
AT2G38220	0	0	0	0	0	0
AT2G38230	1122	920	834	989	955	880
AT2G38240	530	208	150	2	5	231
AT2G38250	64	79	62	27	44	88
AT2G38255	6	3	4	5	10	12
AT2G38270	818	895	798	776	786	818
AT2G38280	1225	1161	1132	1078	1076	1101
AT2G38290	399	453	430	327	378	355
AT2G38300	225	207	183	141	123	146
AT2G38310	1003	962	1159	1099	1047	1095
AT2G38320	97	104	91	86	78	78
AT2G38325	0	2	0	1	0	1
AT2G38330	397	406	351	457	371	324
AT2G38340	21	16	19	5	16	11
AT2G38350	0	0	0	0	0	0
AT2G38360	232	261	217	206	212	222
AT2G38365	0	0	0	0	0	0
AT2G38370	167	189	209	198	190	164
AT2G38380	2297	2922	1885	1944	2173	2054
AT2G38390	1358	1427	1227	874	880	882
AT2G38400	400	390	400	457	458	421
AT2G38410	512	515	528	412	428	452
AT2G38420	82	41	43	59	58	51
AT2G38430	49	55	48	43	37	47
AT2G38440	1059	1092	974	961	995	914
AT2G38450	178	227	168	199	220	213
AT2G38460	112	118	87	122	111	108
AT2G38465	147	174	157	144	165	154
AT2G38470	3280	7709	4520	2669	3560	4572
AT2G38480	56	51	49	40	43	41
AT2G38490	4	2	9	3	5	2
AT2G38500	43	18	26	25	15	11
AT2G38510	1	0	1	0	0	1
AT2G38530	793	941	763	727	663	606
AT2G38540	3883	4616	3716	3631	3451	3560
AT2G38550	741	743	698	657	659	691
AT2G38560	372	346	381	317	314	308
AT2G38570	76	55	57	76	56	65
AT2G38580	367	354	332	306	355	276
AT2G38590	0	0	0	0	0	0
AT2G38600	3	2	3	11	4	10
AT2G38610	293	332	268	224	244	284
AT2G38620	50	33	43	55	54	38
AT2G38630	181	163	161	159	178	149
AT2G38640	117	111	85	70	62	85
AT2G38646	0	0	0	0	1	0
AT2G38650	654	744	698	656	681	687
AT2G38660	225	223	166	211	193	210
AT2G38670	849	824	673	782	738	701
AT2G38680	127	146	143	137	110	138
AT2G38690	3	2	4	1	0	0
AT2G38695	58	62	83	76	72	48
AT2G38700	821	807	776	793	698	697
AT2G38710	468	447	435	373	368	356
AT2G38720	48	46	43	36	38	39
AT2G38730	71	99	77	86	72	87
AT2G38740	793	844	574	367	329	459
AT2G38750	567	272	267	160	133	221
AT2G38760	316	181	215	86	76	120
AT2G38770	636	700	676	745	681	609
AT2G38780	365	369	317	343	351	301
AT2G38790	0	0	0	0	0	0
AT2G38800	2192	2234	1833	1677	1500	1591
AT2G38810	77	55	42	59	49	47
AT2G38820	156	174	148	200	160	185
AT2G38823	47	178	55	15	27	92
AT2G38830	47	53	51	68	52	55
AT2G38840	386	343	329	322	320	309
AT2G38860	1617	1913	1752	1211	1754	1379
AT2G38870	534	936	607	832	814	1004
AT2G38880	163	183	137	145	135	139
AT2G38890	0	0	0	0	1	0
AT2G38900	0	0	0	0	0	0
AT2G38905	0	0	0	0	0	0
AT2G38910	0	0	0	0	0	0
AT2G38920	4	3	6	3	5	9
AT2G38940	3086	3592	2543	1165	1425	1959
AT2G38950	571	577	527	535	566	512
AT2G38960	272	258	260	225	236	190
AT2G38970	201	249	236	263	277	229
AT2G38995	18	31	21	26	33	36
AT2G39000	284	283	271	291	283	237
AT2G39010	1615	2060	1608	1660	1677	1708
AT2G39020	350	302	295	297	301	279
AT2G39030	171	57	67	2	12	189
AT2G39040	69	34	62	71	32	25
AT2G39050	361	279	259	177	161	265
AT2G39060	0	0	0	0	0	0
AT2G39080	775	849	767	819	868	826
AT2G39090	266	266	251	269	270	229
AT2G39100	115	121	106	91	104	111
AT2G39110	243	227	211	232	241	204
AT2G39120	23	17	21	33	24	20
AT2G39130	450	424	411	446	391	418
AT2G39140	393	423	387	444	396	399
AT2G39160	0	0	0	0	0	0
AT2G39170	295	263	229	238	240	216
AT2G39175	1	3	1	0	2	0
AT2G39180	131	98	124	77	83	90
AT2G39190	1182	1270	1031	1259	1133	995
AT2G39200	273	476	414	304	406	349
AT2G39210	1218	1866	1516	341	709	616
AT2G39220	137	138	125	142	99	106
AT2G39230	29	25	20	26	34	30
AT2G39240	7	8	7	4	8	10
AT2G39250	162	125	58	162	145	130
AT2G39260	1090	1207	1046	956	958	927
AT2G39270	284	343	252	169	199	207
AT2G39280	652	681	620	645	636	589
AT2G39290	264	269	259	297	260	265
AT2G39300	173	134	180	165	127	134
AT2G39310	2690	3589	2775	3234	2636	3587
AT2G39320	3	3	3	5	1	0
AT2G39330	350	448	235	100	119	1497
AT2G39340	1018	1100	937	815	816	781
AT2G39350	207	285	209	202	184	182
AT2G39355	0	0	0	0	0	0
AT2G39360	423	466	419	195	218	248
AT2G39370	34	24	39	18	31	27
AT2G39375	0	0	0	0	1	0
AT2G39380	1	0	0	0	0	0
AT2G39390	1164	1211	1232	1160	1109	1004
AT2G39400	629	898	844	655	725	733
AT2G39410	55	46	45	25	46	51
AT2G39415	0	0	2	0	0	0
AT2G39420	576	438	379	242	243	335
AT2G39430	221	169	177	138	110	91
AT2G39435	108	89	92	73	66	85
AT2G39440	59	48	45	43	45	42
AT2G39445	48	38	28	37	36	31
AT2G39450	494	431	421	444	410	356
AT2G39460	2844	2445	2743	2836	2640	2466
AT2G39470	1283	1256	917	1207	1130	929
AT2G39480	714	814	629	555	631	629
AT2G39490	8	3	4	1	2	1
AT2G39500	100	89	104	97	98	97
AT2G39510	137	255	191	90	62	99
AT2G39518	115	100	78	55	80	94
AT2G39520	0	0	0	0	0	0
AT2G39530	131	97	70	38	60	63
AT2G39540	0	0	0	0	0	0
AT2G39550	330	298	351	241	314	287
AT2G39560	30	17	18	29	14	15
AT2G39570	1914	2109	1953	1382	1836	1675
AT2G39580	1220	1264	1116	1227	1121	1155
AT2G39590	0	0	0	0	0	0
AT2G39600	0	0	0	0	0	0
AT2G39610	0	0	0	0	0	0
AT2G39620	9	9	9	17	13	14
AT2G39630	359	425	343	340	391	319
AT2G39640	0	0	0	0	0	0
AT2G39650	140	278	145	125	126	167
AT2G39660	500	614	562	425	457	508
AT2G39670	750	764	733	847	815	740
AT2G39675	108	111	81	94	107	106
AT2G39681	141	105	93	124	95	85
AT2G39690	99	85	80	98	81	79
AT2G39700	923	1400	1171	1145	1155	989
AT2G39705	256	198	197	229	209	164
AT2G39710	133	123	107	94	108	116
AT2G39720	511	507	471	463	476	432
AT2G39725	53	56	59	39	42	58
AT2G39730	52682	45980	37488	27392	25969	22312
AT2G39740	325	324	263	199	210	204
AT2G39750	580	649	535	532	530	493
AT2G39760	585	601	495	508	460	449
AT2G39770	2574	2821	2249	1561	1697	1891
AT2G39780	1330	1322	1137	819	780	916
AT2G39782	0	0	0	0	0	0
AT2G39790	0	1	0	1	0	1
AT2G39795	202	176	195	195	185	166
AT2G39800	2050	2650	1209	1174	1140	1715
AT2G39805	262	267	212	219	215	233
AT2G39810	644	642	646	585	517	548
AT2G39820	5	8	2	0	1	0
AT2G39830	78	85	70	71	55	73
AT2G39840	285	261	223	250	244	232
AT2G39850	466	669	384	618	559	582
AT2G39851	0	0	0	0	1	0
AT2G39855	1	2	1	2	0	1
AT2G39860	0	0	0	0	0	0
AT2G39865	0	0	0	0	0	0
AT2G39870	415	603	505	416	538	542
AT2G39880	25	19	16	17	8	21
AT2G39885	0	2	0	0	2	1
AT2G39890	300	337	259	266	264	317
AT2G39900	500	529	450	567	501	437
AT2G39910	78	77	65	53	68	69
AT2G39920	92	108	94	147	128	106
AT2G39930	717	847	758	905	904	832
AT2G39940	547	576	526	493	455	410
AT2G39950	513	499	477	408	439	423
AT2G39960	628	627	586	515	550	491
AT2G39970	952	1008	948	825	920	906
AT2G39975	0	0	0	0	0	0
AT2G39980	495	374	401	532	376	419
AT2G39990	829	850	742	739	757	698
AT2G40000	5634	8321	5025	3242	3961	5619
AT2G40004	0	0	0	0	0	0
AT2G40008	0	0	0	0	0	0
AT2G40010	103	64	80	54	72	66
AT2G40020	172	239	198	202	162	182
AT2G40030	285	258	261	247	240	232
AT2G40050	1	5	2	4	2	3
AT2G40060	1239	1343	1263	1308	1161	1118
AT2G40070	519	570	547	539	461	469
AT2G40080	831	795	627	685	582	535
AT2G40085	43	43	36	53	33	38
AT2G40090	169	202	186	195	195	171
AT2G40095	145	194	140	87	118	131
AT2G40100	305	236	161	214	205	185
AT2G40110	498	458	486	295	257	294
AT2G40113	112	84	69	66	56	44
AT2G40116	0	1	1	0	0	0
AT2G40120	110	89	97	94	94	86
AT2G40130	135	109	105	101	89	57
AT2G40140	1664	2750	1613	1148	1183	1325
AT2G40150	174	194	181	129	136	129
AT2G40160	30	44	26	45	34	31
AT2G40165	0	0	0	0	0	0
AT2G40170	8	4	4	4	3	1
AT2G40180	22	29	29	14	11	15
AT2G40190	152	185	145	165	160	157
AT2G40200	21	10	16	12	14	10
AT2G40205	44	33	40	25	19	29
AT2G40210	0	0	0	0	0	0
AT2G40220	0	0	0	0	0	0
AT2G40230	95	100	89	115	119	109
AT2G40240	27	34	22	21	37	28
AT2G40250	0	0	1	1	1	0
AT2G40260	267	252	218	172	191	209
AT2G40270	657	925	668	416	559	629
AT2G40280	366	400	335	343	360	361
AT2G40290	999	1080	988	1068	1040	889
AT2G40300	1063	1028	959	835	880	886
AT2G40310	0	0	0	0	0	0
AT2G40316	315	308	263	287	272	264
AT2G40320	126	96	88	73	54	48
AT2G40330	173	199	257	182	274	235
AT2G40340	85	120	82	64	72	86
AT2G40350	7	12	11	5	7	5
AT2G40360	1712	1810	1753	1653	1779	1633
AT2G40370	165	195	175	163	185	159
AT2G40380	248	277	220	221	230	249
AT2G40390	181	134	149	105	121	120
AT2G40400	758	665	583	498	420	428
AT2G40410	434	421	405	355	416	398
AT2G40420	120	140	153	112	124	123
AT2G40430	833	972	893	807	793	825
AT2G40435	16	30	15	22	16	24
AT2G40440	0	0	0	0	0	0
AT2G40450	0	2	0	2	0	2
AT2G40460	410	477	293	281	254	326
AT2G40470	27	35	22	17	15	10
AT2G40475	108	78	94	137	90	82
AT2G40480	209	232	239	267	276	242
AT2G40490	1444	1536	1353	1605	1543	1556
AT2G40500	0	0	1	0	0	0
AT2G40510	979	954	944	995	880	806
AT2G40520	109	108	83	42	41	42
AT2G40530	24	36	22	32	27	30
AT2G40540	635	632	493	644	589	535
AT2G40550	204	195	179	187	180	173
AT2G40560	0	0	0	0	0	0
AT2G40570	132	119	131	162	148	133
AT2G40580	0	0	0	0	0	0
AT2G40590	583	507	522	524	509	453
AT2G40600	518	628	503	379	409	355
AT2G40610	389	399	276	463	363	270
AT2G40620	341	307	319	311	275	240
AT2G40630	148	172	146	136	114	131
AT2G40640	150	156	145	184	190	157
AT2G40650	587	573	613	537	525	498
AT2G40660	595	606	596	668	636	631
AT2G40670	58	48	45	33	24	42
AT2G40690	154	117	137	158	136	132
AT2G40700	275	319	270	291	285	272
AT2G40710	2	3	2	4	3	1
AT2G40711	25	15	24	38	33	26
AT2G40715	7	7	3	4	6	2
AT2G40720	25	35	30	35	34	22
AT2G40730	1094	1228	1125	1006	985	918
AT2G40740	19	26	16	9	17	13
AT2G40745	0	0	0	0	0	0
AT2G40750	331	549	266	74	198	211
AT2G40760	217	273	230	261	244	220
AT2G40765	281	263	249	205	192	224
AT2G40770	396	390	333	345	328	287
AT2G40780	64	59	65	56	61	47
AT2G40790	4	3	5	0	3	3
AT2G40800	441	411	389	372	351	353
AT2G40805	1	0	0	0	0	0
AT2G40810	121	113	97	73	83	90
AT2G40815	66	105	81	89	104	85
AT2G40820	436	354	340	437	350	323
AT2G40830	504	507	416	326	311	336
AT2G40840	3548	4761	3567	4202	3652	3524
AT2G40850	27	26	23	23	24	26
AT2G40860	248	284	234	246	254	217
AT2G40880	569	746	623	542	551	574
AT2G40890	1297	1167	1101	1070	1021	893
AT2G40900	567	358	423	312	243	253
AT2G40910	1	0	1	1	0	1
AT2G40920	182	184	162	205	167	159
AT2G40925	0	0	1	0	1	0
AT2G40930	465	475	405	416	431	365
AT2G40935	43	55	52	55	62	65
AT2G40940	2010	2071	1970	1745	1767	1789
AT2G40950	523	640	553	444	496	463
AT2G40955	1	0	0	2	1	0
AT2G40960	140	141	123	211	162	145
AT2G40970	244	241	273	290	267	245
AT2G40980	274	291	270	247	200	237
AT2G40990	0	0	0	0	0	0
AT2G40995	0	0	0	0	0	0
AT2G41000	235	176	144	147	139	131
AT2G41010	134	186	169	96	93	144
AT2G41020	208	241	200	213	224	219
AT2G41040	149	127	102	101	135	111
AT2G41050	92	94	73	87	117	103
AT2G41060	545	542	464	474	452	406
AT2G41070	173	194	174	137	156	174
AT2G41080	120	149	123	114	115	111
AT2G41082	9	7	5	5	8	10
AT2G41090	5395	6779	4574	1566	3173	3035
AT2G41100	3240	6849	4549	2520	4419	5080
AT2G41105	3	7	2	0	1	1
AT2G41110	346	297	302	204	204	199
AT2G41120	131	147	111	82	105	89
AT2G41130	106	120	97	107	93	101
AT2G41140	793	797	624	563	600	561
AT2G41150	149	142	139	141	147	121
AT2G41160	461	509	448	422	469	393
AT2G41170	139	127	133	135	138	138
AT2G41178	2	1	1	1	1	0
AT2G41180	0	0	0	0	0	0
AT2G41190	68	72	42	65	53	65
AT2G41200	45	45	39	44	45	33
AT2G41210	86	88	71	82	82	89
AT2G41220	2813	2512	2470	2375	2555	2262
AT2G41225	0	0	0	0	0	0
AT2G41230	28	41	38	22	24	32
AT2G41231	0	0	0	0	0	0
AT2G41240	0	1	1	0	0	0
AT2G41250	357	368	346	170	213	208
AT2G41260	0	2	1	1	6	3
AT2G41280	0	1	0	0	0	2
AT2G41290	80	82	63	39	47	47
AT2G41300	45	49	46	45	34	28
AT2G41310	423	371	340	367	293	282
AT2G41312	12	13	9	14	10	7
AT2G41330	33	28	26	25	28	32
AT2G41340	56	51	48	52	45	48
AT2G41342	0	0	0	0	0	0
AT2G41350	240	248	216	235	182	191
AT2G41355	0	0	0	0	0	0
AT2G41360	0	0	0	1	0	0
AT2G41370	202	178	185	190	185	146
AT2G41375	0	0	0	0	0	0
AT2G41380	1047	974	812	742	770	854
AT2G41390	0	0	0	0	0	0
AT2G41400	0	0	0	0	0	0
AT2G41410	2192	2955	2465	1568	2217	2378
AT2G41415	0	0	0	0	0	0
AT2G41417	0	0	0	0	0	0
AT2G41420	887	1181	911	842	1024	1110
AT2G41430	8113	12281	9861	9749	10942	11546
AT2G41440	115	135	131	112	117	119
AT2G41445	0	2	1	1	1	0
AT2G41450	25	19	28	26	21	33
AT2G41451	2	2	0	0	0	3
AT2G41460	167	170	163	147	144	133
AT2G41470	3	1	2	1	2	2
AT2G41473	0	0	0	0	0	0
AT2G41475	647	639	515	503	497	632
AT2G41480	56	27	33	104	64	115
AT2G41490	219	224	201	175	171	198
AT2G41500	314	338	272	307	315	278
AT2G41505	28	33	23	7	13	12
AT2G41510	42	45	32	38	36	32
AT2G41515	0	0	0	0	0	0
AT2G41520	522	477	434	437	401	412
AT2G41530	1728	1884	1609	1578	1633	1542
AT2G41540	461	497	469	555	483	445
AT2G41550	65	72	71	103	89	85
AT2G41560	1850	1980	2234	2625	2543	2267
AT2G41590	2	0	1	2	0	0
AT2G41600	220	220	210	181	185	191
AT2G41610	1	2	0	4	1	2
AT2G41616	0	0	0	0	0	0
AT2G41620	712	718	617	733	640	688
AT2G41630	840	952	811	741	806	744
AT2G41640	251	507	297	78	95	150
AT2G41650	473	386	465	458	377	392
AT2G41660	526	504	419	445	418	377
AT2G41670	67	64	60	72	85	68
AT2G41680	1582	1601	1406	1723	1583	1497
AT2G41690	32	33	26	15	25	21
AT2G41700	989	889	971	819	1033	805
AT2G41705	245	194	214	239	225	179
AT2G41710	491	561	514	460	429	441
AT2G41720	441	395	378	433	396	345
AT2G41730	259	639	226	60	141	288
AT2G41740	2054	1947	1778	1624	1724	1614
AT2G41750	1	4	0	2	0	1
AT2G41760	152	186	191	191	184	174
AT2G41770	331	325	324	289	280	262
AT2G41780	120	113	98	74	77	68
AT2G41790	1709	1775	1504	1356	1324	1387
AT2G41800	209	197	178	144	141	115
AT2G41810	3	3	4	2	1	4
AT2G41820	427	414	356	525	436	382
AT2G41830	258	229	220	217	207	171
AT2G41835	131	196	121	63	98	107
AT2G41840	5551	4953	5482	5595	4972	4640
AT2G41850	222	321	180	2	5	96
AT2G41860	0	0	2	0	1	0
AT2G41870	209	289	205	146	170	214
AT2G41880	383	495	447	305	392	316
AT2G41890	190	260	215	259	261	248
AT2G41900	1654	1584	1414	1257	1227	1271
AT2G41905	8	11	4	9	3	13
AT2G41910	0	0	0	0	0	0
AT2G41920	0	0	0	0	0	0
AT2G41930	0	0	0	0	0	1
AT2G41940	229	167	204	172	174	141
AT2G41945	84	133	99	109	101	88
AT2G41950	173	145	145	183	156	148
AT2G41960	801	837	779	741	747	691
AT2G41970	107	57	78	66	37	29
AT2G41980	239	221	185	243	229	232
AT2G41990	38	25	43	55	46	44
AT2G41997	0	0	0	0	0	0
AT2G42000	0	0	0	0	0	0
AT2G42005	4	0	2	5	3	2
AT2G42010	584	709	586	477	539	586
AT2G42020	0	0	0	0	0	0
AT2G42030	471	500	472	391	426	453
AT2G42040	142	157	173	164	187	169
AT2G42060	20	17	30	21	25	23
AT2G42065	5	9	4	2	0	6
AT2G42070	323	320	278	313	310	284
AT2G42080	139	171	123	139	123	126
AT2G42090	0	0	0	1	0	0
AT2G42100	0	0	0	0	0	0
AT2G42110	41	59	49	50	37	40
AT2G42120	122	143	117	107	113	95
AT2G42130	446	437	359	432	416	387
AT2G42140	16	9	9	3	2	5
AT2G42150	10	9	8	5	4	5
AT2G42160	383	497	387	380	398	418
AT2G42170	51	62	49	131	104	93
AT2G42180	0	0	0	0	0	0
AT2G42190	267	327	319	312	338	313
AT2G42200	95	98	82	129	91	86
AT2G42210	1286	1411	1226	1181	1146	1076
AT2G42220	1937	2820	2156	2605	2612	2410
AT2G42230	491	438	390	430	371	370
AT2G42240	165	126	123	138	101	119
AT2G42247	8	12	5	18	14	11
AT2G42250	0	0	0	0	0	1
AT2G42260	43	27	25	45	28	25
AT2G42270	1168	1006	863	891	849	773
AT2G42280	196	195	208	178	184	174
AT2G42290	121	137	108	132	125	97
AT2G42300	285	325	319	345	319	300
AT2G42310	447	420	414	402	383	381
AT2G42320	349	388	389	536	501	459
AT2G42330	413	427	349	351	314	308
AT2G42340	4	1	5	2	5	5
AT2G42350	127	90	78	54	87	77
AT2G42360	0	0	0	0	0	0
AT2G42365	39	42	36	34	30	28
AT2G42370	0	0	0	0	0	0
AT2G42380	149	167	128	201	185	198
AT2G42388	3	5	10	5	5	2
AT2G42390	290	294	230	215	184	212
AT2G42395	18	11	13	8	20	24
AT2G42400	382	378	327	326	296	311
AT2G42410	1	0	0	0	0	0
AT2G42420	0	0	0	0	0	0
AT2G42425	0	0	0	0	0	0
AT2G42430	26	16	20	22	11	23
AT2G42440	11	6	11	5	3	5
AT2G42450	104	104	94	103	108	98
AT2G42455	0	0	0	0	0	0
AT2G42460	0	0	0	0	0	0
AT2G42465	0	0	0	0	0	0
AT2G42470	0	0	0	0	0	0
AT2G42475	0	0	0	0	1	0
AT2G42480	1	2	0	0	0	2
AT2G42485	41	31	35	48	40	47
AT2G42490	1956	1854	1818	1747	1692	1520
AT2G42500	1184	1164	1030	1056	983	996
AT2G42510	36	33	36	34	20	31
AT2G42520	723	750	695	652	664	646
AT2G42530	780	1541	499	462	615	502
AT2G42540	743	1649	296	87	226	197
AT2G42550	0	0	0	0	0	0
AT2G42560	0	1	0	0	0	0
AT2G42570	365	313	293	285	247	223
AT2G42580	475	521	507	459	497	481
AT2G42590	1989	2108	1858	2180	2132	1907
AT2G42600	4879	5401	4077	4459	3857	3701
AT2G42610	452	345	329	439	512	439
AT2G42620	606	539	616	590	473	470
AT2G42640	79	85	99	111	106	92
AT2G42650	86	82	65	74	50	66
AT2G42660	49	36	33	17	28	32
AT2G42670	247	258	237	232	203	190
AT2G42680	1240	1378	1116	1088	1010	1063
AT2G42690	1867	2154	1532	1052	1118	1109
AT2G42700	325	354	317	300	319	291
AT2G42710	336	399	395	361	377	394
AT2G42720	6	7	3	12	11	7
AT2G42725	0	0	0	0	0	0
AT2G42730	30	32	22	43	43	25
AT2G42740	106	101	110	126	114	105
AT2G42750	773	849	679	709	666	579
AT2G42760	101	196	191	116	129	183
AT2G42770	229	187	176	230	215	174
AT2G42780	550	563	472	508	438	475
AT2G42790	1050	1103	916	788	887	927
AT2G42800	62	48	52	56	53	38
AT2G42810	884	889	831	737	807	751
AT2G42820	25	24	17	23	18	14
AT2G42830	2	0	2	2	3	5
AT2G42835	0	0	0	0	0	0
AT2G42840	1535	1630	1572	2258	1951	2037
AT2G42850	211	105	125	124	92	60
AT2G42860	5	2	6	5	4	2
AT2G42865	29	36	38	25	32	34
AT2G42870	80	89	72	131	157	129
AT2G42880	1507	1560	1424	1536	1419	1320
AT2G42885	0	0	0	0	0	0
AT2G42890	800	739	612	542	568	640
AT2G42900	31	41	31	77	51	61
AT2G42910	716	789	667	667	696	607
AT2G42920	132	139	147	167	163	180
AT2G42930	0	0	0	0	0	0
AT2G42940	0	1	1	1	2	0
AT2G42950	111	138	103	82	105	97
AT2G42955	1	4	3	1	4	5
AT2G42960	128	140	135	145	142	132
AT2G42970	0	0	0	0	0	0
AT2G42975	162	127	146	78	62	57
AT2G42980	20	13	16	10	14	8
AT2G42990	6	6	2	7	5	5
AT2G43000	104	101	89	81	116	114
AT2G43010	452	832	536	832	812	858
AT2G43020	695	757	532	607	618	623
AT2G43030	3043	3143	2653	3481	3101	2965
AT2G43040	210	168	172	162	127	132
AT2G43050	46	30	34	37	16	15
AT2G43060	564	552	529	420	534	503
AT2G43070	503	488	364	405	375	372
AT2G43080	515	530	485	427	414	466
AT2G43090	1247	1165	1092	1117	1125	1029
AT2G43100	831	872	683	1027	955	994
AT2G43110	199	182	191	206	169	178
AT2G43120	197	135	120	100	128	129
AT2G43130	251	266	280	249	205	177
AT2G43137	0	0	0	1	1	0
AT2G43138	0	0	0	0	0	0
AT2G43139	0	0	0	0	0	0
AT2G43140	298	369	396	193	214	174
AT2G43141	0	0	0	0	0	0
AT2G43150	10217	6234	7167	5319	5137	5100
AT2G43160	3375	3495	3234	2598	2916	2739
AT2G43180	205	206	177	200	209	149
AT2G43190	86	78	72	94	81	77
AT2G43200	96	112	141	116	140	126
AT2G43210	546	579	486	483	485	448
AT2G43220	0	0	0	0	0	0
AT2G43230	20	24	15	8	7	18
AT2G43235	171	189	151	127	145	129
AT2G43240	153	152	137	132	139	156
AT2G43250	134	114	100	95	93	112
AT2G43255	0	0	0	0	0	0
AT2G43260	133	109	103	84	93	88
AT2G43261	0	0	0	0	0	0
AT2G43270	0	0	0	4	3	2
AT2G43280	96	81	85	87	71	85
AT2G43290	344	547	348	354	501	668
AT2G43300	0	0	0	0	0	0
AT2G43310	10	13	8	16	14	21
AT2G43320	253	312	234	184	221	234
AT2G43330	357	367	289	261	252	290
AT2G43340	267	247	209	178	171	157
AT2G43350	516	631	547	428	445	453
AT2G43360	536	494	501	589	522	448
AT2G43370	127	151	121	130	114	110
AT2G43375	42	51	36	49	35	42
AT2G43386	0	0	0	0	0	0
AT2G43390	20	37	26	33	26	30
AT2G43400	439	425	470	461	423	438
AT2G43410	702	624	574	654	569	507
AT2G43420	559	583	516	453	444	488
AT2G43430	342	371	328	336	338	343
AT2G43440	8	10	9	13	16	19
AT2G43445	20	22	21	36	25	25
AT2G43450	0	0	0	0	0	0
AT2G43460	926	775	854	921	782	727
AT2G43465	52	63	35	47	38	36
AT2G43470	9	6	4	7	7	7
AT2G43480	44	33	39	42	32	34
AT2G43490	437	393	429	375	350	380
AT2G43500	265	281	186	177	168	181
AT2G43510	2033	1839	1256	485	795	1442
AT2G43520	77	34	54	68	53	56
AT2G43530	750	719	463	296	292	812
AT2G43535	5951	6540	5490	2232	2155	4039
AT2G43540	196	189	174	139	149	166
AT2G43550	385	424	289	336	283	352
AT2G43560	907	1025	821	1046	1076	903
AT2G43570	535	527	328	88	218	270
AT2G43580	44	8	5	0	4	2
AT2G43590	1926	1011	1384	1413	1267	1195
AT2G43600	16	23	9	12	6	7
AT2G43610	1319	956	949	788	721	698
AT2G43620	397	1310	1921	1361	1162	1127
AT2G43630	624	731	650	634	658	616
AT2G43640	331	338	283	269	273	262
AT2G43650	749	750	747	786	793	727
AT2G43660	5	2	11	7	5	3
AT2G43670	22	34	25	29	19	15
AT2G43680	2357	2451	2238	2154	2022	2052
AT2G43690	31	37	34	35	45	31
AT2G43700	63	40	59	59	43	49
AT2G43710	2186	2267	2119	1785	1739	1671
AT2G43720	44	46	48	43	59	42
AT2G43730	3	1	0	0	0	0
AT2G43740	1	0	0	0	0	0
AT2G43745	2	3	5	5	4	5
AT2G43750	1494	1636	1397	1577	1469	1444
AT2G43760	363	353	384	395	331	363
AT2G43770	324	397	333	389	341	327
AT2G43780	157	158	157	142	168	134
AT2G43790	871	886	756	698	728	710
AT2G43795	0	0	0	0	0	1
AT2G43800	346	369	308	393	355	366
AT2G43810	365	368	334	313	333	304
AT2G43820	1075	1240	1211	523	899	946
AT2G43840	38	23	29	16	11	16
AT2G43850	266	277	234	233	224	242
AT2G43860	0	0	0	0	0	0
AT2G43865	1	1	0	0	0	0
AT2G43870	78	54	54	35	20	23
AT2G43880	65	36	33	27	23	24
AT2G43890	0	0	0	0	0	0
AT2G43900	317	320	304	329	305	292
AT2G43910	4458	4937	4643	4018	3524	3258
AT2G43920	590	448	383	228	188	302
AT2G43930	13	20	12	13	14	8
AT2G43940	178	161	171	132	140	145
AT2G43945	560	676	571	603	563	552
AT2G43950	468	532	489	456	488	469
AT2G43960	0	2	0	0	0	0
AT2G43970	11416	11672	10899	8529	8899	8859
AT2G43980	349	353	310	287	246	290
AT2G43990	42	42	28	54	35	41
AT2G44000	14	6	15	12	10	5
AT2G44010	133	116	111	56	88	88
AT2G44020	101	103	92	98	103	91
AT2G44030	0	0	0	0	0	0
AT2G44040	247	261	245	281	251	214
AT2G44050	746	785	778	786	714	751
AT2G44060	3177	3281	2908	2726	2732	2551
AT2G44065	370	407	358	363	366	354
AT2G44070	12	10	12	5	7	16
AT2G44080	913	1028	951	832	892	876
AT2G44090	704	723	582	635	665	522
AT2G44100	2198	2361	2211	2026	2098	1870
AT2G44110	291	157	180	115	75	69
AT2G44120	1954	1924	1817	1903	1766	1657
AT2G44130	0	0	0	0	0	0
AT2G44140	457	486	410	438	406	381
AT2G44150	234	264	248	229	229	217
AT2G44160	2045	2078	1912	1870	1761	1666
AT2G44175	0	0	0	0	0	0
AT2G44180	545	703	522	438	466	483
AT2G44190	44	34	55	56	43	42
AT2G44195	1	1	1	1	0	4
AT2G44198	0	0	0	0	0	0
AT2G44200	468	508	381	378	389	420
AT2G44210	1153	1393	1365	642	811	547
AT2G44220	0	0	0	0	0	0
AT2G44230	211	296	197	154	219	219
AT2G44240	2	9	5	1	1	12
AT2G44250	2	2	3	4	3	2
AT2G44255	0	0	0	0	0	0
AT2G44260	0	0	0	0	0	0
AT2G44270	322	318	308	284	293	297
AT2G44280	132	140	85	102	106	125
AT2G44290	474	597	355	133	231	317
AT2G44300	116	128	94	111	96	118
AT2G44310	701	722	698	596	696	591
AT2G44320	0	1	0	0	0	0
AT2G44330	0	0	0	0	0	0
AT2G44340	9	8	8	5	2	9
AT2G44350	2106	1856	1879	1626	1794	1664
AT2G44360	221	266	227	209	235	220
AT2G44370	51	115	157	107	155	158
AT2G44380	113	185	199	114	201	143
AT2G44390	10	11	8	8	9	8
AT2G44400	7	5	9	3	0	0
AT2G44410	451	541	467	437	425	478
AT2G44420	168	189	174	150	151	155
AT2G44430	564	566	483	373	334	407
AT2G44440	167	219	152	167	184	150
AT2G44450	387	329	337	204	212	215
AT2G44460	101	182	77	80	32	115
AT2G44470	0	0	0	0	2	0
AT2G44480	95	60	81	55	40	48
AT2G44490	3160	4841	4213	2897	3819	3606
AT2G44500	1024	1328	1069	518	678	852
AT2G44510	68	86	69	77	74	64
AT2G44520	569	603	492	506	426	468
AT2G44525	239	216	158	168	176	170
AT2G44530	634	795	654	635	622	645
AT2G44540	0	0	0	1	0	0
AT2G44550	0	0	0	0	0	0
AT2G44560	0	0	0	0	0	0
AT2G44570	32	29	27	39	18	28
AT2G44578	3	7	5	4	1	5
AT2G44580	60	64	50	57	51	49
AT2G44581	0	2	3	0	2	0
AT2G44590	1	2	3	1	2	0
AT2G44600	51	49	55	56	37	47
AT2G44610	1022	1049	1003	1012	936	946
AT2G44620	425	411	374	413	409	321
AT2G44630	10	23	10	18	20	20
AT2G44640	365	473	398	492	450	421
AT2G44650	616	581	579	656	580	547
AT2G44660	228	261	225	226	213	204
AT2G44670	697	626	617	603	663	534
AT2G44680	362	335	317	373	371	345
AT2G44690	22	25	25	12	23	20
AT2G44700	15	10	15	16	7	20
AT2G44710	823	823	728	690	665	687
AT2G44730	314	327	332	340	303	295
AT2G44735	23	19	18	24	14	15
AT2G44740	60	35	43	45	35	37
AT2G44745	16	13	2	12	13	14
AT2G44750	123	135	128	111	114	117
AT2G44760	516	566	533	560	545	582
AT2G44770	447	415	346	385	355	314
AT2G44790	1252	1037	1146	1109	1209	1017
AT2G44798	30	85	47	22	44	27
AT2G44800	0	0	0	0	0	0
AT2G44810	0	0	0	0	0	0
AT2G44820	212	243	229	176	228	210
AT2G44830	208	221	214	301	231	212
AT2G44840	65	143	82	42	29	76
AT2G44850	58	54	65	57	54	58
AT2G44860	716	716	661	733	649	702
AT2G44870	792	768	675	781	730	713
AT2G44880	26	31	34	36	28	35
AT2G44890	0	1	0	0	0	0
AT2G44900	470	413	395	370	382	351
AT2G44910	7	17	12	28	13	16
AT2G44920	470	459	403	532	518	407
AT2G44925	0	0	0	0	0	0
AT2G44930	8	21	7	26	19	22
AT2G44940	202	142	128	122	93	97
AT2G44950	558	701	564	511	544	568
AT2G44970	581	614	521	447	428	494
AT2G44980	217	253	238	165	211	157
AT2G44990	1	3	2	2	0	0
AT2G44993	0	0	0	0	0	0
AT2G44995	0	1	1	0	0	3
AT2G45000	250	288	250	265	296	233
AT2G45010	335	389	356	302	284	287
AT2G45020	0	0	0	0	0	0
AT2G45023	51	39	38	33	28	31
AT2G45030	524	578	483	519	526	460
AT2G45040	24	16	21	19	14	14
AT2G45050	163	162	176	208	135	114
AT2G45060	357	336	309	311	266	255
AT2G45070	1314	1359	1219	1143	1109	1062
AT2G45080	16	21	17	13	11	13
AT2G45100	100	111	107	109	148	122
AT2G45110	0	0	0	0	0	0
AT2G45120	51	45	37	32	31	26
AT2G45130	1281	1263	962	207	276	564
AT2G45135	280	237	208	63	64	113
AT2G45140	666	612	623	562	606	554
AT2G45150	122	129	112	141	131	109
AT2G45160	656	602	561	537	489	437
AT2G45170	612	617	570	459	491	468
AT2G45180	3856	3596	6192	4999	5889	4527
AT2G45190	171	197	188	333	265	246
AT2G45200	379	463	344	385	368	386
AT2G45210	187	180	179	113	138	146
AT2G45220	2835	2571	2343	819	1552	1764
AT2G45240	514	584	452	473	488	455
AT2G45243	0	1	0	0	0	0
AT2G45245	10	12	7	18	12	13
AT2G45250	275	330	259	270	273	238
AT2G45260	200	212	165	209	203	192
AT2G45270	247	211	215	244	251	224
AT2G45280	74	81	86	101	79	73
AT2G45290	956	1020	1003	843	881	871
AT2G45300	1009	965	871	815	828	821
AT2G45310	0	0	0	0	0	0
AT2G45315	0	0	0	0	0	0
AT2G45320	59	62	56	54	64	50
AT2G45330	306	303	246	265	279	260
AT2G45340	449	416	359	480	425	446
AT2G45350	21	15	15	18	21	14
AT2G45360	4	3	4	3	3	5
AT2G45380	526	531	508	518	468	519
AT2G45390	0	0	0	0	0	0
AT2G45400	218	171	218	188	176	177
AT2G45403	0	0	0	0	0	0
AT2G45405	0	0	0	0	0	0
AT2G45406	0	0	0	0	0	0
AT2G45410	2	3	5	2	5	5
AT2G45420	9	3	14	8	4	7
AT2G45430	239	186	212	188	174	150
AT2G45440	604	544	517	521	519	469
AT2G45450	109	100	96	112	112	110
AT2G45460	252	235	198	185	193	169
AT2G45470	1305	1140	1070	1350	1084	1017
AT2G45480	27	28	16	42	25	23
AT2G45490	48	34	52	37	39	23
AT2G45500	243	242	188	164	146	179
AT2G45510	774	911	794	469	566	586
AT2G45520	270	254	230	226	203	186
AT2G45530	65	64	61	51	52	71
AT2G45540	2390	1979	1888	1879	1858	1739
AT2G45550	6	0	2	0	0	0
AT2G45560	671	711	575	596	461	373
AT2G45570	206	230	124	9	23	55
AT2G45580	12	6	4	0	0	0
AT2G45590	443	414	383	480	383	438
AT2G45600	56	65	49	63	55	68
AT2G45610	0	0	1	1	0	1
AT2G45620	1203	1217	1193	1093	1103	1026
AT2G45630	81	101	93	102	53	83
AT2G45640	420	409	390	349	363	335
AT2G45650	0	2	0	1	3	6
AT2G45660	396	393	392	452	580	609
AT2G45670	1341	1258	1158	1048	1045	954
AT2G45680	0	0	0	0	0	0
AT2G45685	0	2	0	0	0	1
AT2G45690	172	201	158	150	157	135
AT2G45695	126	131	129	110	136	128
AT2G45700	377	399	385	348	339	320
AT2G45710	195	160	193	182	180	174
AT2G45720	170	160	153	177	143	143
AT2G45730	355	383	355	438	389	370
AT2G45740	1431	1435	1202	1456	1356	1251
AT2G45750	306	237	259	245	220	157
AT2G45760	32	36	24	10	6	19
AT2G45770	571	587	558	622	557	506
AT2G45780	3	2	1	1	1	1
AT2G45790	1209	1245	1119	1018	1058	942
AT2G45800	0	0	0	0	0	0
AT2G45810	965	990	891	1013	911	947
AT2G45820	1699	1652	1503	1566	1402	1542
AT2G45830	168	146	177	137	137	164
AT2G45840	0	1	0	0	0	1
AT2G45850	252	249	265	294	275	286
AT2G45860	217	198	214	249	194	233
AT2G45870	41	39	33	52	23	39
AT2G45880	312	281	250	281	231	253
AT2G45890	107	91	72	47	44	35
AT2G45900	62	65	56	82	50	47
AT2G45910	1090	1084	962	755	763	835
AT2G45920	526	427	524	377	468	513
AT2G45930	7	14	15	3	9	12
AT2G45940	2	2	1	1	0	3
AT2G45950	313	311	267	231	239	213
AT2G45960	7305	6700	5710	4919	4281	4272
AT2G45970	419	466	365	383	462	406
AT2G45980	758	757	702	545	633	653
AT2G45990	594	647	512	518	569	530
AT2G46000	203	133	138	139	108	142
AT2G46020	2277	2207	2049	1903	1684	1846
AT2G46030	358	342	360	255	295	256
AT2G46040	90	91	74	83	83	65
AT2G46050	3	4	6	2	4	6
AT2G46060	280	313	255	275	274	274
AT2G46070	261	269	226	203	181	185
AT2G46080	480	492	407	308	333	312
AT2G46090	252	241	205	255	225	225
AT2G46100	583	666	490	499	508	517
AT2G46110	80	61	65	83	77	60
AT2G46120	0	0	0	0	0	0
AT2G46130	14	19	11	12	8	4
AT2G46140	407	242	252	271	205	224
AT2G46150	83	68	63	58	56	51
AT2G46160	43	41	27	41	47	49
AT2G46170	483	488	438	426	437	353
AT2G46180	454	575	464	492	459	430
AT2G46190	0	0	0	0	0	0
AT2G46192	6	2	9	5	6	1
AT2G46200	141	160	131	162	131	142
AT2G46210	0	0	0	0	0	0
AT2G46220	1731	2558	1843	1545	1699	1722
AT2G46225	483	566	483	502	484	462
AT2G46230	420	466	402	413	404	366
AT2G46240	302	281	232	251	209	228
AT2G46250	239	208	220	266	193	201
AT2G46255	0	0	0	0	0	0
AT2G46260	557	621	516	524	499	533
AT2G46270	420	406	307	230	186	254
AT2G46280	1675	1664	1557	1508	1465	1370
AT2G46290	70	88	82	67	75	75
AT2G46300	6	5	3	2	3	4
AT2G46308	0	0	0	0	0	1
AT2G46310	38	58	57	49	41	66
AT2G46320	200	184	172	190	156	158
AT2G46330	1121	1561	1330	1124	1196	1232
AT2G46340	2164	2130	1724	1108	1182	1082
AT2G46360	1	2	0	1	0	0
AT2G46370	1065	1060	960	880	744	822
AT2G46375	0	0	0	1	2	1
AT2G46380	83	70	53	74	50	59
AT2G46390	903	878	870	783	800	779
AT2G46400	130	289	113	30	39	106
AT2G46410	61	48	43	41	51	39
AT2G46420	478	536	478	430	461	425
AT2G46430	718	1002	650	252	373	394
AT2G46440	556	625	472	109	259	189
AT2G46450	1073	1184	895	473	650	610
AT2G46455	8	11	8	10	8	11
AT2G46460	0	0	0	0	0	0
AT2G46470	353	364	322	335	334	330
AT2G46480	3	3	2	2	1	2
AT2G46490	575	643	561	539	486	390
AT2G46493	0	0	0	0	0	0
AT2G46494	0	0	0	1	1	0
AT2G46495	5	6	9	8	16	7
AT2G46500	1190	1400	1123	824	963	1051
AT2G46505	718	733	680	643	590	609
AT2G46510	385	589	409	293	427	635
AT2G46520	613	623	573	548	610	562
AT2G46530	304	356	255	282	271	282
AT2G46535	293	303	266	277	230	232
AT2G46540	359	405	331	326	280	292
AT2G46550	933	1138	1052	1097	1099	1021
AT2G46560	1341	1216	1166	1168	1141	1086
AT2G46567	0	0	0	0	0	0
AT2G46570	12	15	6	12	7	11
AT2G46572	4	0	1	2	0	0
AT2G46580	253	237	224	217	217	242
AT2G46590	244	226	214	226	188	178
AT2G46600	786	955	722	570	705	706
AT2G46610	102	118	109	101	97	121
AT2G46620	255	357	245	157	181	228
AT2G46630	191	228	249	293	192	210
AT2G46640	157	138	147	120	99	127
AT2G46650	990	1015	791	750	721	825
AT2G46660	29	28	30	33	17	16
AT2G46670	0	1	0	0	0	0
AT2G46680	775	691	640	246	371	494
AT2G46685	1	2	3	0	0	4
AT2G46690	334	330	276	285	307	267
AT2G46700	290	276	261	241	261	220
AT2G46710	320	340	293	383	330	313
AT2G46720	60	66	48	58	48	44
AT2G46735	166	169	151	84	104	84
AT2G46740	301	252	195	213	207	163
AT2G46750	1061	666	908	570	618	783
AT2G46760	26	31	29	31	20	14
AT2G46765	0	0	0	1	0	0
AT2G46770	2	0	1	2	0	1
AT2G46780	178	162	175	153	119	176
AT2G46790	100	104	67	24	21	19
AT2G46800	1090	1095	1048	955	896	850
AT2G46810	201	223	213	194	173	180
AT2G46820	5223	6325	4674	6256	5937	5401
AT2G46830	253	275	196	72	112	126
AT2G46840	4	3	3	4	1	2
AT2G46850	21	15	31	16	18	27
AT2G46860	242	129	140	83	54	55
AT2G46870	115	129	101	149	128	122
AT2G46880	310	414	201	142	101	272
AT2G46890	199	196	205	218	205	167
AT2G46900	579	684	604	580	615	576
AT2G46910	314	331	255	390	322	287
AT2G46915	482	559	406	480	381	401
AT2G46920	384	395	363	400	377	373
AT2G46930	431	456	379	385	417	378
AT2G46940	79	113	67	37	45	59
AT2G46950	16	13	16	9	10	13
AT2G46960	0	1	0	0	0	0
AT2G46970	11	16	4	14	15	14
AT2G46980	170	191	161	144	133	144
AT2G46990	1	3	5	4	3	2
AT2G46995	0	0	1	0	0	0
AT2G47000	3092	3481	2410	1324	1506	2026
AT2G47010	268	309	275	151	157	167
AT2G47015	0	0	0	0	0	0
AT2G47020	212	227	201	180	196	204
AT2G47030	0	0	0	0	0	0
AT2G47040	0	0	0	0	0	0
AT2G47050	2	4	1	3	0	0
AT2G47060	434	687	496	463	574	572
AT2G47070	1461	1834	1363	1420	1531	1528
AT2G47090	169	178	169	193	136	168
AT2G47100	0	0	0	0	0	0
AT2G47110	3467	3149	3233	3503	2990	2934
AT2G47115	0	0	0	0	0	0
AT2G47120	0	0	0	0	0	0
AT2G47130	339	460	312	166	197	259
AT2G47140	86	62	69	62	41	37
AT2G47150	0	2	1	0	0	1
AT2G47160	698	462	472	379	383	379
AT2G47170	2631	2605	2477	2385	2317	2179
AT2G47180	489	361	316	176	168	300
AT2G47190	120	114	92	9	18	41
AT2G47200	0	0	0	0	0	1
AT2G47210	589	614	558	515	467	474
AT2G47220	115	107	107	137	114	105
AT2G47230	99	124	89	143	134	126
AT2G47240	1373	1630	1698	2027	2044	1672
AT2G47245	0	1	1	1	0	1
AT2G47250	793	778	766	766	791	667
AT2G47260	58	87	78	75	88	70
AT2G47270	170	94	108	138	90	94
AT2G47275	1	0	1	0	0	1
AT2G47280	0	0	0	0	0	0
AT2G47300	58	60	41	72	55	61
AT2G47310	116	127	105	146	115	128
AT2G47320	789	774	686	687	642	694
AT2G47330	498	445	431	410	417	383
AT2G47340	0	0	2	1	0	0
AT2G47350	254	217	189	227	180	189
AT2G47360	94	60	65	42	42	40
AT2G47370	53	34	38	18	31	25
AT2G47380	297	269	234	208	190	194
AT2G47390	3147	3357	2789	2927	2830	2723
AT2G47400	4465	5248	4255	5460	5070	4709
AT2G47410	850	932	824	773	688	781
AT2G47420	439	442	431	425	445	460
AT2G47430	0	0	1	0	1	0
AT2G47440	299	484	384	255	381	524
AT2G47450	1969	2098	1921	1735	1875	1643
AT2G47460	210	171	125	136	105	95
AT2G47470	2815	3335	2902	2420	2521	2520
AT2G47480	2	0	0	1	2	1
AT2G47485	75	78	63	79	78	65
AT2G47490	348	313	318	233	207	188
AT2G47500	522	465	455	525	461	404
AT2G47510	1867	1685	1688	1605	1563	1467
AT2G47520	32	112	66	19	48	39
AT2G47530	67	49	61	53	27	26
AT2G47540	220	203	182	158	147	116
AT2G47550	134	124	164	186	243	246
AT2G47560	20	85	56	53	57	59
AT2G47570	0	0	0	0	1	0
AT2G47580	343	366	273	319	295	253
AT2G47585	1	0	0	0	0	0
AT2G47590	2305	2524	2065	2416	2362	2192
AT2G47600	521	542	477	500	537	553
AT2G47610	4396	4146	4361	4680	4097	4102
AT2G47620	266	241	223	269	283	256
AT2G47630	232	286	240	283	253	250
AT2G47640	338	384	388	343	328	319
AT2G47650	2018	1829	1709	1547	1513	1336
AT2G47670	13	14	12	15	10	10
AT2G47680	197	292	203	172	192	211
AT2G47690	289	261	281	282	229	260
AT2G47700	517	522	481	524	473	460
AT2G47710	862	885	692	571	508	544
AT2G47720	0	0	0	0	0	0
AT2G47730	5655	6713	5536	4487	5138	4579
AT2G47740	0	0	0	0	0	0
AT2G47750	47	52	40	52	46	48
AT2G47760	268	247	209	236	226	247
AT2G47770	2	2	1	1	0	2
AT2G47780	9	10	4	13	8	11
AT2G47790	293	358	290	303	305	327
AT2G47800	1504	1231	1051	796	934	939
AT2G47810	3	7	4	3	3	4
AT2G47820	73	57	64	61	48	54
AT2G47830	303	253	256	256	233	217
AT2G47840	286	266	242	270	270	222
AT2G47844	2	2	1	2	1	1
AT2G47850	526	575	433	519	433	400
AT2G47860	188	134	150	132	107	136
AT2G47870	5	3	2	0	0	2
AT2G47880	99	108	104	124	66	81
AT2G47885	0	0	0	0	0	0
AT2G47890	713	713	631	589	570	558
AT2G47895	3	1	3	3	2	2
AT2G47900	601	568	529	588	540	518
AT2G47910	293	282	271	316	323	274
AT2G47920	27	22	21	38	29	29
AT2G47930	9	6	5	16	10	8
AT2G47935	1	0	0	1	0	1
AT2G47940	1844	1989	1651	2248	2056	1827
AT2G47950	9	24	9	5	12	13
AT2G47960	738	791	675	621	655	613
AT2G47970	677	645	562	569	518	552
AT2G47980	1042	1048	974	940	906	882
AT2G47990	222	244	208	211	229	197
AT2G48000	173	201	154	177	177	152
AT2G48010	235	244	213	131	147	188
AT2G48020	455	400	405	210	266	220
AT2G48030	273	250	250	162	193	171
AT2G48060	861	760	691	729	755	649
AT2G48070	484	456	397	506	465	433
AT2G48075	16	12	11	10	7	18
AT2G48080	24	23	29	36	19	18
AT2G48090	126	97	91	115	116	131
AT2G48100	690	723	613	618	626	530
AT2G48110	495	570	450	405	472	398
AT2G48120	320	346	288	334	324	313
AT2G48121	2	5	3	2	0	2
AT2G48130	362	323	302	337	281	253
AT2G48140	188	200	183	209	168	148
AT2G48150	13	28	15	6	2	15
AT2G48160	1310	1414	1231	1217	1157	1159
AT3G00970	5	11	5	1	4	6
AT3G00975	0	0	0	0	1	0
AT3G00980	1	1	0	0	0	0
AT3G00985	0	0	0	0	0	0
AT3G00995	0	0	0	0	0	0
AT3G01005	0	0	0	0	0	0
AT3G01010	0	0	0	0	0	0
AT3G01015	5	1	1	1	6	1
AT3G01020	0	0	0	0	0	0
AT3G01025	0	0	0	0	0	0
AT3G01030	0	0	0	0	0	0
AT3G01035	29	18	29	24	24	24
AT3G01040	463	471	411	321	316	346
AT3G01045	0	0	0	0	0	0
AT3G01050	217	245	195	206	181	216
AT3G01055	0	0	0	0	0	0
AT3G01060	369	332	234	164	159	170
AT3G01065	0	0	0	0	0	0
AT3G01070	13	11	20	21	20	12
AT3G01075	0	0	0	0	0	0
AT3G01080	47	37	42	5	24	25
AT3G01085	0	0	0	0	0	0
AT3G01090	952	1013	864	869	915	928
AT3G01095	0	0	0	0	0	0
AT3G01100	489	517	453	385	425	412
AT3G01105	0	0	1	1	0	0
AT3G01115	0	0	0	1	0	0
AT3G01120	5096	4676	4458	4696	4545	4055
AT3G01125	0	0	0	0	0	0
AT3G01130	632	586	521	563	518	529
AT3G01135	0	0	0	0	0	0
AT3G01140	3	2	4	0	2	2
AT3G01142	2	4	5	4	2	1
AT3G01145	0	0	0	0	0	0
AT3G01150	308	301	254	277	241	248
AT3G01155	0	0	0	0	0	0
AT3G01160	518	543	524	510	505	415
AT3G01165	0	0	0	0	0	0
AT3G01170	278	282	253	215	227	247
AT3G01175	33	29	35	35	39	54
AT3G01180	745	674	529	509	461	458
AT3G01185	0	0	0	0	0	0
AT3G01190	684	382	411	226	153	139
AT3G01195	0	0	0	0	0	0
AT3G01200	52	46	37	37	30	47
AT3G01202	2	3	3	2	1	1
AT3G01205	0	0	0	0	0	0
AT3G01210	168	202	167	138	125	103
AT3G01215	0	0	0	0	0	0
AT3G01220	160	129	144	170	133	150
AT3G01225	0	0	0	0	0	0
AT3G01230	0	0	0	0	0	0
AT3G01235	5	10	10	1	8	6
AT3G01240	0	0	0	0	0	0
AT3G01250	0	0	0	0	0	0
AT3G01255	0	0	0	0	0	0
AT3G01260	68	40	61	51	64	40
AT3G01270	0	0	0	0	0	1
AT3G01275	0	0	0	0	0	0
AT3G01280	2054	2096	1846	1814	1810	1658
AT3G01285	0	0	0	0	0	0
AT3G01290	5705	6369	5431	2416	3871	4189
AT3G01295	32	33	19	36	16	29
AT3G01300	277	342	283	252	282	275
AT3G01305	0	0	0	0	0	0
AT3G01310	1569	1955	1677	2161	1916	1839
AT3G01311	4	1	1	1	2	3
AT3G01313	0	0	0	0	0	0
AT3G01315	0	0	0	0	0	0
AT3G01316	0	0	0	0	0	0
AT3G01319	0	0	0	0	0	0
AT3G01320	754	793	663	685	718	734
AT3G01322	0	0	0	0	0	0
AT3G01323	0	0	0	0	0	0
AT3G01324	0	0	0	0	0	0
AT3G01325	0	0	0	0	0	0
AT3G01326	0	0	0	0	1	0
AT3G01327	0	0	0	0	0	0
AT3G01328	0	0	0	0	0	0
AT3G01329	0	0	1	0	0	0
AT3G01330	67	58	69	73	57	59
AT3G01331	0	0	0	0	0	1
AT3G01340	468	533	405	475	452	451
AT3G01345	5	5	3	5	4	4
AT3G01350	42	81	51	34	44	47
AT3G01360	161	161	133	149	121	120
AT3G01365	0	0	0	0	0	0
AT3G01370	1147	1204	983	1279	1105	1127
AT3G01375	0	3	3	0	2	0
AT3G01380	328	319	282	280	271	286
AT3G01385	0	0	0	0	0	0
AT3G01390	1345	1499	1306	1206	1226	1100
AT3G01395	0	0	0	0	0	0
AT3G01400	256	236	214	178	206	195
AT3G01410	101	93	76	77	92	73
AT3G01415	0	0	0	0	0	0
AT3G01420	12154	8618	10752	5892	7146	8708
AT3G01425	15	18	6	17	10	13
AT3G01430	36	52	64	50	49	72
AT3G01435	78	89	73	62	65	57
AT3G01440	323	324	234	425	299	285
AT3G01445	0	0	0	0	0	0
AT3G01450	61	70	60	70	73	79
AT3G01460	591	606	547	529	521	495
AT3G01470	2201	2015	1667	1484	1348	1450
AT3G01475	1	2	1	0	1	1
AT3G01480	2264	2314	2121	2589	2357	1997
AT3G01485	0	0	0	0	0	0
AT3G01490	332	435	417	586	500	478
AT3G01495	0	0	0	0	0	0
AT3G01500	21850	17907	12329	18195	15780	12942
AT3G01505	0	0	0	0	0	0
AT3G01510	338	404	260	245	230	249
AT3G01513	47	40	30	33	27	26
AT3G01515	0	0	0	0	0	0
AT3G01516	36	28	27	33	32	23
AT3G01520	813	802	694	628	682	611
AT3G01525	0	0	0	0	0	0
AT3G01530	1	2	0	0	0	0
AT3G01535	0	0	0	0	0	0
AT3G01540	4461	4936	4291	3728	3767	3633
AT3G01545	0	0	0	0	0	0
AT3G01550	68	99	65	40	33	24
AT3G01555	0	0	0	0	0	0
AT3G01560	337	389	345	305	333	340
AT3G01565	0	0	0	0	0	0
AT3G01570	10	8	14	7	13	10
AT3G01572	2	3	4	5	2	3
AT3G01575	0	0	0	0	0	0
AT3G01580	29	33	23	35	23	34
AT3G01585	0	0	1	0	1	1
AT3G01590	408	459	372	400	382	362
AT3G01595	0	0	0	0	0	0
AT3G01600	15	23	20	29	23	26
AT3G01605	0	0	0	0	0	0
AT3G01610	330	320	343	369	358	345
AT3G01615	0	0	0	0	0	0
AT3G01620	0	0	1	0	3	1
AT3G01625	0	0	0	0	0	0
AT3G01630	4	1	2	0	2	1
AT3G01635	0	1	0	0	0	0
AT3G01640	326	337	286	285	303	330
AT3G01645	0	0	0	0	0	0
AT3G01650	340	342	280	263	260	278
AT3G01655	0	0	0	0	0	0
AT3G01660	94	87	72	100	84	64
AT3G01665	0	0	0	0	0	0
AT3G01670	607	514	467	641	538	562
AT3G01675	0	0	0	0	0	0
AT3G01680	449	451	357	492	377	412
AT3G01690	1508	1548	1470	1636	1662	1390
AT3G01695	0	0	0	0	0	0
AT3G01700	0	0	0	0	0	1
AT3G01705	0	0	0	0	0	0
AT3G01710	93	86	80	104	70	113
AT3G01715	0	0	0	0	0	0
AT3G01720	1167	978	941	759	733	729
AT3G01730	17	5	23	9	8	10
AT3G01735	0	0	0	0	0	0
AT3G01740	536	596	612	517	521	520
AT3G01745	0	0	0	2	0	1
AT3G01750	88	80	92	83	88	99
AT3G01755	0	0	0	0	0	0
AT3G01760	10	7	11	6	3	4
AT3G01765	0	0	0	0	0	0
AT3G01770	920	1055	802	850	789	808
AT3G01775	0	0	0	0	0	0
AT3G01780	865	879	775	790	763	771
AT3G01785	0	0	0	0	0	1
AT3G01790	368	380	390	380	360	331
AT3G01795	25	14	14	11	13	19
AT3G01800	144	148	118	108	136	137
AT3G01805	0	0	0	0	0	0
AT3G01810	627	599	566	571	514	470
AT3G01815	0	0	0	0	0	0
AT3G01820	364	446	325	288	280	307
AT3G01830	54	110	60	7	11	47
AT3G01835	2	0	1	0	0	0
AT3G01840	15	7	8	11	14	12
AT3G01845	0	2	1	3	2	1
AT3G01850	300	324	304	298	315	303
AT3G01855	0	0	0	0	0	0
AT3G01860	381	389	384	393	379	338
AT3G01865	0	0	0	0	0	0
AT3G01870	3	1	2	5	2	2
AT3G01880	0	0	0	0	0	0
AT3G01885	0	0	0	0	0	0
AT3G01890	114	134	104	106	88	107
AT3G01895	0	0	0	0	0	0
AT3G01900	47	41	40	14	16	10
AT3G01905	0	0	0	0	0	0
AT3G01910	1993	2107	1853	1717	1709	1643
AT3G01915	0	0	0	0	0	0
AT3G01920	178	184	148	180	164	146
AT3G01925	0	1	0	0	0	0
AT3G01930	458	464	491	391	403	410
AT3G01935	0	0	0	0	0	0
AT3G01940	11	9	7	11	10	20
AT3G01945	0	0	0	0	1	0
AT3G01950	0	0	0	0	0	0
AT3G01960	5	14	9	11	20	17
AT3G01961	0	0	0	0	0	0
AT3G01965	0	0	0	0	0	0
AT3G01970	727	733	647	292	362	474
AT3G01975	0	0	0	0	0	0
AT3G01980	436	504	390	316	333	342
AT3G01985	0	0	0	0	0	0
AT3G01990	139	159	157	74	81	89
AT3G01995	0	0	0	0	0	0
AT3G02000	0	0	0	0	0	0
AT3G02010	0	0	0	0	0	0
AT3G02015	0	0	0	1	0	0
AT3G02020	1695	1758	1090	1365	1260	1483
AT3G02025	0	0	0	0	0	0
AT3G02030	110	103	105	98	82	82
AT3G02035	1	0	2	0	2	1
AT3G02040	3977	4504	3131	1530	1412	2002
AT3G02045	0	0	0	0	0	0
AT3G02050	701	741	551	566	581	620
AT3G02055	0	0	0	0	0	0
AT3G02060	545	538	509	620	542	504
AT3G02065	242	247	238	249	222	246
AT3G02070	218	264	236	225	266	272
AT3G02075	0	0	0	0	0	0
AT3G02080	1908	1860	1717	1929	1847	1670
AT3G02085	0	0	0	0	0	0
AT3G02090	4338	4283	3990	3721	3530	3423
AT3G02095	0	0	0	0	0	0
AT3G02100	0	8	2	0	2	3
AT3G02105	0	0	0	0	0	0
AT3G02110	347	370	327	411	344	376
AT3G02115	0	0	0	0	0	0
AT3G02120	153	172	151	180	142	178
AT3G02125	0	0	0	1	0	0
AT3G02130	545	619	510	443	514	572
AT3G02135	0	0	0	0	0	0
AT3G02140	210	208	230	127	217	175
AT3G02145	0	0	0	0	0	0
AT3G02150	317	340	260	141	176	207
AT3G02155	0	0	0	0	0	0
AT3G02160	57	37	49	47	47	42
AT3G02165	0	0	0	0	3	0
AT3G02170	1071	1156	1045	1121	1272	1204
AT3G02180	478	563	537	665	531	527
AT3G02190	171	119	152	125	176	160
AT3G02195	0	0	0	0	0	0
AT3G02200	907	965	818	867	830	771
AT3G02205	1	0	0	0	1	0
AT3G02210	52	66	66	65	62	72
AT3G02215	0	0	0	0	0	0
AT3G02220	410	373	384	438	392	402
AT3G02225	1	1	3	3	4	0
AT3G02230	2010	1718	1735	1854	1653	1475
AT3G02235	2	0	0	0	0	0
AT3G02240	34	44	46	33	76	88
AT3G02242	0	1	2	2	1	1
AT3G02245	0	3	2	0	0	1
AT3G02250	457	514	463	508	519	478
AT3G02255	0	0	0	0	0	0
AT3G02260	3874	2548	2238	2530	2506	2347
AT3G02265	0	0	0	0	0	0
AT3G02270	1	0	0	0	0	0
AT3G02275	0	0	0	0	0	0
AT3G02280	229	266	222	228	206	238
AT3G02285	2	2	2	0	0	0
AT3G02290	224	194	182	161	179	158
AT3G02295	0	0	1	0	0	0
AT3G02300	757	809	754	759	738	672
AT3G02305	0	0	0	0	0	0
AT3G02310	1	1	1	2	2	1
AT3G02315	0	0	0	0	0	0
AT3G02320	212	221	210	214	206	210
AT3G02325	0	0	0	0	0	0
AT3G02330	24	34	29	25	33	30
AT3G02335	0	0	0	0	0	0
AT3G02340	256	284	245	231	236	249
AT3G02345	0	0	0	0	0	0
AT3G02350	772	800	673	600	638	618
AT3G02360	2502	2469	2257	2052	2037	1980
AT3G02365	0	0	0	0	0	0
AT3G02370	85	75	74	83	73	57
AT3G02380	156	141	142	105	96	90
AT3G02385	0	0	0	0	0	0
AT3G02390	0	0	0	0	0	0
AT3G02395	0	0	0	0	0	0
AT3G02400	0	0	0	0	0	0
AT3G02405	0	0	0	0	0	0
AT3G02410	5	4	7	3	2	4
AT3G02415	0	0	0	0	0	0
AT3G02420	453	498	443	386	409	385
AT3G02425	0	0	0	0	0	0
AT3G02430	0	0	3	0	0	3
AT3G02435	1	0	0	0	1	0
AT3G02440	0	0	0	0	0	0
AT3G02445	2	1	4	3	4	2
AT3G02450	761	715	621	758	646	650
AT3G02455	1	1	2	0	1	1
AT3G02460	305	264	244	251	271	260
AT3G02465	1	0	0	0	1	1
AT3G02470	15721	16385	14861	13066	13914	14458
AT3G02475	0	0	0	0	0	0
AT3G02480	3	2	7	5	4	5
AT3G02485	0	0	0	1	0	0
AT3G02490	130	170	166	140	140	157
AT3G02493	4	1	5	4	7	7
AT3G02495	3	1	0	1	1	2
AT3G02500	13	5	15	24	17	16
AT3G02505	0	0	0	0	0	0
AT3G02510	196	217	180	166	168	210
AT3G02520	1060	1129	1004	960	1033	930
AT3G02525	3	2	2	1	4	2
AT3G02530	878	857	834	786	759	718
AT3G02535	0	0	0	0	0	0
AT3G02540	833	883	785	937	879	822
AT3G02545	6	2	4	6	5	2
AT3G02550	551	1280	1161	501	1007	1004
AT3G02555	114	128	111	125	133	108
AT3G02560	1240	1119	1169	1325	1083	1102
AT3G02565	0	0	0	0	0	0
AT3G02570	790	781	658	769	754	740
AT3G02575	0	0	0	0	0	0
AT3G02580	472	530	462	458	425	443
AT3G02585	0	0	0	1	0	0
AT3G02590	0	9	2	1	2	0
AT3G02595	0	0	0	0	0	0
AT3G02600	575	590	550	494	490	459
AT3G02605	1	0	0	0	0	0
AT3G02610	24	25	20	22	31	11
AT3G02615	0	0	0	0	0	0
AT3G02620	29	22	13	12	13	19
AT3G02625	0	0	0	0	0	0
AT3G02630	824	942	845	968	861	828
AT3G02635	0	0	0	0	0	0
AT3G02640	271	259	260	298	240	228
AT3G02645	1	1	0	1	3	0
AT3G02650	215	257	226	268	270	245
AT3G02655	0	0	0	0	0	0
AT3G02660	362	374	309	401	326	311
AT3G02665	1	0	0	0	0	0
AT3G02670	0	1	1	2	2	1
AT3G02673	0	0	0	0	0	0
AT3G02677	3	2	2	6	0	8
AT3G02680	94	102	99	91	102	93
AT3G02685	0	0	0	0	0	0
AT3G02690	573	577	478	613	485	463
AT3G02695	2	1	1	0	2	5
AT3G02700	350	279	279	304	320	325
AT3G02705	50	57	23	8	15	25
AT3G02710	487	456	442	465	434	428
AT3G02715	0	0	0	0	0	0
AT3G02720	645	688	576	652	625	546
AT3G02725	0	0	0	0	0	0
AT3G02730	1652	1815	1309	1682	1373	1280
AT3G02735	0	0	0	0	0	0
AT3G02740	436	453	356	318	368	396
AT3G02745	0	0	0	0	0	0
AT3G02750	730	742	669	639	693	660
AT3G02755	0	0	0	0	0	0
AT3G02760	1109	1055	1029	1065	1010	970
AT3G02765	0	0	0	0	0	0
AT3G02770	386	479	380	318	402	342
AT3G02775	0	0	2	1	1	0
AT3G02780	2107	1983	1962	1840	1776	1727
AT3G02785	0	0	0	0	0	0
AT3G02790	0	0	0	0	0	0
AT3G02795	0	0	0	0	0	0
AT3G02800	79	120	75	57	56	46
AT3G02805	0	0	0	0	0	0
AT3G02810	0	0	0	0	0	0
AT3G02815	0	0	0	0	0	0
AT3G02820	67	80	78	91	65	52
AT3G02825	0	0	0	0	0	0
AT3G02830	1373	1395	1035	827	761	768
AT3G02832	4	5	4	4	1	2
AT3G02835	0	0	0	0	0	0
AT3G02840	51	147	56	6	11	26
AT3G02845	0	0	1	1	0	0
AT3G02850	10	14	15	26	9	24
AT3G02855	0	0	0	0	0	0
AT3G02860	332	363	268	302	292	259
AT3G02870	881	1024	789	600	585	693
AT3G02875	396	376	287	200	214	313
AT3G02880	723	821	662	550	535	580
AT3G02885	28	139	66	165	151	122
AT3G02890	223	248	213	237	200	217
AT3G02895	2	4	3	2	2	2
AT3G02900	311	349	299	309	306	288
AT3G02905	0	0	0	0	0	0
AT3G02910	0	0	0	0	0	0
AT3G02915	0	0	0	0	0	0
AT3G02920	94	98	93	124	109	106
AT3G02925	0	0	0	0	0	0
AT3G02930	208	229	187	175	170	197
AT3G02935	0	0	0	0	0	0
AT3G02940	27	31	21	18	33	28
AT3G02945	0	1	2	0	3	4
AT3G02950	234	259	204	233	225	223
AT3G02955	0	1	1	0	0	0
AT3G02960	0	0	0	0	0	0
AT3G02970	0	0	0	0	0	0
AT3G02975	0	0	0	0	0	0
AT3G02980	45	64	49	33	38	27
AT3G02985	0	0	0	0	0	0
AT3G02990	100	103	89	93	77	79
AT3G02995	0	0	0	0	0	0
AT3G03000	129	144	150	88	101	116
AT3G03005	0	0	0	0	0	0
AT3G03010	126	105	146	142	103	101
AT3G03020	164	275	222	131	208	219
AT3G03025	6	9	3	4	5	8
AT3G03030	34	55	47	41	57	41
AT3G03035	0	0	0	0	1	0
AT3G03040	236	227	253	284	293	246
AT3G03045	0	0	0	0	0	0
AT3G03050	1001	911	841	843	776	877
AT3G03055	0	0	0	0	0	0
AT3G03060	185	247	212	239	222	201
AT3G03065	0	0	0	0	0	0
AT3G03070	973	909	910	906	759	782
AT3G03075	0	0	0	0	0	0
AT3G03080	1	0	0	1	0	1
AT3G03085	0	0	1	0	1	0
AT3G03090	220	194	178	209	199	194
AT3G03095	0	0	0	0	0	0
AT3G03100	1209	1178	1098	1072	1104	985
AT3G03105	10	7	10	9	11	7
AT3G03110	384	470	407	359	360	397
AT3G03115	0	0	0	0	0	0
AT3G03120	167	175	172	152	145	143
AT3G03125	0	0	0	0	0	0
AT3G03130	197	146	196	200	165	189
AT3G03135	4	10	3	8	8	3
AT3G03140	250	226	227	243	217	233
AT3G03145	0	0	0	0	0	0
AT3G03150	1445	1645	1317	1238	1213	1403
AT3G03155	0	0	0	0	0	0
AT3G03160	311	267	200	205	231	221
AT3G03165	13	4	6	3	11	2
AT3G03170	40	37	25	40	30	32
AT3G03175	0	0	0	0	0	0
AT3G03180	90	91	93	79	86	75
AT3G03190	0	0	0	0	0	0
AT3G03195	0	0	0	0	0	0
AT3G03200	9	13	13	14	18	12
AT3G03205	0	0	0	0	0	0
AT3G03210	112	108	115	97	84	98
AT3G03215	0	0	0	0	0	0
AT3G03220	191	174	196	202	183	161
AT3G03225	6	2	2	3	7	1
AT3G03230	1	3	0	0	1	2
AT3G03235	1	0	0	0	0	0
AT3G03240	0	0	0	2	0	1
AT3G03245	0	0	0	0	0	0
AT3G03250	3073	3538	2815	2313	2259	2351
AT3G03255	0	0	0	0	0	0
AT3G03260	66	89	48	51	26	38
AT3G03265	64	86	62	82	78	97
AT3G03270	668	1250	681	545	711	633
AT3G03272	4	3	0	1	0	0
AT3G03275	0	2	0	4	2	0
AT3G03280	7	1	4	7	4	6
AT3G03285	0	0	0	0	0	0
AT3G03290	15	7	11	9	7	4
AT3G03295	0	0	0	0	0	0
AT3G03300	497	550	403	494	423	426
AT3G03305	305	307	304	243	243	271
AT3G03310	570	690	437	260	245	347
AT3G03320	175	209	155	142	132	123
AT3G03325	12	4	8	4	10	10
AT3G03330	315	355	270	281	269	262
AT3G03335	0	0	0	0	0	0
AT3G03340	456	482	452	429	420	400
AT3G03341	1	1	0	0	2	2
AT3G03345	0	0	0	0	0	0
AT3G03350	108	74	77	85	78	66
AT3G03355	0	0	0	0	0	0
AT3G03360	138	144	121	140	120	120
AT3G03365	0	0	0	0	0	0
AT3G03370	21	25	22	31	30	39
AT3G03375	0	0	0	0	0	0
AT3G03380	1586	1931	1528	1473	1527	1378
AT3G03385	0	0	0	0	0	0
AT3G03400	0	0	0	0	0	0
AT3G03405	0	0	0	0	0	0
AT3G03410	0	0	0	0	0	0
AT3G03415	0	0	0	0	0	0
AT3G03420	306	299	271	245	255	262
AT3G03425	0	0	0	0	0	0
AT3G03430	0	1	1	1	0	1
AT3G03435	0	0	0	0	0	0
AT3G03440	162	213	142	98	101	112
AT3G03445	0	0	0	0	0	0
AT3G03450	58	51	43	29	35	28
AT3G03455	0	0	0	0	0	0
AT3G03460	65	55	57	63	63	57
AT3G03465	0	0	0	0	0	0
AT3G03470	939	954	805	226	446	450
AT3G03475	5	8	4	0	3	0
AT3G03480	4	5	2	0	1	2
AT3G03490	288	277	261	205	224	216
AT3G03495	1	1	0	0	1	0
AT3G03500	65	42	44	29	17	21
AT3G03505	0	0	0	0	0	0
AT3G03510	0	0	0	0	0	0
AT3G03515	0	0	0	0	0	0
AT3G03520	516	418	409	313	322	305
AT3G03525	0	0	0	0	0	0
AT3G03530	1675	1514	1180	275	296	538
AT3G03535	0	0	0	0	0	0
AT3G03540	11	13	6	0	0	2
AT3G03550	291	212	254	244	197	204
AT3G03555	0	0	1	0	1	0
AT3G03560	488	536	448	381	407	432
AT3G03570	301	363	286	309	312	285
AT3G03580	57	61	62	64	66	63
AT3G03585	0	0	0	0	0	0
AT3G03590	87	82	96	69	93	76
AT3G03595	0	0	0	0	0	0
AT3G03600	327	332	299	252	267	269
AT3G03605	3	2	4	2	5	0
AT3G03610	251	225	262	195	252	235
AT3G03615	0	0	0	0	0	0
AT3G03620	0	0	0	0	0	0
AT3G03625	1	6	2	5	2	3
AT3G03630	211	244	202	284	246	242
AT3G03635	0	0	0	0	0	0
AT3G03640	644	573	682	793	1149	872
AT3G03645	0	0	0	0	0	0
AT3G03650	29	41	43	5	2	5
AT3G03655	0	0	0	0	0	0
AT3G03660	25	31	41	34	35	34
AT3G03665	0	0	0	0	0	0
AT3G03670	1	2	0	0	0	1
AT3G03675	0	0	0	0	0	0
AT3G03680	314	258	266	262	224	227
AT3G03685	0	0	0	0	0	0
AT3G03690	207	175	172	191	167	147
AT3G03695	0	0	0	0	0	0
AT3G03700	0	0	0	0	0	0
AT3G03702	3	2	2	4	1	4
AT3G03705	0	0	0	0	0	0
AT3G03710	952	916	815	914	859	829
AT3G03715	0	0	0	0	0	0
AT3G03720	526	498	502	478	449	441
AT3G03725	0	0	0	0	0	0
AT3G03726	0	0	0	0	0	0
AT3G03730	0	0	0	0	0	0
AT3G03735	0	0	0	0	0	0
AT3G03740	464	537	490	414	445	428
AT3G03745	0	0	0	0	0	0
AT3G03750	0	0	0	0	0	0
AT3G03755	0	0	0	0	0	0
AT3G03760	3	1	3	0	1	1
AT3G03765	1	1	0	0	0	1
AT3G03770	406	468	338	210	234	204
AT3G03773	112	106	92	100	87	84
AT3G03775	0	0	0	0	0	0
AT3G03776	8	17	13	7	11	7
AT3G03780	3451	3402	3153	3278	3194	2890
AT3G03785	0	0	0	0	0	0
AT3G03790	2279	2719	1685	970	923	1345
AT3G03795	0	0	0	0	0	0
AT3G03800	1	2	4	2	1	2
AT3G03805	0	0	0	0	0	0
AT3G03810	296	330	227	199	223	232
AT3G03815	5	5	8	6	4	3
AT3G03820	11	15	5	11	13	9
AT3G03825	0	4	1	2	2	0
AT3G03826	0	0	0	0	0	0
AT3G03828	0	0	0	0	0	0
AT3G03830	2	2	0	5	2	3
AT3G03835	0	0	0	0	0	0
AT3G03840	12	23	16	13	25	27
AT3G03845	0	0	0	0	0	0
AT3G03847	0	0	0	0	0	0
AT3G03850	15	25	16	13	20	10
AT3G03852	0	0	0	0	0	0
AT3G03860	378	399	348	333	321	328
AT3G03865	0	1	0	0	0	0
AT3G03870	547	690	549	380	454	472
AT3G03875	0	0	0	0	0	0
AT3G03880	207	208	212	163	204	215
AT3G03890	586	613	534	503	507	523
AT3G03895	0	0	0	0	0	0
AT3G03900	99	93	91	97	84	82
AT3G03905	0	0	0	0	0	0
AT3G03910	9	8	9	2	2	2
AT3G03915	0	0	0	0	0	0
AT3G03920	848	885	924	757	811	770
AT3G03925	0	0	0	0	0	0
AT3G03930	1	4	0	0	0	0
AT3G03935	0	0	0	0	0	0
AT3G03940	1327	1434	1208	1234	1297	1193
AT3G03945	0	0	0	0	0	0
AT3G03950	478	538	450	424	483	448
AT3G03955	0	0	0	0	0	0
AT3G03960	1558	1491	1416	1527	1439	1356
AT3G03965	20	8	22	28	22	23
AT3G03970	113	124	95	106	117	90
AT3G03975	0	0	0	0	0	0
AT3G03980	196	180	175	179	189	173
AT3G03985	0	0	0	0	0	0
AT3G03990	1038	864	744	564	589	615
AT3G03995	0	0	0	0	0	0
AT3G04000	73	87	45	8	6	12
AT3G04005	0	0	0	0	0	0
AT3G04010	306	306	253	128	139	139
AT3G04015	0	0	0	0	0	0
AT3G04020	81	81	94	83	96	78
AT3G04025	0	0	0	0	0	0
AT3G04030	179	170	107	125	83	106
AT3G04035	0	0	0	0	0	2
AT3G04040	15	16	10	18	8	13
AT3G04045	0	0	0	0	0	0
AT3G04050	22	29	24	16	17	19
AT3G04055	1	0	1	1	2	1
AT3G04060	199	224	198	166	225	195
AT3G04065	3	0	3	0	2	0
AT3G04070	825	719	861	368	595	703
AT3G04080	618	650	582	485	525	527
AT3G04085	5	4	12	3	5	7
AT3G04090	846	860	751	764	791	692
AT3G04095	0	0	0	0	0	0
AT3G04100	0	0	0	0	1	0
AT3G04110	377	494	386	159	231	238
AT3G04115	2	2	2	5	4	1
AT3G04120	10119	10752	9135	6941	7234	6916
AT3G04125	0	0	0	0	0	0
AT3G04130	69	72	55	63	56	65
AT3G04135	0	0	0	0	0	0
AT3G04140	156	119	114	87	79	56
AT3G04145	0	0	0	0	0	0
AT3G04150	0	1	0	0	0	0
AT3G04155	4	2	3	2	5	3
AT3G04160	188	174	157	199	190	162
AT3G04165	1	0	0	1	0	1
AT3G04170	0	0	0	0	0	0
AT3G04175	12	14	11	11	15	20
AT3G04180	0	0	2	1	0	2
AT3G04181	19	36	22	7	17	13
AT3G04184	6	10	6	13	9	6
AT3G04185	0	0	0	0	0	0
AT3G04190	0	2	0	0	0	0
AT3G04195	0	0	0	1	0	0
AT3G04200	2	1	1	0	1	0
AT3G04205	0	0	0	0	0	0
AT3G04210	1608	2584	1536	233	553	632
AT3G04215	0	0	0	0	0	0
AT3G04220	25	16	29	27	26	38
AT3G04225	0	0	0	0	0	0
AT3G04230	137	138	129	93	98	89
AT3G04235	0	0	0	0	0	0
AT3G04240	1807	1885	1533	1393	1493	1499
AT3G04245	0	0	0	0	0	0
AT3G04250	0	0	0	0	0	0
AT3G04255	0	0	0	1	0	0
AT3G04260	1196	1186	1068	1353	1220	1117
AT3G04265	0	0	0	0	0	0
AT3G04270	0	0	0	0	0	0
AT3G04275	1	1	1	0	0	1
AT3G04280	0	0	0	0	0	0
AT3G04285	1	5	0	2	0	3
AT3G04290	754	860	693	525	655	647
AT3G04295	0	0	0	0	0	0
AT3G04300	6	9	14	4	9	10
AT3G04305	0	0	0	0	0	0
AT3G04310	111	112	82	108	79	96
AT3G04315	0	0	0	0	0	0
AT3G04320	113	71	101	96	69	51
AT3G04325	0	0	0	0	0	0
AT3G04330	37	8	25	24	14	22
AT3G04335	0	0	0	0	0	0
AT3G04340	1774	1828	1553	1842	1682	1629
AT3G04345	0	0	0	0	0	0
AT3G04350	765	865	703	482	527	559
AT3G04355	1	3	2	3	2	3
AT3G04360	60	92	52	13	8	21
AT3G04365	0	0	0	0	0	0
AT3G04370	34	72	29	42	36	27
AT3G04375	0	0	0	0	0	0
AT3G04380	64	66	62	73	74	41
AT3G04385	0	0	0	0	0	0
AT3G04390	0	0	0	0	0	0
AT3G04395	0	0	0	0	0	0
AT3G04400	4021	3949	3954	3852	3833	3481
AT3G04405	0	0	0	0	0	0
AT3G04410	0	0	0	0	1	0
AT3G04415	0	0	0	0	0	0
AT3G04420	100	72	69	15	15	19
AT3G04425	0	0	0	0	0	0
AT3G04430	0	3	0	0	0	1
AT3G04435	0	0	0	0	0	0
AT3G04440	0	0	0	0	0	0
AT3G04443	2	2	2	1	0	1
AT3G04450	81	80	65	106	70	85
AT3G04455	0	0	0	0	0	0
AT3G04460	274	274	231	237	243	227
AT3G04470	793	751	750	782	707	684
AT3G04475	2	0	1	1	0	0
AT3G04480	596	553	547	406	455	437
AT3G04485	34	24	27	39	19	25
AT3G04490	514	536	455	468	493	490
AT3G04495	1	0	2	1	0	1
AT3G04500	379	386	348	371	350	349
AT3G04505	0	0	0	0	0	0
AT3G04510	11	13	18	6	21	13
AT3G04515	0	0	0	0	1	0
AT3G04520	343	402	357	332	420	386
AT3G04525	0	0	0	0	0	0
AT3G04530	228	210	177	79	112	120
AT3G04535	0	0	0	0	0	0
AT3G04540	0	0	0	0	0	0
AT3G04545	0	0	0	0	0	1
AT3G04550	1448	1478	1275	1655	1451	1326
AT3G04555	0	0	0	0	0	0
AT3G04560	229	230	231	235	217	232
AT3G04565	0	0	0	0	0	0
AT3G04570	228	246	238	233	236	214
AT3G04575	0	0	0	0	0	0
AT3G04580	325	337	288	303	303	312
AT3G04585	0	0	0	0	0	0
AT3G04590	448	441	430	402	390	344
AT3G04595	0	0	0	0	0	0
AT3G04600	643	697	621	640	630	619
AT3G04610	785	764	642	715	742	653
AT3G04615	0	0	0	0	0	0
AT3G04620	37	20	31	30	31	31
AT3G04625	0	0	0	0	0	0
AT3G04630	420	415	341	507	330	358
AT3G04635	0	0	0	0	0	0
AT3G04640	198	398	179	81	168	292
AT3G04645	1	0	0	0	0	0
AT3G04650	416	397	331	335	345	350
AT3G04655	0	0	0	0	0	0
AT3G04660	0	0	0	0	1	0
AT3G04665	0	0	0	0	0	0
AT3G04670	689	628	599	523	534	606
AT3G04675	0	0	0	0	0	0
AT3G04680	252	251	227	238	216	219
AT3G04685	0	0	0	0	0	0
AT3G04690	130	127	104	104	77	79
AT3G04695	1	0	1	1	0	1
AT3G04700	4	1	3	2	1	1
AT3G04705	0	0	0	0	0	0
AT3G04710	342	358	311	267	330	296
AT3G04720	13743	11149	8777	2825	4165	5513
AT3G04725	0	0	0	0	0	0
AT3G04730	2805	2928	2826	2438	2738	2372
AT3G04735	0	0	0	0	1	0
AT3G04740	610	677	627	565	573	593
AT3G04745	0	0	0	0	0	0
AT3G04750	148	176	143	140	165	130
AT3G04755	8	9	6	7	8	9
AT3G04760	814	720	748	715	745	695
AT3G04765	0	0	0	0	0	0
AT3G04770	147	132	157	166	152	161
AT3G04775	0	2	0	0	0	1
AT3G04780	293	285	240	285	276	267
AT3G04785	2	1	1	0	2	0
AT3G04790	1912	1798	1606	1786	1689	1389
AT3G04795	0	0	0	0	0	0
AT3G04800	8	10	8	5	7	6
AT3G04805	0	0	0	0	0	0
AT3G04810	559	507	508	552	471	468
AT3G04815	0	2	1	1	0	1
AT3G04820	242	237	218	238	258	206
AT3G04825	0	0	0	0	0	0
AT3G04830	674	691	626	517	517	494
AT3G04835	0	0	0	0	0	0
AT3G04840	4525	4413	4552	4610	4472	4153
AT3G04845	0	0	0	0	1	0
AT3G04850	76	69	85	71	80	60
AT3G04854	9	9	6	7	8	10
AT3G04855	0	0	0	0	0	0
AT3G04860	45	54	44	66	61	35
AT3G04870	1513	1592	1188	1302	1251	1230
AT3G04875	0	0	0	0	0	0
AT3G04880	282	294	251	261	252	239
AT3G04890	114	157	135	128	120	124
AT3G04895	0	0	0	0	0	0
AT3G04900	0	0	0	0	0	0
AT3G04903	0	0	0	0	0	0
AT3G04905	0	0	0	0	0	0
AT3G04910	1548	1921	1572	1854	1829	1977
AT3G04915	0	0	0	0	0	0
AT3G04920	1795	1712	1767	1905	1706	1613
AT3G04925	1	0	0	0	0	0
AT3G04930	664	799	688	626	676	727
AT3G04935	0	0	0	0	0	0
AT3G04940	573	591	487	635	564	567
AT3G04943	0	0	0	0	0	0
AT3G04945	0	0	0	0	0	0
AT3G04950	61	70	68	71	65	75
AT3G04955	0	0	0	0	0	0
AT3G04960	14	20	24	10	11	11
AT3G04965	0	0	0	0	0	0
AT3G04970	106	134	103	102	109	95
AT3G04975	1	0	0	0	0	2
AT3G04980	62	67	67	83	77	70
AT3G04985	0	0	0	0	0	0
AT3G04990	0	0	0	0	0	0
AT3G04995	0	0	0	0	0	0
AT3G05000	229	342	262	279	282	279
AT3G05005	0	0	0	0	0	0
AT3G05010	118	137	114	106	118	106
AT3G05015	0	0	0	0	0	0
AT3G05020	468	416	406	476	372	372
AT3G05025	0	0	0	0	0	0
AT3G05030	280	358	212	268	266	289
AT3G05035	4	3	4	0	1	2
AT3G05040	449	472	497	412	414	422
AT3G05045	0	0	0	0	0	0
AT3G05050	697	665	669	564	539	538
AT3G05055	1	0	0	0	0	0
AT3G05060	1157	1221	1259	1233	1154	1070
AT3G05070	256	252	223	229	241	227
AT3G05075	0	0	0	0	0	0
AT3G05080	0	0	0	0	0	0
AT3G05085	0	0	0	0	0	0
AT3G05090	780	778	735	666	684	652
AT3G05095	0	0	0	0	0	0
AT3G05100	276	302	259	258	291	255
AT3G05105	0	0	0	0	0	0
AT3G05110	1	3	2	0	1	1
AT3G05115	0	0	0	0	0	0
AT3G05120	536	558	504	549	568	562
AT3G05125	0	0	0	0	0	0
AT3G05130	229	298	278	311	264	264
AT3G05135	0	0	0	0	0	0
AT3G05140	8	16	16	21	12	19
AT3G05145	0	0	0	0	0	0
AT3G05150	41	51	38	49	29	27
AT3G05152	2	2	1	4	1	1
AT3G05155	28	24	16	13	14	24
AT3G05160	401	412	374	519	464	430
AT3G05165	1990	1968	1731	1417	1516	1736
AT3G05170	106	82	85	79	79	85
AT3G05175	1	0	0	0	0	0
AT3G05180	191	211	159	183	174	184
AT3G05185	0	0	0	0	0	0
AT3G05190	51	49	51	54	64	49
AT3G05195	0	0	0	0	0	0
AT3G05200	573	802	651	415	471	548
AT3G05205	0	0	0	0	0	0
AT3G05210	380	362	339	312	284	295
AT3G05215	0	0	0	0	0	0
AT3G05220	2383	2492	2252	2123	2179	2255
AT3G05225	0	0	0	0	0	0
AT3G05230	272	332	298	236	290	259
AT3G05235	0	0	0	0	0	0
AT3G05240	0	0	0	0	0	0
AT3G05245	1	0	0	0	0	0
AT3G05250	140	155	120	125	132	136
AT3G05260	3	1	2	1	1	0
AT3G05265	0	0	0	0	0	0
AT3G05270	388	405	355	340	343	293
AT3G05275	0	0	0	0	0	0
AT3G05280	415	458	388	397	364	359
AT3G05285	0	0	0	0	0	0
AT3G05290	290	316	293	263	270	300
AT3G05295	0	0	0	0	0	0
AT3G05300	0	0	0	1	0	0
AT3G05305	0	0	0	0	0	0
AT3G05310	0	0	1	0	0	0
AT3G05315	0	0	0	0	0	0
AT3G05320	82	111	84	31	29	30
AT3G05325	0	0	1	2	2	1
AT3G05327	22	26	15	11	15	16
AT3G05330	140	131	134	134	128	126
AT3G05335	7	5	1	6	1	2
AT3G05340	67	57	40	62	61	64
AT3G05345	208	198	141	182	146	150
AT3G05350	730	850	704	831	738	685
AT3G05355	6	1	5	5	8	6
AT3G05360	226	238	177	174	203	245
AT3G05365	4	1	2	5	1	2
AT3G05370	119	211	148	161	171	154
AT3G05375	0	0	0	1	0	0
AT3G05380	520	580	477	519	469	499
AT3G05385	0	0	0	0	0	0
AT3G05390	99	67	70	48	46	56
AT3G05395	0	0	0	0	0	0
AT3G05400	214	222	156	130	112	171
AT3G05410	147	189	169	207	171	174
AT3G05420	1188	1141	982	974	973	922
AT3G05425	0	0	0	0	0	0
AT3G05430	42	43	36	44	31	32
AT3G05440	0	0	0	0	0	0
AT3G05445	4	2	0	5	3	1
AT3G05450	0	0	0	0	0	0
AT3G05455	0	0	0	0	0	0
AT3G05460	0	0	0	0	0	0
AT3G05465	0	0	0	0	0	0
AT3G05470	96	105	81	173	98	69
AT3G05475	0	0	0	0	0	0
AT3G05480	23	23	22	38	16	30
AT3G05485	0	0	0	0	0	0
AT3G05490	692	534	491	408	365	439
AT3G05495	0	0	0	0	0	0
AT3G05500	372	355	317	257	230	265
AT3G05505	0	0	0	0	0	0
AT3G05510	171	228	184	158	154	179
AT3G05515	0	0	0	0	0	0
AT3G05520	258	265	222	239	254	223
AT3G05525	0	0	0	0	0	0
AT3G05530	1757	1680	1674	1643	1481	1412
AT3G05535	0	0	0	0	0	0
AT3G05540	5	13	2	2	2	1
AT3G05545	742	772	697	644	591	604
AT3G05550	7	6	12	3	5	3
AT3G05555	0	0	0	0	0	0
AT3G05560	1296	1095	1239	1372	1191	1107
AT3G05570	82	82	80	80	54	68
AT3G05575	0	0	0	0	0	0
AT3G05580	264	298	220	255	222	242
AT3G05585	0	0	0	0	0	0
AT3G05590	3874	3575	3458	3596	3503	3226
AT3G05595	0	0	0	0	0	0
AT3G05600	109	122	112	153	156	123
AT3G05605	0	0	0	0	0	0
AT3G05610	0	0	0	0	1	0
AT3G05620	26	19	17	24	20	18
AT3G05625	166	133	127	143	143	129
AT3G05630	1219	1250	902	258	302	509
AT3G05635	2	0	1	2	0	0
AT3G05640	114	137	64	72	74	76
AT3G05645	0	0	0	0	0	0
AT3G05650	108	113	61	53	50	70
AT3G05655	0	0	0	0	2	1
AT3G05660	53	88	90	42	64	43
AT3G05665	0	0	0	0	0	0
AT3G05670	765	797	783	721	655	743
AT3G05675	83	92	101	105	98	90
AT3G05680	1088	998	912	1016	1023	977
AT3G05685	29	31	30	27	27	22
AT3G05690	927	842	621	307	469	480
AT3G05695	0	0	0	0	0	0
AT3G05700	175	147	133	126	142	123
AT3G05705	0	0	0	0	0	0
AT3G05710	384	391	340	301	299	296
AT3G05715	1	4	4	0	0	1
AT3G05720	7	1	1	4	4	4
AT3G05725	0	0	0	0	0	0
AT3G05727	1292	1099	752	1201	986	1026
AT3G05730	1203	1812	1540	1615	1004	1171
AT3G05735	0	0	0	0	0	0
AT3G05740	63	60	54	66	45	42
AT3G05741	0	1	0	0	0	0
AT3G05745	0	0	0	0	0	0
AT3G05746	1	0	0	0	0	0
AT3G05750	239	251	234	238	181	220
AT3G05755	0	0	0	0	0	0
AT3G05760	367	435	387	352	338	349
AT3G05765	0	0	0	0	0	0
AT3G05770	24	5	7	4	12	4
AT3G05775	0	0	0	0	0	0
AT3G05780	1	0	5	0	0	2
AT3G05785	0	0	0	0	0	0
AT3G05790	9	11	10	10	9	12
AT3G05795	0	0	0	0	0	0
AT3G05800	186	165	144	174	124	105
AT3G05805	0	0	0	0	0	0
AT3G05810	107	119	88	104	80	97
AT3G05815	0	0	0	0	0	0
AT3G05820	20	27	25	10	12	14
AT3G05825	0	0	0	0	0	0
AT3G05830	248	294	230	140	154	160
AT3G05835	0	0	0	0	0	0
AT3G05840	2695	2710	2283	1736	1865	1885
AT3G05845	0	0	0	0	0	0
AT3G05850	367	325	316	271	266	285
AT3G05855	0	0	0	0	0	0
AT3G05858	14	23	25	18	21	19
AT3G05860	11	12	20	13	9	8
AT3G05870	76	74	75	69	61	69
AT3G05880	2121	1644	1807	1419	1233	1274
AT3G05885	0	0	0	0	0	0
AT3G05890	882	528	604	493	342	329
AT3G05895	0	0	0	0	0	0
AT3G05900	0	0	0	0	0	1
AT3G05905	3	5	1	1	0	1
AT3G05910	633	654	605	558	573	611
AT3G05915	0	0	0	0	0	0
AT3G05920	163	94	126	113	69	58
AT3G05925	0	0	0	0	0	0
AT3G05930	0	1	0	0	2	0
AT3G05932	16	10	21	12	14	11
AT3G05935	0	0	0	0	0	0
AT3G05936	62	54	35	47	36	24
AT3G05937	186	165	163	81	86	112
AT3G05940	156	176	124	142	137	149
AT3G05945	56	56	76	82	77	80
AT3G05950	0	0	2	0	0	5
AT3G05955	18	40	38	4	3	3
AT3G05960	0	0	0	0	0	0
AT3G05965	0	0	0	0	0	0
AT3G05970	1822	2038	1836	1533	1706	1585
AT3G05975	0	0	0	0	0	0
AT3G05980	39	25	37	33	27	36
AT3G05985	0	0	0	0	0	0
AT3G05990	438	404	357	300	332	286
AT3G05995	1	5	5	3	3	2
AT3G06000	0	0	0	0	0	0
AT3G06010	607	654	564	512	468	454
AT3G06015	0	0	0	0	0	0
AT3G06019	0	0	0	0	0	0
AT3G06020	30	62	52	17	12	25
AT3G06025	0	1	0	0	0	1
AT3G06030	181	157	146	168	144	147
AT3G06035	471	477	408	365	325	366
AT3G06040	450	434	396	414	401	408
AT3G06045	0	0	0	0	1	1
AT3G06050	1328	1444	1243	1006	1094	1082
AT3G06055	0	0	0	0	0	0
AT3G06060	343	355	351	314	327	319
AT3G06065	0	0	0	0	0	0
AT3G06070	225	262	251	231	291	402
AT3G06075	0	0	0	0	0	0
AT3G06080	456	565	572	499	555	573
AT3G06085	0	0	0	0	0	0
AT3G06090	0	0	0	0	0	0
AT3G06095	0	1	0	0	0	0
AT3G06100	0	2	1	3	1	0
AT3G06105	0	0	0	0	0	0
AT3G06110	186	170	162	176	153	162
AT3G06115	0	0	0	0	0	0
AT3G06120	7	6	12	15	18	15
AT3G06125	179	165	124	89	108	102
AT3G06130	222	221	229	292	264	237
AT3G06135	0	0	0	0	0	0
AT3G06140	88	80	72	78	61	68
AT3G06145	57	31	58	35	38	22
AT3G06150	272	295	272	266	303	231
AT3G06155	0	0	0	0	0	0
AT3G06160	2	7	5	10	5	15
AT3G06165	0	0	0	0	0	0
AT3G06170	524	578	479	456	493	447
AT3G06180	96	96	91	55	85	85
AT3G06185	0	0	1	0	0	0
AT3G06190	604	622	590	577	549	538
AT3G06200	256	297	284	286	266	256
AT3G06205	0	0	0	0	0	0
AT3G06210	311	261	316	232	224	243
AT3G06215	0	0	0	0	0	0
AT3G06220	4	3	6	7	8	6
AT3G06225	0	0	0	0	0	0
AT3G06230	0	0	0	0	0	0
AT3G06235	0	0	0	0	0	0
AT3G06240	154	190	163	161	157	160
AT3G06245	0	0	0	2	0	0
AT3G06250	395	404	383	347	368	331
AT3G06255	0	0	0	0	0	0
AT3G06260	4	10	5	7	5	5
AT3G06265	0	0	0	0	0	0
AT3G06270	172	206	191	86	104	90
AT3G06275	0	0	0	0	0	0
AT3G06280	0	1	0	0	0	0
AT3G06285	0	0	0	0	0	0
AT3G06290	665	745	616	607	613	545
AT3G06295	0	0	0	0	0	0
AT3G06300	676	603	641	482	520	492
AT3G06310	177	157	142	171	122	150
AT3G06315	0	0	0	0	0	0
AT3G06320	102	88	87	89	83	83
AT3G06325	0	0	0	0	0	0
AT3G06330	232	305	225	229	188	227
AT3G06335	0	0	0	0	0	0
AT3G06340	358	317	347	285	289	298
AT3G06345	1	4	3	4	3	8
AT3G06350	1086	1029	1003	924	995	926
AT3G06355	69	99	86	75	68	64
AT3G06360	12	16	8	10	13	20
AT3G06370	105	106	105	106	85	93
AT3G06375	0	0	0	0	0	0
AT3G06380	555	568	597	454	562	587
AT3G06385	0	0	0	0	0	0
AT3G06390	197	149	167	176	141	134
AT3G06395	0	0	0	0	0	0
AT3G06400	2270	2266	2009	1982	1959	1924
AT3G06405	0	0	0	0	0	0
AT3G06410	408	457	370	386	317	316
AT3G06415	0	0	0	0	0	0
AT3G06420	514	362	352	243	236	255
AT3G06425	1	1	0	1	0	1
AT3G06430	462	495	427	559	488	496
AT3G06435	14	27	26	12	15	15
AT3G06436	0	0	0	0	0	0
AT3G06440	240	286	248	303	277	256
AT3G06445	0	0	0	0	0	0
AT3G06450	485	494	498	463	496	485
AT3G06455	94	108	104	83	116	78
AT3G06460	75	35	49	40	13	17
AT3G06465	1	0	0	0	0	0
AT3G06470	262	326	306	250	337	292
AT3G06475	1	2	0	0	0	0
AT3G06480	528	547	493	492	484	442
AT3G06483	463	462	389	525	478	453
AT3G06485	0	0	0	0	0	0
AT3G06490	62	49	54	41	28	33
AT3G06495	8	4	2	4	7	7
AT3G06500	887	1193	906	760	940	1262
AT3G06510	1337	1202	1017	1027	1019	915
AT3G06515	4	0	1	0	3	1
AT3G06520	10	7	17	12	17	18
AT3G06525	0	0	0	0	0	0
AT3G06530	791	678	662	730	715	706
AT3G06535	0	0	0	0	0	0
AT3G06540	482	484	428	387	430	391
AT3G06545	2	2	3	0	5	1
AT3G06550	739	919	727	751	813	690
AT3G06555	0	0	0	0	0	0
AT3G06560	0	0	0	0	0	0
AT3G06565	0	0	0	0	0	0
AT3G06570	100	96	102	105	98	76
AT3G06575	0	0	1	0	0	0
AT3G06580	835	770	788	681	731	760
AT3G06585	0	0	0	0	0	0
AT3G06590	320	301	290	426	322	312
AT3G06595	0	0	0	0	0	0
AT3G06600	19	8	9	10	7	9
AT3G06605	0	0	0	1	2	0
AT3G06610	333	351	318	284	295	280
AT3G06615	0	0	0	0	0	0
AT3G06620	567	596	579	512	485	468
AT3G06625	0	0	0	0	0	0
AT3G06630	47	50	54	62	66	43
AT3G06635	0	0	0	0	0	0
AT3G06640	4	3	3	11	12	13
AT3G06645	0	0	0	0	0	0
AT3G06650	2052	1988	1898	1787	1706	1545
AT3G06655	1	0	0	2	1	1
AT3G06660	167	162	147	175	135	146
AT3G06665	0	0	0	0	0	0
AT3G06670	1276	1352	1167	1079	1109	1062
AT3G06675	0	0	0	0	0	0
AT3G06680	476	476	504	454	488	431
AT3G06685	0	0	0	0	1	0
AT3G06690	13	15	11	9	14	10
AT3G06695	0	0	0	0	0	0
AT3G06700	2555	2374	2597	2728	2315	2335
AT3G06710	12	15	16	14	14	10
AT3G06715	0	0	0	0	0	0
AT3G06720	1280	1335	1309	1184	1120	1211
AT3G06725	0	0	0	0	0	0
AT3G06730	254	258	236	267	271	236
AT3G06735	0	0	0	0	0	0
AT3G06740	122	97	115	104	117	120
AT3G06745	0	0	0	0	0	0
AT3G06750	253	306	274	174	212	243
AT3G06755	13	18	14	16	9	13
AT3G06760	241	272	192	170	211	190
AT3G06765	0	0	0	0	0	0
AT3G06770	117	137	126	161	153	149
AT3G06775	0	0	0	0	0	0
AT3G06778	44	53	49	48	38	50
AT3G06780	97	85	74	86	79	94
AT3G06785	0	0	0	0	0	0
AT3G06790	298	294	249	295	298	275
AT3G06795	0	0	0	0	0	0
AT3G06805	0	0	0	0	0	0
AT3G06810	910	999	795	888	938	887
AT3G06815	0	1	0	0	0	0
AT3G06820	283	296	238	253	207	264
AT3G06830	3	0	2	1	1	0
AT3G06835	0	3	0	0	0	0
AT3G06840	54	56	46	72	50	70
AT3G06845	0	0	0	0	0	0
AT3G06850	317	333	328	370	392	385
AT3G06855	0	0	0	0	0	0
AT3G06860	2327	2385	2116	1855	2007	2066
AT3G06868	56	49	43	39	65	49
AT3G06870	0	0	0	0	0	0
AT3G06880	595	673	548	799	712	720
AT3G06890	14	26	29	16	12	13
AT3G06895	0	0	0	0	0	0
AT3G06900	0	0	0	0	0	0
AT3G06905	0	0	0	0	0	0
AT3G06910	117	129	120	96	93	107
AT3G06915	0	0	0	0	0	0
AT3G06920	123	141	114	107	127	141
AT3G06925	1	1	0	0	0	0
AT3G06930	420	413	403	411	446	401
AT3G06935	0	0	0	0	0	0
AT3G06950	81	99	97	104	91	103
AT3G06955	6	2	2	5	6	5
AT3G06960	278	275	270	283	232	252
AT3G06962	2	1	3	5	2	1
AT3G06970	0	0	0	0	0	0
AT3G06975	0	0	0	0	0	0
AT3G06980	1069	1016	967	1325	1162	1008
AT3G06985	0	0	0	0	0	0
AT3G06990	31	26	28	28	20	34
AT3G07000	29	26	33	26	54	42
AT3G07005	0	0	0	0	0	0
AT3G07010	478	507	435	539	474	449
AT3G07020	484	471	362	414	388	377
AT3G07025	0	0	0	0	0	0
AT3G07030	282	349	320	324	302	297
AT3G07040	175	246	179	125	194	200
AT3G07045	1	3	1	0	0	0
AT3G07050	830	861	826	872	764	763
AT3G07055	0	0	0	0	0	0
AT3G07060	113	106	124	118	112	97
AT3G07065	0	0	0	0	0	0
AT3G07070	198	77	111	90	46	47
AT3G07075	0	0	0	0	0	0
AT3G07080	187	221	167	186	162	186
AT3G07085	0	0	0	0	0	0
AT3G07090	724	696	559	592	600	521
AT3G07095	0	0	0	0	0	0
AT3G07100	2003	2092	1885	1744	1736	1713
AT3G07105	0	0	0	0	0	0
AT3G07110	1625	1472	1533	1676	1474	1349
AT3G07115	0	0	0	0	0	0
AT3G07120	4	7	7	8	6	2
AT3G07125	0	0	0	0	0	0
AT3G07130	221	167	163	187	138	170
AT3G07135	0	0	0	0	0	0
AT3G07140	474	469	408	421	414	411
AT3G07150	5	3	9	3	4	8
AT3G07155	0	0	0	0	0	0
AT3G07160	2438	2342	1978	2056	2195	1988
AT3G07165	0	0	0	0	0	0
AT3G07170	374	441	364	384	326	368
AT3G07175	1	0	0	0	2	0
AT3G07180	632	595	582	548	554	548
AT3G07185	0	0	0	0	0	0
AT3G07190	118	151	153	119	122	124
AT3G07195	131	187	158	55	70	93
AT3G07200	129	138	107	136	116	110
AT3G07205	13	12	13	12	11	14
AT3G07210	174	164	173	179	178	136
AT3G07215	88	101	67	93	93	67
AT3G07220	282	328	311	268	239	290
AT3G07225	0	0	0	1	0	0
AT3G07230	658	710	653	614	625	598
AT3G07235	0	0	0	0	0	0
AT3G07245	0	0	0	0	0	0
AT3G07250	0	0	0	0	0	1
AT3G07255	18	23	8	0	0	3
AT3G07260	4	4	2	2	2	3
AT3G07265	0	0	0	0	0	0
AT3G07270	756	755	670	662	626	562
AT3G07273	69	71	63	60	59	51
AT3G07275	1	0	1	1	1	0
AT3G07290	30	23	25	31	23	31
AT3G07295	0	0	0	0	0	0
AT3G07300	418	477	429	435	474	434
AT3G07305	0	0	0	0	0	0
AT3G07310	594	800	625	722	736	685
AT3G07315	0	0	0	0	0	0
AT3G07320	628	613	567	706	581	518
AT3G07325	0	0	0	0	0	0
AT3G07330	660	648	584	511	572	503
AT3G07335	0	0	0	0	0	0
AT3G07340	168	168	140	170	155	166
AT3G07345	1	0	0	0	0	2
AT3G07350	548	479	413	282	288	372
AT3G07355	0	0	0	0	0	0
AT3G07360	696	837	619	568	603	711
AT3G07365	0	0	0	0	0	0
AT3G07370	262	239	213	165	213	205
AT3G07375	0	0	0	0	0	0
AT3G07380	0	1	0	1	0	1
AT3G07385	0	0	0	0	0	0
AT3G07390	767	1127	880	791	789	882
AT3G07395	0	0	0	0	0	0
AT3G07400	501	590	474	447	489	563
AT3G07405	0	0	0	0	0	0
AT3G07410	175	248	195	267	255	237
AT3G07415	0	0	0	0	0	0
AT3G07420	156	173	189	197	154	173
AT3G07425	0	13	3	7	8	9
AT3G07430	595	570	633	695	645	614
AT3G07435	0	0	0	0	0	0
AT3G07440	148	180	149	196	186	150
AT3G07450	0	0	0	1	0	0
AT3G07460	601	727	647	696	720	667
AT3G07465	2	0	1	2	1	2
AT3G07470	650	867	830	674	805	880
AT3G07475	0	0	0	0	0	0
AT3G07480	1039	1137	970	909	875	799
AT3G07485	1	0	0	0	1	1
AT3G07490	48	32	40	26	8	8
AT3G07495	0	0	1	0	0	1
AT3G07500	53	56	57	60	54	44
AT3G07505	0	0	1	0	0	2
AT3G07510	4	2	3	4	1	4
AT3G07515	0	0	0	0	0	1
AT3G07520	130	156	100	96	118	102
AT3G07522	2	0	1	1	0	0
AT3G07525	66	61	63	56	55	74
AT3G07530	70	64	42	60	47	52
AT3G07540	198	184	201	243	219	253
AT3G07545	0	0	0	0	0	0
AT3G07550	114	128	103	107	102	113
AT3G07555	53	54	50	43	40	46
AT3G07560	1452	1454	1274	1205	1261	1194
AT3G07565	176	228	202	161	195	183
AT3G07568	141	130	116	141	122	152
AT3G07570	341	277	330	280	239	281
AT3G07580	85	111	96	72	91	63
AT3G07585	0	0	0	0	0	0
AT3G07590	100	113	126	96	115	107
AT3G07600	37	51	46	9	23	29
AT3G07605	0	0	0	0	0	0
AT3G07610	443	433	354	326	343	366
AT3G07615	0	0	0	0	0	0
AT3G07620	0	0	2	0	2	0
AT3G07625	0	0	0	0	0	0
AT3G07630	343	294	285	276	313	260
AT3G07635	3	1	2	1	0	1
AT3G07640	261	261	237	307	290	266
AT3G07645	0	0	0	0	0	0
AT3G07650	854	968	883	906	846	883
AT3G07655	0	0	0	0	0	0
AT3G07660	955	902	847	823	767	792
AT3G07665	0	0	0	0	0	0
AT3G07670	459	418	360	484	409	417
AT3G07675	11	12	9	14	3	14
AT3G07680	984	927	829	761	787	773
AT3G07685	1	0	0	0	0	0
AT3G07690	323	305	323	271	313	255
AT3G07695	0	0	0	0	0	0
AT3G07700	1166	1229	907	724	800	873
AT3G07705	0	0	0	0	0	0
AT3G07710	0	0	0	0	1	0
AT3G07715	1	1	2	7	6	2
AT3G07720	463	573	434	376	374	387
AT3G07725	6	3	2	7	6	2
AT3G07730	82	68	58	44	51	71
AT3G07735	0	5	3	2	1	3
AT3G07740	229	219	194	183	165	167
AT3G07745	0	1	0	0	0	0
AT3G07750	145	144	145	116	152	131
AT3G07755	0	0	0	0	0	0
AT3G07760	460	482	437	334	334	294
AT3G07765	0	0	0	0	0	0
AT3G07770	1259	1391	1370	1294	1343	1185
AT3G07775	0	0	1	0	0	1
AT3G07780	1357	1573	1453	1059	1227	1328
AT3G07785	0	0	0	0	0	0
AT3G07790	655	835	700	589	677	713
AT3G07795	0	0	0	0	0	0
AT3G07800	181	134	149	121	125	113
AT3G07805	0	0	1	0	0	0
AT3G07810	785	798	841	758	783	725
AT3G07815	0	0	0	0	0	0
AT3G07820	0	0	0	0	0	0
AT3G07825	1	1	2	5	1	4
AT3G07830	1	0	0	0	0	0
AT3G07835	0	0	0	0	0	0
AT3G07840	0	0	0	0	0	0
AT3G07845	0	0	0	0	0	0
AT3G07850	0	0	0	0	0	0
AT3G07855	0	0	0	0	1	0
AT3G07860	123	133	112	139	119	130
AT3G07865	0	0	0	0	0	0
AT3G07870	480	471	488	333	349	351
AT3G07875	3	0	2	1	2	1
AT3G07880	1047	1063	939	936	885	855
AT3G07885	0	0	0	0	0	0
AT3G07890	686	652	587	489	516	485
AT3G07895	0	0	0	0	0	0
AT3G07900	101	43	64	49	40	35
AT3G07905	0	0	0	0	0	0
AT3G07910	309	293	254	247	247	223
AT3G07915	0	0	0	0	0	0
AT3G07920	1	1	5	4	3	3
AT3G07925	1	0	0	0	0	0
AT3G07930	123	92	79	80	89	100
AT3G07935	3	2	3	2	2	1
AT3G07940	292	297	258	249	241	233
AT3G07945	0	0	0	0	0	0
AT3G07950	398	416	382	396	362	355
AT3G07955	0	0	0	0	0	0
AT3G07960	93	72	75	82	74	74
AT3G07965	0	0	0	0	0	0
AT3G07970	43	66	50	53	48	47
AT3G07975	0	0	0	0	0	0
AT3G07980	306	269	239	232	253	246
AT3G07985	0	0	0	2	0	0
AT3G07990	149	139	124	147	113	136
AT3G07995	0	0	0	0	0	0
AT3G08000	41	33	43	47	47	40
AT3G08005	0	0	0	1	0	0
AT3G08010	779	756	662	716	701	595
AT3G08020	341	364	326	323	351	313
AT3G08025	0	0	0	0	0	0
AT3G08030	967	1262	869	1047	970	974
AT3G08035	0	0	0	0	0	0
AT3G08040	393	327	363	191	249	358
AT3G08045	0	0	0	1	1	0
AT3G08050	0	0	0	0	0	0
AT3G08055	0	0	0	0	0	0
AT3G08065	71	79	67	79	46	66
AT3G08070	0	0	0	0	0	0
AT3G08075	0	0	0	0	0	2
AT3G08080	0	0	0	0	0	0
AT3G08085	0	0	0	0	0	0
AT3G08090	0	1	0	0	0	0
AT3G08100	0	0	0	0	0	0
AT3G08105	0	0	0	0	0	0
AT3G08110	0	0	0	0	0	0
AT3G08115	2	1	1	2	1	0
AT3G08120	0	0	0	0	0	0
AT3G08125	0	0	0	0	0	0
AT3G08130	0	0	0	0	0	1
AT3G08135	0	0	0	0	0	0
AT3G08140	0	0	0	0	0	0
AT3G08150	0	0	0	0	0	0
AT3G08155	0	0	0	0	0	0
AT3G08160	0	0	0	0	0	0
AT3G08165	12	17	19	12	13	11
AT3G08170	1	2	3	3	0	0
AT3G08175	0	0	0	0	0	0
AT3G08185	0	0	0	1	0	0
AT3G08190	0	0	0	0	0	0
AT3G08200	0	0	0	0	0	0
AT3G08205	0	0	0	0	0	0
AT3G08210	0	0	1	0	0	0
AT3G08215	0	0	0	0	0	0
AT3G08220	1	8	7	7	6	5
AT3G08225	0	0	0	0	0	0
AT3G08230	0	0	0	0	0	0
AT3G08235	0	0	0	0	0	0
AT3G08240	8	10	11	9	6	8
AT3G08245	0	0	0	0	0	0
AT3G08250	0	0	0	0	0	0
AT3G08255	0	0	0	0	0	0
AT3G08260	0	0	0	0	0	0
AT3G08265	0	0	0	0	0	0
AT3G08270	0	0	0	0	0	0
AT3G08275	4	4	1	2	2	3
AT3G08280	0	0	0	0	0	0
AT3G08285	0	0	0	0	0	0
AT3G08290	0	0	0	0	0	0
AT3G08295	0	0	0	0	0	0
AT3G08300	0	0	1	0	1	0
AT3G08310	0	0	0	0	0	0
AT3G08315	0	0	0	0	0	0
AT3G08325	0	0	0	0	0	0
AT3G08330	0	0	0	0	0	0
AT3G08335	0	0	0	0	0	0
AT3G08340	0	0	0	0	0	0
AT3G08345	0	0	0	0	0	0
AT3G08350	0	0	0	0	0	0
AT3G08355	0	0	0	0	0	0
AT3G08360	0	2	1	0	0	0
AT3G08365	0	0	0	0	0	0
AT3G08370	1	1	0	1	0	0
AT3G08380	0	0	0	0	0	0
AT3G08390	0	0	0	0	0	1
AT3G08395	0	0	0	0	0	0
AT3G08400	0	0	0	0	0	0
AT3G08405	2	0	1	0	0	0
AT3G08410	0	0	0	0	0	0
AT3G08415	0	0	0	1	0	0
AT3G08420	0	0	0	0	0	0
AT3G08425	1	0	0	2	2	0
AT3G08430	0	0	0	0	0	0
AT3G08435	0	0	0	0	0	0
AT3G08450	0	0	0	0	0	0
AT3G08455	0	0	0	0	0	0
AT3G08460	0	0	0	0	0	0
AT3G08465	0	0	0	0	0	0
AT3G08470	0	0	0	0	0	0
AT3G08475	0	0	0	0	0	0
AT3G08480	0	0	0	0	0	0
AT3G08485	0	0	0	0	0	0
AT3G08490	13	12	12	7	3	6
AT3G08495	0	0	0	0	0	0
AT3G08500	5	13	11	8	10	10
AT3G08505	127	117	103	116	79	92
AT3G08510	4660	5263	4165	4242	4013	3797
AT3G08515	0	0	0	0	0	0
AT3G08520	487	494	521	470	426	376
AT3G08525	1	0	0	0	1	2
AT3G08530	5197	4968	4562	4593	4573	4470
AT3G08535	0	0	0	0	0	0
AT3G08545	0	0	0	0	0	0
AT3G08550	532	495	463	445	484	458
AT3G08560	0	0	0	0	1	1
AT3G08570	52	41	53	66	52	69
AT3G08575	0	0	0	0	0	0
AT3G08580	17838	18032	17400	15795	14927	14223
AT3G08585	0	0	0	1	0	0
AT3G08590	2062	2417	1701	1675	1756	1879
AT3G08595	1	1	1	3	2	2
AT3G08600	121	135	93	146	108	120
AT3G08605	0	0	0	0	0	0
AT3G08610	1267	1298	1161	1149	1128	1072
AT3G08615	0	0	0	0	0	0
AT3G08620	127	123	120	134	139	117
AT3G08630	216	219	187	165	170	155
AT3G08635	6	7	7	4	5	9
AT3G08636	0	0	0	0	1	0
AT3G08640	742	667	650	630	654	682
AT3G08645	2	0	0	0	0	0
AT3G08650	1109	1234	975	800	801	847
AT3G08655	2	4	1	1	3	0
AT3G08660	26	24	23	16	18	12
AT3G08665	0	0	0	0	0	0
AT3G08670	523	481	511	478	430	418
AT3G08675	0	0	0	0	0	0
AT3G08680	711	721	660	768	685	662
AT3G08685	2	4	1	4	1	2
AT3G08690	410	447	372	193	162	163
AT3G08695	0	0	0	0	0	0
AT3G08700	4	6	6	2	3	0
AT3G08705	0	0	0	0	0	0
AT3G08710	508	650	529	407	421	441
AT3G08715	0	0	0	0	0	0
AT3G08720	942	1430	846	357	455	694
AT3G08725	0	0	0	0	0	0
AT3G08730	1028	919	813	641	588	641
AT3G08735	0	0	0	0	0	0
AT3G08740	1132	1062	982	1298	1196	1019
AT3G08745	0	0	0	0	0	0
AT3G08750	0	0	0	0	0	0
AT3G08755	0	0	0	0	0	0
AT3G08760	604	800	678	525	677	677
AT3G08765	0	0	0	0	0	0
AT3G08770	309	312	272	377	393	463
AT3G08775	0	0	0	0	0	0
AT3G08780	230	236	220	209	219	225
AT3G08785	0	0	0	0	0	0
AT3G08790	1	4	1	0	1	0
AT3G08795	3	1	1	1	0	1
AT3G08800	126	130	98	132	115	111
AT3G08805	0	0	0	0	1	0
AT3G08810	1	5	4	3	9	6
AT3G08815	0	1	0	1	1	0
AT3G08820	34	33	22	40	31	34
AT3G08825	3	0	0	0	0	0
AT3G08835	0	0	0	0	0	0
AT3G08840	493	579	503	420	427	435
AT3G08845	0	0	0	0	0	0
AT3G08850	1692	1637	1414	1467	1506	1345
AT3G08855	0	0	0	0	0	0
AT3G08860	474	385	367	177	200	265
AT3G08870	158	121	111	45	53	56
AT3G08875	0	0	0	0	0	0
AT3G08880	128	126	119	140	137	131
AT3G08890	173	187	200	189	189	177
AT3G08895	0	0	0	0	0	0
AT3G08900	0	0	0	2	0	1
AT3G08905	0	0	0	0	0	0
AT3G08910	206	205	185	185	188	154
AT3G08915	0	0	0	0	1	0
AT3G08920	286	338	255	380	326	296
AT3G08925	0	0	0	0	0	0
AT3G08930	1408	1439	1267	1187	1157	1129
AT3G08935	0	0	0	0	0	0
AT3G08940	6641	12129	7723	10970	10705	9133
AT3G08943	419	375	377	429	377	369
AT3G08945	0	0	0	0	0	0
AT3G08947	66	81	64	65	84	59
AT3G08950	171	130	174	152	139	140
AT3G08960	594	633	571	499	537	515
AT3G08965	0	0	0	0	0	0
AT3G08970	190	293	168	79	124	147
AT3G08975	0	0	0	0	0	0
AT3G08980	47	65	52	48	50	34
AT3G08985	0	1	0	0	0	1
AT3G08990	56	53	35	29	29	47
AT3G09000	293	351	332	316	308	306
AT3G09005	4	1	7	4	6	4
AT3G09010	165	239	190	50	99	91
AT3G09015	0	0	0	0	0	0
AT3G09020	199	284	229	93	178	129
AT3G09025	0	0	0	0	0	0
AT3G09030	244	315	264	236	252	245
AT3G09032	42	57	47	39	36	35
AT3G09035	186	172	170	188	178	170
AT3G09040	41	51	49	44	52	52
AT3G09045	0	0	0	0	0	0
AT3G09050	338	289	260	424	361	299
AT3G09055	3	1	3	3	3	2
AT3G09060	55	64	56	55	53	57
AT3G09065	0	0	0	1	0	0
AT3G09070	213	239	212	292	244	248
AT3G09075	0	2	1	0	0	0
AT3G09080	9	16	14	20	9	20
AT3G09085	33	34	27	10	28	22
AT3G09090	915	867	762	699	749	684
AT3G09095	0	0	0	0	0	0
AT3G09100	753	864	728	663	653	670
AT3G09105	0	0	0	0	0	0
AT3G09110	0	0	2	0	0	0
AT3G09115	0	0	0	0	0	0
AT3G09120	0	0	0	0	0	2
AT3G09125	0	0	0	0	0	0
AT3G09130	0	0	0	0	0	0
AT3G09135	0	0	0	0	0	0
AT3G09140	0	0	0	0	0	0
AT3G09145	8	7	16	8	11	9
AT3G09150	216	198	222	247	238	184
AT3G09155	0	0	0	0	0	0
AT3G09160	32	12	26	80	57	42
AT3G09162	16	8	8	47	23	24
AT3G09175	0	0	0	0	0	0
AT3G09180	208	236	178	195	201	202
AT3G09185	0	1	0	0	0	0
AT3G09190	36	35	37	46	41	40
AT3G09195	0	0	0	0	0	0
AT3G09200	5698	5094	5308	5665	4995	4774
AT3G09205	0	0	0	0	0	0
AT3G09210	756	749	718	938	832	825
AT3G09220	1026	708	918	735	661	779
AT3G09225	0	0	0	0	0	0
AT3G09230	118	95	105	81	86	86
AT3G09240	75	39	46	33	32	26
AT3G09245	0	0	0	0	0	0
AT3G09250	271	276	228	283	317	256
AT3G09255	0	0	1	0	0	0
AT3G09260	51668	51980	45719	39809	34702	42705
AT3G09265	0	0	0	0	0	0
AT3G09270	1541	1083	1279	1172	1379	1318
AT3G09275	0	0	0	0	0	0
AT3G09280	3	1	1	3	3	3
AT3G09285	0	0	0	0	0	0
AT3G09290	22	17	12	7	11	12
AT3G09295	2	0	1	0	0	1
AT3G09300	925	852	834	806	826	741
AT3G09305	0	0	0	0	1	0
AT3G09310	33	27	25	34	32	33
AT3G09315	0	0	0	0	0	0
AT3G09320	272	297	222	229	231	215
AT3G09325	0	0	0	0	0	1
AT3G09330	20	22	14	9	7	4
AT3G09335	0	0	0	0	1	0
AT3G09340	0	0	0	0	0	0
AT3G09345	2	0	0	1	1	1
AT3G09350	375	350	278	291	295	233
AT3G09355	0	0	0	0	0	0
AT3G09360	316	334	282	237	254	257
AT3G09365	0	0	0	0	0	0
AT3G09370	168	145	145	140	121	121
AT3G09380	0	0	0	0	0	0
AT3G09390	11072	11226	9834	8495	8512	8921
AT3G09395	0	0	0	0	0	0
AT3G09400	142	97	101	14	23	53
AT3G09405	109	103	57	77	87	89
AT3G09410	507	526	518	500	491	488
AT3G09415	1	8	6	6	1	4
AT3G09425	0	0	0	0	0	0
AT3G09430	16	19	18	18	30	18
AT3G09435	0	0	0	0	0	0
AT3G09440	8692	7271	5138	5681	5287	4264
AT3G09445	0	0	0	0	0	0
AT3G09450	41	13	13	20	9	2
AT3G09455	64	47	43	46	37	42
AT3G09465	0	0	0	1	0	0
AT3G09470	514	539	499	479	437	432
AT3G09475	0	0	0	0	0	0
AT3G09480	26	30	34	20	14	17
AT3G09485	0	0	0	0	0	0
AT3G09490	137	134	131	80	93	97
AT3G09495	0	0	0	0	0	0
AT3G09500	3023	2699	2702	2963	2637	2501
AT3G09505	0	0	0	0	0	0
AT3G09510	0	0	0	0	0	0
AT3G09515	0	0	0	0	0	1
AT3G09520	56	69	38	34	44	49
AT3G09525	19	42	18	0	3	4
AT3G09530	0	0	0	0	0	0
AT3G09540	133	176	104	111	95	92
AT3G09545	39	88	26	2	1	3
AT3G09550	49	56	42	41	45	43
AT3G09555	2	2	4	1	4	1
AT3G09560	943	1030	771	460	470	612
AT3G09565	0	0	0	0	0	0
AT3G09570	420	391	356	317	346	312
AT3G09575	0	0	0	0	0	0
AT3G09580	158	208	178	205	209	153
AT3G09585	0	0	0	0	0	0
AT3G09590	2	1	0	0	0	0
AT3G09595	2	0	0	0	0	0
AT3G09600	424	314	270	55	54	77
AT3G09605	0	0	0	0	0	0
AT3G09615	0	0	0	0	0	0
AT3G09620	0	1	0	0	0	0
AT3G09625	0	0	0	0	0	0
AT3G09630	3979	3812	3835	4199	3859	3618
AT3G09635	0	0	0	0	0	0
AT3G09640	1	4	1	3	1	4
AT3G09645	0	1	0	0	0	0
AT3G09650	384	406	329	361	344	297
AT3G09655	0	0	0	0	0	0
AT3G09660	106	139	101	88	97	102
AT3G09665	0	0	0	0	0	0
AT3G09670	208	219	189	228	161	185
AT3G09675	0	0	0	0	0	0
AT3G09680	20	13	18	18	15	24
AT3G09685	0	0	0	0	0	0
AT3G09690	244	245	190	228	208	207
AT3G09695	1	0	0	0	0	0
AT3G09700	69	44	64	65	62	63
AT3G09705	0	0	0	0	0	0
AT3G09710	171	124	134	154	122	140
AT3G09720	244	242	221	262	232	233
AT3G09725	12	6	9	16	6	11
AT3G09730	47	51	57	55	55	50
AT3G09735	587	572	553	481	476	447
AT3G09740	974	959	838	867	807	814
AT3G09745	2	0	0	0	0	0
AT3G09750	0	0	0	0	0	0
AT3G09755	0	0	0	0	0	0
AT3G09760	342	328	304	343	255	299
AT3G09765	0	0	0	0	0	0
AT3G09770	707	802	719	672	637	677
AT3G09775	6	3	6	10	6	2
AT3G09780	50	41	64	61	54	54
AT3G09785	5	3	0	0	1	0
AT3G09790	19	23	13	12	12	9
AT3G09795	0	0	0	0	0	0
AT3G09800	172	171	117	197	149	154
AT3G09810	614	546	488	360	408	449
AT3G09815	0	0	0	0	0	0
AT3G09820	3370	3146	3114	3177	2949	2694
AT3G09825	0	0	0	0	0	0
AT3G09830	446	740	527	244	343	441
AT3G09835	0	0	0	0	0	0
AT3G09840	8290	8289	7607	7394	7279	6942
AT3G09845	0	0	0	0	0	0
AT3G09850	1148	1192	988	984	882	886
AT3G09855	2	1	0	0	0	0
AT3G09860	917	910	755	958	927	916
AT3G09863	1	0	0	0	0	1
AT3G09865	0	0	0	0	0	0
AT3G09870	6	15	10	9	5	15
AT3G09875	0	0	0	0	0	0
AT3G09880	511	544	491	479	497	461
AT3G09890	217	176	146	156	149	132
AT3G09895	0	0	0	0	0	0
AT3G09900	429	477	398	433	451	454
AT3G09905	0	0	0	0	0	0
AT3G09910	67	63	49	39	36	43
AT3G09920	584	627	538	446	466	438
AT3G09922	2139	2710	1701	535	475	1403
AT3G09925	459	297	289	211	145	140
AT3G09930	1	3	0	0	1	4
AT3G09935	1	0	0	0	0	0
AT3G09940	920	603	631	309	247	384
AT3G09945	0	0	0	0	0	0
AT3G09950	20	12	12	6	10	4
AT3G09955	3	3	6	1	6	1
AT3G09960	35	17	37	19	8	17
AT3G09965	0	0	0	0	0	0
AT3G09970	427	348	369	365	354	312
AT3G09980	655	556	556	570	503	534
AT3G09985	3	1	5	0	1	1
AT3G09990	0	0	0	0	0	0
AT3G09995	0	0	0	0	0	0
AT3G10000	17	8	21	30	12	8
AT3G10010	357	413	374	366	345	391
AT3G10015	0	0	0	0	0	0
AT3G10020	649	946	855	1100	1140	1102
AT3G10030	532	548	467	444	435	440
AT3G10035	0	0	0	0	0	0
AT3G10040	321	538	601	244	446	479
AT3G10050	570	645	595	642	605	514
AT3G10060	682	738	575	760	749	590
AT3G10070	150	175	132	178	126	135
AT3G10080	95	142	88	127	102	111
AT3G10090	247	231	203	225	220	204
AT3G10110	55	49	51	46	48	38
AT3G10113	0	0	0	0	0	0
AT3G10116	3	2	0	4	1	2
AT3G10120	0	0	0	0	0	0
AT3G10130	380	437	337	501	530	476
AT3G10140	138	155	138	161	139	143
AT3G10150	39	58	26	15	9	32
AT3G10160	704	738	663	792	715	711
AT3G10180	91	95	82	97	82	66
AT3G10185	1	1	0	1	4	1
AT3G10190	148	147	169	138	140	169
AT3G10195	0	0	0	0	0	0
AT3G10200	71	76	61	81	55	56
AT3G10210	234	234	199	169	152	173
AT3G10220	273	285	278	264	238	233
AT3G10230	611	621	517	462	463	451
AT3G10240	0	0	0	0	0	0
AT3G10250	458	438	439	412	359	404
AT3G10260	630	630	570	503	516	585
AT3G10270	549	513	470	601	523	507
AT3G10280	1	2	3	2	0	2
AT3G10290	33	20	19	27	35	23
AT3G10300	378	485	383	326	387	397
AT3G10310	151	126	152	180	150	125
AT3G10320	285	235	198	38	66	77
AT3G10330	266	321	279	234	242	230
AT3G10340	181	192	192	247	222	171
AT3G10350	602	599	520	570	522	544
AT3G10360	719	737	613	670	583	599
AT3G10370	683	705	591	567	631	625
AT3G10380	1693	1844	1574	1353	1474	1459
AT3G10390	422	405	344	357	334	313
AT3G10400	0	0	0	0	0	0
AT3G10405	313	407	363	444	410	400
AT3G10410	2597	2794	2210	2145	1983	1864
AT3G10415	0	0	0	0	0	0
AT3G10420	2120	2777	1564	707	738	873
AT3G10430	0	0	0	0	2	0
AT3G10439	0	0	0	0	0	0
AT3G10440	141	138	125	130	138	121
AT3G10450	266	277	207	163	194	224
AT3G10455	0	0	0	0	0	0
AT3G10460	0	0	0	0	0	0
AT3G10470	17	12	7	11	4	4
AT3G10480	456	454	464	495	409	398
AT3G10490	557	618	516	497	528	546
AT3G10500	729	725	628	477	557	579
AT3G10510	0	0	0	0	1	1
AT3G10520	641	595	646	802	750	644
AT3G10525	55	45	40	55	36	46
AT3G10527	0	0	0	0	0	0
AT3G10530	254	264	237	242	237	237
AT3G10540	236	265	224	232	208	196
AT3G10550	323	334	290	322	297	259
AT3G10560	1	1	0	1	3	0
AT3G10570	52	47	44	61	57	59
AT3G10572	173	162	146	164	144	151
AT3G10580	0	0	1	0	0	0
AT3G10585	0	0	0	0	0	0
AT3G10590	5	6	4	5	5	4
AT3G10595	0	0	0	0	0	0
AT3G10600	4	0	1	1	0	2
AT3G10605	1	2	0	3	1	2
AT3G10610	335	294	287	315	295	258
AT3G10620	158	158	155	158	168	154
AT3G10630	117	101	84	101	96	96
AT3G10640	537	638	472	404	461	504
AT3G10650	1392	1245	1157	1135	1054	1034
AT3G10660	273	235	235	211	189	192
AT3G10670	856	945	757	761	753	750
AT3G10680	37	32	38	35	36	38
AT3G10690	624	673	612	672	604	559
AT3G10700	209	260	213	213	204	190
AT3G10710	446	207	306	217	168	116
AT3G10720	589	1186	971	592	820	980
AT3G10730	302	310	248	271	273	240
AT3G10740	1384	1216	1314	1266	1240	1158
AT3G10745	2	0	0	3	4	1
AT3G10750	5	4	1	4	1	2
AT3G10760	469	334	398	389	327	384
AT3G10770	789	969	860	801	733	722
AT3G10780	5	5	3	5	1	4
AT3G10790	0	0	0	0	0	0
AT3G10800	712	717	630	561	636	616
AT3G10810	392	451	355	392	374	330
AT3G10815	127	76	68	28	47	67
AT3G10820	162	155	150	94	99	97
AT3G10840	256	230	170	259	201	184
AT3G10845	0	0	0	0	2	0
AT3G10850	1111	1197	1127	1242	1134	1093
AT3G10860	1242	1180	1215	1165	1013	1067
AT3G10870	92	106	111	111	102	105
AT3G10880	22	17	16	8	11	5
AT3G10890	0	0	0	0	0	0
AT3G10900	0	0	0	0	0	0
AT3G10910	193	164	153	113	123	84
AT3G10915	381	401	363	348	339	317
AT3G10920	2626	2594	2335	2309	2161	2220
AT3G10930	104	196	93	44	42	81
AT3G10940	206	304	203	341	317	342
AT3G10950	0	0	0	0	0	0
AT3G10960	129	126	127	149	154	128
AT3G10970	1078	1239	1062	1160	1140	1045
AT3G10974	0	0	0	0	0	0
AT3G10980	373	319	313	286	310	291
AT3G10985	1530	1777	1699	1370	1666	1805
AT3G10986	18	14	24	25	33	29
AT3G10990	0	0	0	0	0	0
AT3G11000	7	6	9	5	4	6
AT3G11010	356	438	211	113	126	183
AT3G11020	32	59	38	33	29	30
AT3G11030	355	351	300	275	273	272
AT3G11040	133	128	123	102	93	110
AT3G11050	51	37	37	39	34	39
AT3G11060	0	0	0	0	0	0
AT3G11070	308	332	308	355	301	326
AT3G11080	129	86	77	38	62	60
AT3G11090	143	115	114	105	97	63
AT3G11100	371	365	336	321	324	274
AT3G11110	106	81	67	42	47	44
AT3G11120	401	317	374	353	328	312
AT3G11130	5105	4675	4181	4223	4386	3954
AT3G11150	26	23	25	5	8	13
AT3G11160	1	3	2	1	1	2
AT3G11165	3	3	3	2	2	3
AT3G11170	3053	3065	2493	2834	2692	2535
AT3G11180	3	1	2	2	4	3
AT3G11200	868	841	823	784	712	743
AT3G11210	236	223	194	190	126	164
AT3G11220	189	182	163	161	143	151
AT3G11230	502	522	427	376	366	397
AT3G11240	155	199	136	137	154	136
AT3G11250	384	383	379	424	397	423
AT3G11260	6	9	5	18	7	10
AT3G11270	330	290	305	301	299	292
AT3G11280	531	487	508	446	410	422
AT3G11285	0	0	0	0	0	0
AT3G11290	252	273	244	267	275	225
AT3G11300	0	0	0	0	0	0
AT3G11310	0	0	0	0	0	0
AT3G11320	376	348	335	280	300	276
AT3G11325	1	1	1	0	1	1
AT3G11330	689	720	631	576	527	563
AT3G11340	627	685	593	305	368	379
AT3G11350	0	0	2	0	0	0
AT3G11370	36	22	38	13	8	13
AT3G11380	0	2	0	0	0	0
AT3G11385	8	2	6	2	2	2
AT3G11390	10	4	14	7	9	4
AT3G11395	0	0	0	0	0	0
AT3G11397	297	301	272	274	248	233
AT3G11400	1311	1229	1276	1328	1268	1128
AT3G11402	47	50	53	31	45	48
AT3G11405	0	0	0	1	0	0
AT3G11410	464	510	325	274	367	512
AT3G11415	1	1	1	0	0	0
AT3G11420	326	329	305	263	276	296
AT3G11430	83	131	94	101	94	63
AT3G11435	0	0	0	0	0	0
AT3G11440	69	80	62	51	72	68
AT3G11450	1443	1544	1423	1304	1362	1292
AT3G11460	24	36	39	42	31	41
AT3G11470	73	80	75	68	70	74
AT3G11480	10	0	2	0	0	10
AT3G11490	323	273	281	273	240	214
AT3G11500	219	232	234	264	209	245
AT3G11505	0	0	0	0	0	0
AT3G11510	1450	1311	1250	1369	1243	1097
AT3G11520	92	90	69	74	73	87
AT3G11530	266	324	263	236	270	263
AT3G11540	660	772	688	670	630	684
AT3G11550	189	129	103	114	92	74
AT3G11560	1994	1973	1812	2030	2064	1871
AT3G11570	13	16	18	11	12	16
AT3G11580	158	116	100	94	93	114
AT3G11590	551	510	502	537	437	469
AT3G11591	0	0	0	0	0	0
AT3G11600	105	145	125	133	151	117
AT3G11620	135	125	141	145	157	117
AT3G11630	5400	5662	4957	6163	5422	5199
AT3G11640	7	6	4	9	7	5
AT3G11650	150	259	187	176	173	228
AT3G11660	1058	1038	901	490	550	559
AT3G11670	1041	1147	870	647	614	705
AT3G11680	0	1	2	0	1	1
AT3G11690	195	169	209	197	193	200
AT3G11700	1406	1482	1373	1033	1252	1263
AT3G11710	1740	1642	1566	1701	1651	1617
AT3G11720	215	200	179	201	205	169
AT3G11730	691	599	605	531	560	465
AT3G11740	0	0	0	0	0	1
AT3G11745	34	37	32	42	23	29
AT3G11750	40	39	38	71	62	49
AT3G11760	192	237	200	212	199	222
AT3G11770	241	234	173	184	189	190
AT3G11773	5	5	9	10	3	8
AT3G11780	769	763	747	592	710	712
AT3G11800	546	504	544	472	474	448
AT3G11810	435	489	404	386	435	439
AT3G11820	840	1448	912	601	737	865
AT3G11825	0	0	0	0	0	0
AT3G11830	1781	1875	1802	1723	1697	1559
AT3G11840	148	230	171	85	115	142
AT3G11850	196	223	187	160	180	145
AT3G11860	2	1	2	0	0	1
AT3G11870	0	0	0	0	0	0
AT3G11880	373	478	382	303	324	359
AT3G11890	228	262	209	200	217	207
AT3G11900	329	333	232	201	207	180
AT3G11910	2239	2162	1976	1992	1990	1951
AT3G11920	0	0	2	1	1	0
AT3G11930	956	1016	916	1013	900	1001
AT3G11940	2648	2449	2550	2892	2460	2189
AT3G11945	574	640	565	579	585	542
AT3G11950	159	175	167	147	160	128
AT3G11960	779	844	683	706	704	650
AT3G11964	1214	1149	1100	1039	1167	1032
AT3G11980	1	3	0	0	0	0
AT3G11990	0	0	0	0	0	0
AT3G12000	0	0	0	0	0	0
AT3G12010	747	774	635	686	597	603
AT3G12020	776	877	760	723	743	705
AT3G12030	0	0	0	0	0	0
AT3G12040	73	63	66	38	31	38
AT3G12050	1103	1147	1086	940	1051	981
AT3G12060	5	8	7	5	6	8
AT3G12070	40	50	51	50	51	48
AT3G12080	1203	1337	1226	1384	1366	1352
AT3G12090	214	215	192	200	192	156
AT3G12100	237	231	213	220	216	198
AT3G12110	175	169	145	137	119	122
AT3G12120	13689	16102	12668	15075	12742	12555
AT3G12130	491	460	506	468	473	482
AT3G12140	579	620	526	532	467	533
AT3G12145	165	228	153	140	151	259
AT3G12150	210	275	292	228	283	251
AT3G12160	0	1	0	1	0	1
AT3G12170	38	48	39	38	49	37
AT3G12180	66	75	58	60	51	63
AT3G12190	0	0	0	0	0	0
AT3G12200	487	479	494	414	450	421
AT3G12203	0	0	1	2	0	0
AT3G12210	183	182	163	128	89	109
AT3G12220	79	31	47	1	13	4
AT3G12230	1	3	2	0	0	0
AT3G12240	24	12	17	6	2	8
AT3G12250	112	113	97	103	96	97
AT3G12260	665	625	539	579	528	568
AT3G12270	254	253	253	264	242	250
AT3G12280	761	867	724	706	652	642
AT3G12290	1849	2106	1754	1837	1757	1806
AT3G12300	129	135	118	96	109	123
AT3G12320	103	104	65	32	43	52
AT3G12340	211	191	206	195	186	175
AT3G12345	998	946	839	907	803	718
AT3G12350	458	514	408	281	276	313
AT3G12360	788	1009	874	704	652	775
AT3G12370	220	203	201	220	204	213
AT3G12380	294	279	296	304	261	256
AT3G12385	0	0	0	0	0	0
AT3G12390	1456	1403	1457	1555	1352	1312
AT3G12400	373	454	408	311	383	403
AT3G12410	1	0	1	2	3	0
AT3G12420	0	0	0	0	0	0
AT3G12430	0	0	0	0	0	0
AT3G12440	0	0	1	0	0	0
AT3G12460	4	12	7	3	4	3
AT3G12470	0	0	0	2	0	1
AT3G12480	401	367	327	334	313	307
AT3G12490	1614	1705	1463	1444	1386	1341
AT3G12500	4326	4054	3284	978	1169	1900
AT3G12502	2	12	4	0	1	3
AT3G12510	0	0	0	0	0	0
AT3G12520	358	344	365	330	285	378
AT3G12530	65	62	61	66	60	47
AT3G12540	139	64	72	45	38	34
AT3G12545	1	3	1	4	0	2
AT3G12550	247	297	199	216	188	205
AT3G12560	637	643	532	565	489	489
AT3G12570	767	863	774	658	710	714
AT3G12580	2205	2553	1823	1234	1556	1214
AT3G12585	0	0	1	0	1	1
AT3G12587	91	75	70	102	74	74
AT3G12590	487	469	478	462	401	429
AT3G12600	442	411	427	478	455	460
AT3G12610	516	458	450	609	510	427
AT3G12620	536	554	487	419	438	433
AT3G12630	1050	1071	990	756	827	837
AT3G12640	545	612	531	471	440	490
AT3G12650	50	35	28	30	37	29
AT3G12660	0	0	0	0	0	0
AT3G12670	735	797	671	798	784	752
AT3G12680	348	336	331	344	329	312
AT3G12685	125	122	110	152	166	129
AT3G12690	112	116	78	93	98	105
AT3G12700	392	505	535	469	707	651
AT3G12710	325	269	221	325	234	236
AT3G12720	42	26	31	28	25	35
AT3G12730	74	99	89	89	75	108
AT3G12740	1229	1419	1050	713	876	875
AT3G12750	185	162	140	99	107	123
AT3G12760	861	867	780	706	688	662
AT3G12770	10	7	6	6	4	7
AT3G12775	0	0	0	0	0	0
AT3G12780	10826	11504	8862	11418	10731	9254
AT3G12800	1462	1484	1311	1100	1056	1110
AT3G12810	745	704	637	624	627	617
AT3G12820	8	10	14	15	12	7
AT3G12830	88	97	70	62	46	55
AT3G12833	4	3	5	2	6	3
AT3G12835	0	0	0	0	0	0
AT3G12840	1	0	1	0	1	0
AT3G12850	0	0	0	0	0	0
AT3G12860	117	110	109	133	96	101
AT3G12870	102	81	88	102	72	77
AT3G12880	1	2	0	1	0	0
AT3G12890	7	5	1	4	4	4
AT3G12900	0	0	0	1	0	1
AT3G12910	17	25	17	7	4	4
AT3G12915	89	86	77	111	78	60
AT3G12920	243	208	250	310	259	208
AT3G12930	354	345	303	421	388	349
AT3G12940	151	140	117	146	129	122
AT3G12950	539	477	466	478	410	405
AT3G12955	15	12	11	30	19	8
AT3G12960	0	1	1	1	3	1
AT3G12965	42	46	36	35	23	43
AT3G12970	50	45	40	63	48	41
AT3G12977	23	29	28	50	58	40
AT3G12980	859	807	732	762	740	715
AT3G12990	158	173	153	156	129	136
AT3G13000	254	280	226	414	340	339
AT3G13010	0	2	0	0	0	4
AT3G13020	22	26	19	14	19	12
AT3G13030	306	356	290	255	280	293
AT3G13040	935	945	797	641	595	625
AT3G13050	235	233	205	166	181	169
AT3G13060	727	782	665	591	623	570
AT3G13061	0	0	0	0	0	0
AT3G13062	729	668	723	468	513	549
AT3G13065	88	70	56	56	44	41
AT3G13070	736	782	782	768	728	665
AT3G13075	0	0	0	0	1	0
AT3G13080	3320	5264	2706	1200	1860	2562
AT3G13090	95	107	99	47	59	53
AT3G13100	201	156	197	105	132	170
AT3G13110	3402	3647	2883	1864	2054	2348
AT3G13120	2336	2395	2060	2618	2349	2242
AT3G13130	75	69	42	11	13	16
AT3G13140	0	0	1	0	0	0
AT3G13150	78	81	83	75	79	70
AT3G13160	190	179	194	185	168	172
AT3G13170	15	11	11	16	14	12
AT3G13175	126	147	117	146	113	125
AT3G13180	329	306	276	359	314	316
AT3G13190	178	144	134	168	150	150
AT3G13200	930	1113	944	910	850	824
AT3G13210	7	9	7	15	4	17
AT3G13220	0	0	1	0	0	1
AT3G13222	398	445	397	357	395	393
AT3G13223	0	0	0	0	0	0
AT3G13224	384	426	370	330	338	326
AT3G13225	539	571	559	549	547	499
AT3G13226	303	306	253	302	240	245
AT3G13227	0	0	0	0	1	1
AT3G13228	0	0	0	0	0	0
AT3G13229	0	0	0	0	0	0
AT3G13230	283	330	277	267	289	266
AT3G13235	545	573	453	423	430	426
AT3G13240	51	51	44	49	40	51
AT3G13275	27	37	37	36	23	32
AT3G13276	5	6	6	2	5	3
AT3G13277	39	53	49	45	41	53
AT3G13280	0	1	0	1	0	0
AT3G13290	512	548	475	487	498	463
AT3G13300	2111	2039	1989	1862	1887	1714
AT3G13310	666	835	727	413	580	589
AT3G13320	467	528	439	399	410	409
AT3G13330	1627	1624	1332	1203	1319	1329
AT3G13335	0	0	0	0	0	0
AT3G13340	1022	1118	950	931	913	867
AT3G13350	232	213	157	192	179	182
AT3G13360	491	515	469	538	513	532
AT3G13370	0	0	0	0	0	0
AT3G13380	389	478	322	292	332	341
AT3G13390	0	0	0	0	0	0
AT3G13400	1	1	0	0	0	1
AT3G13403	0	0	6	3	3	1
AT3G13404	3	3	0	3	3	1
AT3G13405	1	1	0	2	1	0
AT3G13410	1756	1860	1628	1522	1526	1536
AT3G13420	27	40	29	28	25	18
AT3G13430	190	257	241	189	224	201
AT3G13432	47	28	26	7	13	18
AT3G13433	88	94	49	6	18	19
AT3G13435	49	46	61	29	29	42
AT3G13437	31	44	46	31	51	41
AT3G13440	444	467	451	415	415	368
AT3G13445	367	382	338	302	301	302
AT3G13450	247	309	302	315	313	343
AT3G13460	5202	5523	4916	5206	4981	4607
AT3G13470	2457	2583	2275	2170	2398	2141
AT3G13480	174	185	190	166	140	136
AT3G13490	719	738	608	676	654	619
AT3G13500	12	6	0	0	1	3
AT3G13510	421	396	347	365	298	280
AT3G13520	646	432	456	417	430	385
AT3G13525	0	0	0	0	0	0
AT3G13530	545	550	552	472	443	483
AT3G13540	0	0	0	0	0	0
AT3G13550	166	160	171	151	150	165
AT3G13560	262	264	230	285	235	240
AT3G13570	576	579	529	532	518	479
AT3G13580	1600	1572	1642	1671	1610	1514
AT3G13590	21	13	11	15	7	14
AT3G13600	68	65	57	46	53	68
AT3G13610	770	876	811	681	963	806
AT3G13620	139	130	108	101	85	109
AT3G13630	2	1	2	1	0	1
AT3G13640	12	11	5	12	5	5
AT3G13650	218	211	204	142	142	142
AT3G13660	4	1	1	0	0	1
AT3G13662	0	0	0	0	0	0
AT3G13670	1643	1679	1529	1418	1392	1305
AT3G13672	36	40	53	53	55	46
AT3G13674	35	39	40	49	41	36
AT3G13677	44	50	52	55	50	48
AT3G13680	11	11	5	9	6	10
AT3G13682	58	49	70	58	53	45
AT3G13690	828	907	857	859	867	778
AT3G13700	0	0	0	0	0	0
AT3G13710	0	0	0	0	0	0
AT3G13720	371	277	290	232	237	242
AT3G13724	0	0	0	1	0	0
AT3G13730	107	180	155	142	196	241
AT3G13740	304	284	276	298	312	320
AT3G13750	3630	3596	4728	4157	5172	5193
AT3G13760	58	66	72	58	77	66
AT3G13770	23	16	12	16	11	22
AT3G13772	812	866	827	721	759	686
AT3G13780	83	98	76	80	99	105
AT3G13782	148	94	116	93	71	68
AT3G13784	4	1	2	8	1	8
AT3G13790	2445	2286	2202	1718	2103	2111
AT3G13800	142	141	130	152	113	138
AT3G13810	347	358	320	329	349	309
AT3G13820	1	1	2	0	0	0
AT3G13830	0	0	0	0	0	0
AT3G13840	22	13	31	33	49	31
AT3G13845	107	113	110	89	89	93
AT3G13850	1	3	4	2	3	0
AT3G13855	0	0	0	0	0	0
AT3G13857	0	0	1	0	0	0
AT3G13860	483	543	507	573	529	524
AT3G13870	2448	2537	2354	2023	2226	2082
AT3G13880	39	48	51	38	43	47
AT3G13882	303	307	265	318	260	229
AT3G13890	0	0	0	0	0	0
AT3G13898	2	3	2	5	7	4
AT3G13900	11	13	6	1	9	3
AT3G13910	255	305	206	131	128	143
AT3G13920	4720	4810	4822	4621	4613	4242
AT3G13930	2119	2042	1905	1756	1718	1606
AT3G13940	324	323	291	294	317	293
AT3G13950	345	469	247	50	107	134
AT3G13960	83	67	87	125	86	81
AT3G13970	29	24	16	23	26	25
AT3G13980	51	59	59	101	93	84
AT3G13990	747	805	726	714	733	690
AT3G14000	176	178	184	203	176	203
AT3G14010	1012	1061	896	838	877	899
AT3G14020	249	257	235	139	223	214
AT3G14030	0	0	0	0	0	0
AT3G14040	0	0	0	0	0	0
AT3G14050	999	1599	1098	551	843	1081
AT3G14060	63	84	75	52	56	81
AT3G14067	2817	2772	2408	2262	2295	2101
AT3G14070	39	43	40	45	42	48
AT3G14075	312	306	250	264	280	261
AT3G14080	204	201	190	197	164	177
AT3G14090	283	354	263	215	242	260
AT3G14100	1037	1212	1001	1063	1017	1026
AT3G14110	1034	1046	939	1207	1109	1012
AT3G14120	443	471	425	461	473	463
AT3G14130	140	141	134	155	170	147
AT3G14140	3	2	1	8	3	7
AT3G14150	261	268	241	361	301	320
AT3G14160	108	125	98	97	92	99
AT3G14170	46	41	42	47	35	28
AT3G14172	1063	1159	955	1052	1012	917
AT3G14180	438	464	415	437	417	413
AT3G14185	1	0	0	0	0	0
AT3G14190	100	90	98	116	86	93
AT3G14200	606	536	358	409	346	319
AT3G14205	1589	1281	1163	810	862	956
AT3G14210	10449	13933	9723	8014	9018	8732
AT3G14220	567	576	432	489	409	462
AT3G14225	7	8	5	6	9	8
AT3G14230	2096	2089	2365	2166	2399	2065
AT3G14240	1226	1122	1180	1407	1311	1231
AT3G14250	1	0	0	0	0	0
AT3G14260	21	5	11	3	6	7
AT3G14270	1208	1185	992	1106	1156	1103
AT3G14280	376	322	331	159	231	179
AT3G14290	569	625	518	504	520	440
AT3G14300	0	0	0	0	0	0
AT3G14310	5066	4953	4751	3454	3854	3650
AT3G14320	0	0	0	0	0	3
AT3G14330	189	228	160	221	230	190
AT3G14340	0	0	0	0	0	0
AT3G14350	1562	1586	1414	1360	1337	1296
AT3G14360	48	75	69	66	64	70
AT3G14362	1	0	2	1	1	2
AT3G14370	82	74	59	62	57	31
AT3G14380	1	2	0	1	1	1
AT3G14385	0	0	0	0	0	0
AT3G14390	614	583	546	590	603	533
AT3G14395	4	7	4	2	1	7
AT3G14400	751	742	651	619	619	598
AT3G14410	236	200	178	203	217	201
AT3G14415	5748	5859	4978	5432	5160	4393
AT3G14420	10467	9736	7716	7121	6737	5982
AT3G14430	80	98	85	74	75	81
AT3G14440	152	255	113	26	35	89
AT3G14450	22	42	33	40	31	51
AT3G14452	0	0	0	0	0	1
AT3G14460	62	66	55	52	50	55
AT3G14463	0	0	0	0	0	0
AT3G14467	2	0	0	0	1	2
AT3G14470	158	135	140	141	143	145
AT3G14475	0	0	0	0	0	0
AT3G14480	0	0	0	0	0	0
AT3G14490	0	2	0	0	0	0
AT3G14510	4	11	9	1	2	4
AT3G14520	2	0	2	2	0	0
AT3G14530	33	25	31	17	11	6
AT3G14540	28	19	34	33	12	11
AT3G14550	19	24	15	22	15	16
AT3G14560	144	137	142	118	118	110
AT3G14570	314	313	293	278	196	243
AT3G14580	30	31	33	26	31	26
AT3G14590	192	181	180	202	197	218
AT3G14595	576	533	436	383	367	392
AT3G14600	1952	1964	1837	2090	1838	1713
AT3G14610	450	416	377	325	385	387
AT3G14620	2834	3385	2233	531	833	1030
AT3G14630	9	11	7	7	17	8
AT3G14640	3	4	8	6	3	6
AT3G14650	1438	1368	1327	1288	1248	1109
AT3G14660	1944	2059	1808	1873	1824	1782
AT3G14670	1	0	0	1	0	0
AT3G14680	683	640	575	295	369	406
AT3G14690	1368	1288	1132	828	899	906
AT3G14700	36	41	34	4	3	2
AT3G14710	2	7	4	0	0	1
AT3G14720	667	675	525	549	487	489
AT3G14730	38	44	26	28	34	35
AT3G14735	0	0	0	0	0	0
AT3G14740	85	71	76	68	60	62
AT3G14750	89	90	84	91	84	102
AT3G14760	36	39	51	50	34	40
AT3G14770	241	206	186	63	49	75
AT3G14780	83	52	77	48	66	82
AT3G14790	320	341	326	337	311	262
AT3G14810	161	194	145	88	78	95
AT3G14820	0	0	0	0	0	0
AT3G14830	441	514	474	370	429	401
AT3G14840	2763	2914	2899	2556	3051	2704
AT3G14850	113	72	74	82	59	58
AT3G14855	0	0	0	0	0	0
AT3G14860	410	521	462	465	451	443
AT3G14870	112	122	157	131	136	161
AT3G14880	0	1	0	2	1	0
AT3G14890	247	247	244	235	202	214
AT3G14900	177	195	187	218	224	183
AT3G14910	143	136	137	121	125	121
AT3G14920	498	479	470	391	375	365
AT3G14930	1194	1388	987	1555	1331	1234
AT3G14940	3278	3017	2783	1881	1745	1736
AT3G14950	1	5	2	5	5	7
AT3G14960	219	228	231	178	193	179
AT3G14970	0	0	0	0	0	0
AT3G14980	365	363	319	393	392	351
AT3G14981	0	0	0	0	0	0
AT3G14990	5005	4698	4587	4427	4432	4555
AT3G15000	1818	1812	1813	1900	1868	1655
AT3G15010	616	603	614	601	589	525
AT3G15020	505	424	407	367	376	290
AT3G15030	415	438	317	411	365	351
AT3G15040	174	161	165	187	168	153
AT3G15050	15	10	8	13	6	17
AT3G15055	0	0	0	0	0	0
AT3G15060	155	159	146	157	160	171
AT3G15070	367	380	325	301	327	307
AT3G15080	202	180	163	159	163	170
AT3G15090	378	361	310	341	288	273
AT3G15095	882	1031	815	994	898	869
AT3G15110	388	393	331	455	393	388
AT3G15111	0	0	0	0	0	0
AT3G15115	95	74	67	63	59	51
AT3G15120	696	601	559	586	576	547
AT3G15130	51	47	40	54	48	43
AT3G15140	122	137	120	129	127	104
AT3G15150	66	50	51	51	60	45
AT3G15160	508	515	438	487	469	433
AT3G15170	4	4	5	1	2	0
AT3G15180	317	362	316	287	290	290
AT3G15190	2274	2224	1944	2433	2188	2085
AT3G15200	30	28	32	25	35	33
AT3G15210	564	764	608	347	343	450
AT3G15220	373	385	296	342	345	306
AT3G15240	261	230	240	211	180	154
AT3G15250	5	4	7	17	4	7
AT3G15251	1	0	0	1	0	0
AT3G15260	590	606	482	380	431	389
AT3G15270	6	7	4	5	12	9
AT3G15280	0	0	0	1	0	0
AT3G15290	287	281	225	261	278	255
AT3G15300	65	72	77	65	54	72
AT3G15340	38	70	44	50	51	44
AT3G15350	260	312	237	228	242	308
AT3G15351	114	146	105	106	94	99
AT3G15352	78	92	84	64	84	75
AT3G15353	4989	6168	4833	4179	5333	4318
AT3G15354	1045	950	758	434	396	376
AT3G15355	296	350	262	258	257	245
AT3G15356	3446	2361	2177	632	1017	584
AT3G15357	121	112	97	92	91	91
AT3G15358	27	26	20	33	31	30
AT3G15359	0	0	0	0	0	0
AT3G15360	3093	3705	2835	3623	3265	3017
AT3G15370	13	6	16	18	37	23
AT3G15380	397	429	326	372	358	367
AT3G15390	171	194	149	134	137	128
AT3G15395	161	175	162	173	160	138
AT3G15400	62	56	37	53	37	39
AT3G15410	535	582	473	494	484	449
AT3G15420	17	26	26	29	33	24
AT3G15430	620	570	506	528	580	559
AT3G15440	4	0	2	3	5	4
AT3G15450	3092	4881	5360	5525	6963	7148
AT3G15460	117	138	117	92	132	115
AT3G15470	469	474	420	462	383	427
AT3G15480	334	368	357	338	305	364
AT3G15490	0	0	0	1	0	0
AT3G15500	488	479	420	111	174	303
AT3G15510	119	179	155	40	93	83
AT3G15518	4	15	4	4	5	6
AT3G15520	479	521	405	588	518	465
AT3G15530	376	582	413	351	433	491
AT3G15534	5	14	4	2	0	6
AT3G15536	16	23	8	5	6	12
AT3G15540	36	43	65	70	102	82
AT3G15548	0	0	0	0	0	0
AT3G15550	217	226	179	244	186	202
AT3G15570	153	199	156	213	190	136
AT3G15578	0	0	0	0	0	0
AT3G15580	299	284	271	268	259	279
AT3G15585	0	0	0	0	0	0
AT3G15590	549	639	545	505	578	512
AT3G15604	0	0	0	0	0	0
AT3G15605	0	0	1	0	0	0
AT3G15610	470	510	477	455	472	420
AT3G15620	130	105	98	117	106	93
AT3G15630	730	699	715	664	772	712
AT3G15635	0	0	0	0	0	0
AT3G15640	536	442	545	453	454	403
AT3G15650	50	62	53	35	30	29
AT3G15660	668	627	576	613	534	587
AT3G15670	0	0	0	0	2	1
AT3G15680	159	164	120	172	136	123
AT3G15690	570	559	513	536	550	538
AT3G15700	50	44	41	19	23	16
AT3G15710	409	422	360	369	373	360
AT3G15720	51	35	42	44	20	39
AT3G15730	6570	6710	5940	5997	5825	5677
AT3G15740	1	0	0	0	2	2
AT3G15750	53	30	32	44	27	40
AT3G15760	250	303	196	104	111	110
AT3G15770	221	314	283	194	254	236
AT3G15780	41	29	32	39	32	31
AT3G15790	360	398	294	320	298	365
AT3G15800	23	29	25	30	33	26
AT3G15810	633	750	555	401	500	493
AT3G15820	237	213	224	208	222	221
AT3G15830	6	14	5	8	4	9
AT3G15840	2739	3380	2475	3463	3462	2866
AT3G15850	1081	912	858	883	846	735
AT3G15860	0	0	0	0	0	0
AT3G15870	0	0	0	0	0	0
AT3G15880	1498	1548	1217	1113	1130	1077
AT3G15890	110	90	83	86	100	86
AT3G15900	140	118	118	132	123	107
AT3G15909	0	0	0	0	0	0
AT3G15910	1	0	0	2	0	2
AT3G15920	462	496	414	373	371	376
AT3G15930	0	0	0	0	0	0
AT3G15940	575	592	551	472	495	481
AT3G15950	7709	6411	6257	5122	4299	5513
AT3G15960	0	0	0	0	0	0
AT3G15970	469	529	461	464	436	446
AT3G15980	2165	2449	1802	1333	1317	1316
AT3G15990	337	425	238	135	170	239
AT3G16000	1392	1563	1224	1528	1382	1350
AT3G16010	78	84	75	79	62	73
AT3G16020	5	3	5	3	5	7
AT3G16030	222	281	239	147	149	165
AT3G16040	4	0	0	0	1	1
AT3G16050	171	148	125	123	103	127
AT3G16060	810	748	725	787	754	685
AT3G16070	13	10	12	15	16	9
AT3G16080	1081	909	1033	962	888	887
AT3G16090	333	344	238	270	272	239
AT3G16100	252	269	250	199	200	214
AT3G16110	442	415	404	389	363	333
AT3G16117	0	0	0	0	0	0
AT3G16120	11	2	2	10	7	7
AT3G16130	0	0	0	0	0	0
AT3G16140	4012	5488	3908	5040	4538	4081
AT3G16150	40	34	41	23	31	18
AT3G16160	2	3	2	3	1	2
AT3G16170	247	311	224	273	242	242
AT3G16175	19	18	13	12	8	7
AT3G16180	313	305	328	415	409	300
AT3G16190	618	700	549	536	530	548
AT3G16200	221	218	204	225	191	192
AT3G16210	11	6	7	11	4	2
AT3G16220	422	456	376	256	304	285
AT3G16230	620	653	500	538	525	575
AT3G16240	1778	1721	1740	1888	1853	1730
AT3G16250	402	474	286	425	418	386
AT3G16260	502	535	435	560	497	460
AT3G16270	886	963	810	675	817	752
AT3G16280	43	45	39	42	44	25
AT3G16290	1155	1226	1035	1290	1210	1149
AT3G16300	8	5	6	5	5	3
AT3G16310	517	604	493	440	437	421
AT3G16320	68	64	56	59	60	54
AT3G16330	75	102	77	60	53	81
AT3G16340	927	891	809	756	728	752
AT3G16350	158	125	131	117	128	110
AT3G16360	74	91	70	95	81	84
AT3G16370	1936	2162	2049	2253	2113	1880
AT3G16380	1	2	0	1	3	3
AT3G16390	265	175	144	89	59	80
AT3G16400	6299	6391	5449	4555	3781	5318
AT3G16410	431	283	319	312	258	261
AT3G16420	12078	10949	10551	9358	7902	9512
AT3G16430	768	798	687	576	461	514
AT3G16432	0	0	0	0	0	1
AT3G16440	334	222	259	230	184	188
AT3G16450	4720	4624	3706	2672	2277	3231
AT3G16460	9895	7776	7634	6635	5525	6874
AT3G16470	3342	3172	2675	1940	1723	2666
AT3G16480	787	782	732	755	781	673
AT3G16490	32	21	18	24	26	32
AT3G16500	640	603	598	486	482	527
AT3G16510	82	126	86	64	79	130
AT3G16520	1004	1290	1027	824	973	994
AT3G16525	0	0	0	0	0	0
AT3G16530	1570	1473	1408	1119	1296	930
AT3G16540	2	2	5	1	1	0
AT3G16550	0	0	0	0	0	0
AT3G16552	0	0	0	0	0	0
AT3G16555	0	0	0	0	0	0
AT3G16560	278	219	249	228	250	246
AT3G16565	288	337	259	210	262	254
AT3G16570	368	345	348	342	368	332
AT3G16580	0	0	0	0	0	0
AT3G16590	1	1	0	1	2	0
AT3G16600	0	0	0	0	0	0
AT3G16610	16	15	16	22	16	15
AT3G16620	275	265	256	223	236	221
AT3G16630	1053	1080	943	1030	930	875
AT3G16640	14311	16318	13451	11804	11931	10690
AT3G16650	94	106	90	24	27	30
AT3G16660	785	840	799	953	551	694
AT3G16670	1058	1539	1166	1817	1101	1344
AT3G16680	1	2	2	2	1	2
AT3G16690	185	130	126	92	90	138
AT3G16700	73	73	68	72	62	63
AT3G16710	41	57	53	44	53	49
AT3G16712	4	7	0	1	3	1
AT3G16720	489	619	480	322	344	348
AT3G16730	128	124	114	133	100	86
AT3G16740	251	281	258	269	274	279
AT3G16750	92	82	87	102	80	86
AT3G16760	577	540	541	436	433	451
AT3G16770	6216	6460	6004	4553	4320	4368
AT3G16780	916	895	982	902	833	834
AT3G16785	705	777	640	556	642	625
AT3G16800	260	241	217	151	143	155
AT3G16810	409	468	395	437	472	421
AT3G16820	0	0	0	0	0	0
AT3G16830	1162	1153	1083	1029	1019	982
AT3G16840	841	900	851	811	799	764
AT3G16850	734	723	674	664	665	566
AT3G16857	1034	1162	1121	927	1025	1074
AT3G16860	133	196	106	59	77	127
AT3G16870	93	89	52	85	68	66
AT3G16880	0	0	0	0	0	0
AT3G16890	49	59	49	49	52	53
AT3G16895	0	0	0	0	0	0
AT3G16900	10	5	11	6	10	10
AT3G16910	1369	1238	1064	723	792	716
AT3G16920	150	116	115	136	72	104
AT3G16930	0	0	1	0	2	1
AT3G16940	844	896	744	650	618	633
AT3G16950	604	537	541	648	514	541
AT3G16960	0	0	0	0	0	0
AT3G16970	0	0	0	0	0	0
AT3G16980	6	6	5	6	4	10
AT3G16990	188	203	185	111	104	132
AT3G17000	676	800	631	464	512	522
AT3G17010	0	0	0	0	0	0
AT3G17020	1513	1530	1397	1344	1369	1322
AT3G17030	100	106	74	92	85	89
AT3G17040	913	1070	862	815	796	785
AT3G17060	0	0	0	0	0	0
AT3G17070	149	195	133	136	101	124
AT3G17080	0	0	0	0	0	0
AT3G17090	757	825	734	732	748	709
AT3G17100	455	531	473	531	530	489
AT3G17120	246	255	223	219	216	217
AT3G17130	19	18	21	22	15	10
AT3G17140	0	0	0	0	0	0
AT3G17150	0	2	0	0	0	0
AT3G17152	2	1	0	3	1	0
AT3G17155	0	0	0	0	0	0
AT3G17160	329	260	293	333	250	279
AT3G17170	702	754	689	951	830	829
AT3G17180	3	0	1	1	0	0
AT3G17185	145	140	128	106	78	81
AT3G17190	4	6	0	0	0	0
AT3G17205	945	1082	874	834	900	847
AT3G17210	832	868	832	914	803	805
AT3G17220	5	7	9	5	1	4
AT3G17225	20	11	9	11	9	11
AT3G17227	0	1	0	0	0	0
AT3G17230	0	0	0	0	0	0
AT3G17240	2189	2168	1979	1726	1634	1647
AT3G17250	129	170	142	105	111	115
AT3G17261	0	0	0	0	0	0
AT3G17265	0	0	0	0	0	0
AT3G17270	0	1	1	0	0	0
AT3G17280	35	25	26	16	22	16
AT3G17300	186	192	158	160	131	133
AT3G17310	294	328	306	305	284	304
AT3G17320	0	0	0	0	0	0
AT3G17330	299	368	292	238	252	234
AT3G17340	418	462	421	414	372	354
AT3G17350	49	71	54	77	72	58
AT3G17360	239	225	190	226	197	245
AT3G17365	119	113	103	81	81	100
AT3G17370	0	0	0	0	1	0
AT3G17380	49	53	42	51	39	41
AT3G17390	4532	4878	4814	4601	4700	4300
AT3G17400	0	0	0	0	0	0
AT3G17410	1237	1213	1096	824	946	931
AT3G17420	658	561	519	393	396	382
AT3G17430	355	372	293	339	305	277
AT3G17440	455	470	366	353	356	381
AT3G17450	301	361	301	323	268	273
AT3G17460	49	41	44	49	45	39
AT3G17465	572	582	602	548	581	493
AT3G17470	409	436	397	434	365	388
AT3G17480	0	0	0	0	0	0
AT3G17490	0	0	0	0	0	0
AT3G17500	0	0	0	0	0	0
AT3G17510	1248	1152	1138	641	717	865
AT3G17520	0	2	1	0	0	0
AT3G17530	0	0	0	0	0	0
AT3G17540	0	0	0	0	0	0
AT3G17550	0	0	0	0	0	0
AT3G17560	0	0	0	0	0	0
AT3G17570	0	0	0	0	0	0
AT3G17580	22	6	11	21	8	7
AT3G17590	182	163	140	170	152	146
AT3G17600	50	28	37	15	9	7
AT3G17609	345	274	224	165	132	117
AT3G17611	140	110	89	76	80	81
AT3G17620	0	0	0	0	0	0
AT3G17626	31	27	27	32	40	25
AT3G17630	71	70	50	72	60	63
AT3G17640	78	83	74	99	89	78
AT3G17650	626	695	660	563	580	565
AT3G17655	0	1	0	0	0	0
AT3G17660	35	28	33	41	35	29
AT3G17668	71	97	67	77	74	70
AT3G17670	116	110	97	126	108	106
AT3G17675	0	1	0	0	0	0
AT3G17680	77	76	74	107	79	90
AT3G17690	23	32	26	21	30	29
AT3G17700	411	566	413	218	293	333
AT3G17710	67	56	55	46	59	48
AT3G17712	15	10	23	21	20	14
AT3G17717	47	47	48	64	38	50
AT3G17720	0	0	0	0	1	0
AT3G17730	18	19	21	29	16	25
AT3G17740	167	195	140	169	133	187
AT3G17750	534	495	421	476	474	424
AT3G17760	1	0	1	0	1	1
AT3G17765	0	0	0	0	0	0
AT3G17770	665	645	542	460	501	520
AT3G17780	331	298	272	268	263	233
AT3G17790	3775	4085	2781	1250	1389	1686
AT3G17800	1089	1167	849	430	468	508
AT3G17810	2224	2071	1748	1359	1341	1356
AT3G17820	1556	1532	1387	1260	1286	1339
AT3G17830	67	87	76	87	97	75
AT3G17840	521	487	443	446	398	406
AT3G17850	1266	1477	1254	1310	1265	1174
AT3G17860	548	522	419	263	292	367
AT3G17880	488	462	403	412	420	422
AT3G17890	33	34	32	24	26	32
AT3G17900	864	923	817	799	794	782
AT3G17910	215	237	205	191	172	180
AT3G17920	294	321	281	255	265	285
AT3G17930	1327	1331	1113	1108	953	937
AT3G17940	887	918	817	805	800	801
AT3G17950	132	135	125	155	148	140
AT3G17970	629	586	537	540	544	551
AT3G17980	5	1	1	1	0	2
AT3G18000	1665	1522	1431	1379	1061	967
AT3G18010	33	32	24	26	17	22
AT3G18020	69	74	62	59	63	60
AT3G18030	105	148	112	118	121	106
AT3G18035	1284	1364	1269	1249	1273	1324
AT3G18040	427	383	341	382	348	364
AT3G18050	817	1003	880	973	995	849
AT3G18060	1023	983	956	955	968	828
AT3G18070	52	57	35	70	51	45
AT3G18080	12071	15972	10809	11324	10717	11813
AT3G18090	145	168	125	180	142	150
AT3G18100	184	218	170	162	177	175
AT3G18110	489	500	383	557	508	470
AT3G18120	0	0	0	0	0	0
AT3G18130	572	511	564	559	577	482
AT3G18140	678	757	683	783	686	695
AT3G18150	0	0	0	0	0	0
AT3G18160	200	220	203	215	245	205
AT3G18165	527	569	484	492	475	467
AT3G18170	301	217	215	133	109	89
AT3G18180	0	0	0	0	1	0
AT3G18190	1054	1032	980	1017	930	886
AT3G18200	126	58	61	76	43	25
AT3G18210	428	381	381	384	400	388
AT3G18215	439	423	441	416	395	389
AT3G18217	28	25	31	50	28	33
AT3G18220	0	0	0	0	0	0
AT3G18230	387	418	383	413	420	327
AT3G18235	1	0	0	0	0	1
AT3G18240	241	228	193	278	233	256
AT3G18250	127	183	101	92	191	191
AT3G18260	37	47	38	34	37	51
AT3G18270	373	365	311	303	311	328
AT3G18280	165	217	151	160	188	205
AT3G18282	0	0	0	1	0	0
AT3G18290	1225	1315	1100	1047	1233	1090
AT3G18291	0	0	0	0	0	0
AT3G18295	133	173	132	134	127	138
AT3G18300	27	28	23	16	23	22
AT3G18310	150	149	142	141	113	147
AT3G18320	62	68	61	12	14	7
AT3G18330	1	0	1	2	1	5
AT3G18340	0	0	0	0	0	0
AT3G18350	263	304	249	277	278	291
AT3G18360	0	0	0	2	2	2
AT3G18362	0	0	0	0	0	1
AT3G18370	854	917	807	652	750	662
AT3G18380	238	238	200	207	195	196
AT3G18390	2210	2162	1980	2510	2299	2044
AT3G18400	98	123	90	76	79	90
AT3G18410	1028	1079	945	900	821	801
AT3G18420	410	467	363	400	389	424
AT3G18430	289	264	258	240	236	243
AT3G18440	671	734	573	568	596	509
AT3G18450	23	13	17	5	3	1
AT3G18460	0	1	0	0	0	0
AT3G18470	0	0	0	0	0	0
AT3G18480	726	694	694	661	678	648
AT3G18485	9	7	4	5	1	5
AT3G18490	2359	2598	1901	1456	1454	1398
AT3G18500	337	383	292	339	305	265
AT3G18510	33	27	10	29	18	11
AT3G18518	0	0	0	0	0	0
AT3G18520	518	550	521	523	513	511
AT3G18524	176	181	163	162	138	164
AT3G18530	4	3	3	7	5	6
AT3G18535	184	221	188	192	192	200
AT3G18550	3	3	4	1	2	6
AT3G18560	155	111	149	148	148	183
AT3G18570	4	1	0	1	1	0
AT3G18580	119	133	118	116	132	119
AT3G18590	0	0	0	1	0	0
AT3G18600	538	601	534	551	567	503
AT3G18610	52	42	52	4	2	8
AT3G18620	93	99	87	102	81	78
AT3G18630	30	40	31	40	21	14
AT3G18640	475	495	446	439	411	471
AT3G18650	0	0	0	0	0	0
AT3G18660	30	55	41	42	30	26
AT3G18670	16	16	8	21	4	6
AT3G18680	1273	1391	1272	1480	1377	1201
AT3G18690	90	134	110	56	71	94
AT3G18700	0	0	0	0	0	0
AT3G18710	153	258	164	165	129	145
AT3G18715	6	9	8	5	8	9
AT3G18720	0	1	0	0	0	2
AT3G18730	90	117	89	90	84	84
AT3G18740	1221	1122	1156	1156	1158	1056
AT3G18750	232	257	209	236	190	173
AT3G18760	235	233	232	234	237	234
AT3G18770	134	123	110	138	134	139
AT3G18773	90	88	72	104	95	94
AT3G18775	1	1	2	1	3	3
AT3G18780	7658	6428	6618	6141	5715	5003
AT3G18790	355	394	346	386	347	341
AT3G18800	108	126	110	166	112	119
AT3G18810	0	0	0	0	0	0
AT3G18815	0	0	0	0	0	0
AT3G18820	1250	1276	1189	1129	1159	1150
AT3G18827	0	0	0	0	0	0
AT3G18830	1368	1769	1355	844	969	1057
AT3G18840	14	18	18	13	12	18
AT3G18850	115	126	137	175	159	167
AT3G18860	1177	1267	1047	1010	1094	1081
AT3G18870	56	50	47	42	46	50
AT3G18880	9	21	15	12	16	19
AT3G18890	1832	2288	1609	2101	2122	1923
AT3G18895	0	0	0	0	0	0
AT3G18900	39	42	39	91	75	74
AT3G18905	0	0	0	0	0	0
AT3G18910	100	101	112	95	99	119
AT3G18915	0	0	0	0	0	0
AT3G18930	220	277	180	233	241	198
AT3G18940	187	194	178	204	184	133
AT3G18950	80	73	67	80	69	61
AT3G18952	0	0	0	0	0	0
AT3G18957	0	0	0	0	0	0
AT3G18960	32	44	42	55	47	41
AT3G18970	51	35	43	35	34	34
AT3G18980	347	350	350	320	350	369
AT3G18990	560	571	526	511	466	462
AT3G19000	318	331	298	304	289	258
AT3G19002	1	2	2	2	0	0
AT3G19010	1393	2090	1430	876	1130	1222
AT3G19020	76	124	135	84	114	108
AT3G19030	837	958	854	718	773	979
AT3G19035	0	0	0	0	0	0
AT3G19040	18	17	11	5	10	4
AT3G19050	443	376	392	472	382	346
AT3G19055	0	0	0	0	0	0
AT3G19070	0	0	0	0	0	0
AT3G19080	177	171	144	163	133	144
AT3G19085	0	1	0	0	0	0
AT3G19090	7	4	4	2	4	4
AT3G19100	1229	1145	977	1089	924	930
AT3G19120	239	296	252	271	251	256
AT3G19130	1152	1429	1259	1108	1184	1100
AT3G19140	0	0	0	0	0	0
AT3G19150	157	199	141	144	150	145
AT3G19160	0	0	0	0	0	0
AT3G19170	3504	3467	2898	3284	3048	2997
AT3G19180	361	359	283	328	279	304
AT3G19184	16	13	9	13	15	10
AT3G19190	978	959	853	752	767	835
AT3G19200	37	56	49	52	49	68
AT3G19210	110	114	117	99	98	71
AT3G19220	154	155	163	162	140	131
AT3G19230	8	4	4	16	5	6
AT3G19235	0	0	0	0	0	0
AT3G19240	529	663	633	456	558	562
AT3G19250	41	35	38	46	39	29
AT3G19260	274	300	240	243	237	246
AT3G19270	88	62	46	20	29	29
AT3G19274	0	0	0	0	0	0
AT3G19280	143	86	107	106	80	99
AT3G19290	607	640	607	487	513	462
AT3G19300	39	62	36	54	58	53
AT3G19310	4	1	2	0	2	1
AT3G19320	13	10	6	0	0	4
AT3G19330	54	52	47	48	49	52
AT3G19340	793	836	759	676	685	628
AT3G19350	1	7	1	0	0	3
AT3G19360	103	102	85	94	86	96
AT3G19370	787	798	756	711	632	577
AT3G19380	262	316	242	205	187	221
AT3G19390	814	604	776	670	724	609
AT3G19400	305	328	323	297	335	305
AT3G19410	0	0	0	0	0	0
AT3G19420	1521	1416	1207	1272	1308	1210
AT3G19430	29	34	49	20	15	19
AT3G19440	73	87	83	94	100	86
AT3G19450	2745	2294	2301	1908	1666	1459
AT3G19460	298	279	240	255	217	220
AT3G19470	60	72	72	44	54	58
AT3G19480	273	288	231	317	278	238
AT3G19490	728	733	653	726	668	611
AT3G19500	20	16	15	14	9	15
AT3G19508	37	29	56	45	35	49
AT3G19510	281	279	255	254	228	263
AT3G19515	561	583	524	512	570	505
AT3G19520	399	436	388	351	396	395
AT3G19530	1	0	1	0	1	1
AT3G19540	395	464	418	425	389	444
AT3G19550	9	6	17	17	5	16
AT3G19552	0	0	0	0	0	0
AT3G19553	449	515	430	387	382	368
AT3G19560	0	0	0	0	0	0
AT3G19565	0	0	0	0	0	0
AT3G19570	208	246	221	219	204	224
AT3G19580	293	391	266	83	135	219
AT3G19590	184	156	168	198	143	156
AT3G19595	0	0	0	0	0	0
AT3G19600	0	0	0	0	0	0
AT3G19610	0	1	0	0	0	0
AT3G19613	0	0	0	0	0	0
AT3G19615	1	0	0	1	1	0
AT3G19620	36	48	23	46	52	39
AT3G19630	289	323	258	281	242	257
AT3G19640	580	645	549	498	552	501
AT3G19650	282	238	226	307	229	244
AT3G19660	106	104	112	71	82	100
AT3G19663	4	2	0	3	5	2
AT3G19670	768	812	737	714	648	732
AT3G19680	323	758	675	304	605	768
AT3G19690	0	0	1	1	0	0
AT3G19700	3	0	1	1	0	0
AT3G19710	3610	3604	2608	2395	2633	3148
AT3G19720	794	1033	755	756	775	764
AT3G19740	843	852	747	765	765	759
AT3G19760	1502	1392	1291	1345	1219	1192
AT3G19770	326	327	323	278	289	278
AT3G19780	290	307	294	297	276	269
AT3G19790	125	130	126	130	138	110
AT3G19800	707	695	657	691	618	642
AT3G19810	464	518	472	594	526	538
AT3G19820	4226	4085	3728	4570	3760	3524
AT3G19830	389	428	344	364	341	344
AT3G19840	415	431	364	406	383	365
AT3G19850	365	321	534	497	535	386
AT3G19860	631	792	682	612	714	642
AT3G19870	413	439	419	394	379	384
AT3G19880	0	0	0	0	0	0
AT3G19890	0	0	0	0	0	0
AT3G19895	294	273	214	249	225	212
AT3G19900	728	681	591	546	560	537
AT3G19910	620	632	575	591	608	502
AT3G19920	2	0	0	2	0	0
AT3G19930	1005	1285	1315	1065	1232	1196
AT3G19940	0	0	0	0	0	1
AT3G19950	414	421	359	321	327	315
AT3G19960	2013	2293	1670	1337	1336	1492
AT3G19970	492	413	316	173	162	199
AT3G19980	471	556	414	456	391	379
AT3G19990	397	378	389	347	327	383
AT3G20000	921	928	892	926	847	841
AT3G20010	296	323	294	276	294	294
AT3G20015	348	303	293	298	239	252
AT3G20020	146	203	166	186	147	158
AT3G20030	0	0	0	0	0	0
AT3G20040	131	111	136	93	103	103
AT3G20050	2379	2313	2244	2252	2191	2064
AT3G20060	780	838	706	648	630	649
AT3G20070	122	115	106	142	138	131
AT3G20080	451	475	441	480	437	426
AT3G20090	131	137	125	108	94	108
AT3G20100	624	608	604	417	488	476
AT3G20110	44	67	58	79	79	77
AT3G20120	192	213	215	210	212	209
AT3G20130	124	72	74	81	70	71
AT3G20140	1	2	2	3	1	2
AT3G20150	241	224	273	296	252	228
AT3G20155	0	0	0	0	0	0
AT3G20160	45	22	26	23	10	14
AT3G20170	113	114	101	110	105	119
AT3G20180	2	3	5	3	1	0
AT3G20190	1	0	0	1	1	1
AT3G20200	51	68	39	32	34	35
AT3G20210	4	2	1	3	5	4
AT3G20220	0	0	0	0	0	0
AT3G20230	909	1049	921	1100	1088	932
AT3G20240	144	107	137	180	160	119
AT3G20250	1483	1467	1225	1068	1198	1240
AT3G20260	236	230	253	275	243	206
AT3G20270	229	235	171	175	146	152
AT3G20280	110	109	116	127	119	126
AT3G20290	651	665	615	595	586	529
AT3G20300	195	237	166	168	201	216
AT3G20310	369	466	319	383	309	367
AT3G20320	526	457	393	451	417	358
AT3G20330	512	476	469	476	470	474
AT3G20340	146	107	140	128	110	118
AT3G20350	243	287	261	313	306	329
AT3G20360	1	1	3	1	2	0
AT3G20362	0	0	0	0	0	1
AT3G20370	2080	1758	1698	1127	951	1125
AT3G20380	198	179	198	67	107	72
AT3G20390	2771	2920	2468	2270	2175	2132
AT3G20395	116	183	199	156	166	156
AT3G20400	0	1	0	1	0	0
AT3G20410	1215	1256	1141	846	914	961
AT3G20420	34	47	33	44	36	37
AT3G20430	273	251	268	229	244	233
AT3G20440	206	214	221	253	243	233
AT3G20450	16	21	15	13	19	13
AT3G20460	106	41	72	46	26	17
AT3G20470	372	680	538	409	553	422
AT3G20475	28	27	27	32	36	31
AT3G20480	30	40	29	38	32	33
AT3G20490	137	103	113	112	109	107
AT3G20500	271	338	243	266	305	311
AT3G20510	327	348	306	275	238	230
AT3G20520	7	11	4	4	1	6
AT3G20530	2	1	2	1	2	3
AT3G20540	555	601	497	611	599	577
AT3G20550	437	486	441	416	386	390
AT3G20555	1	2	1	0	1	0
AT3G20557	26	2	19	10	3	3
AT3G20560	242	268	256	232	232	231
AT3G20570	171	177	130	168	117	172
AT3G20580	0	5	1	3	0	0
AT3G20590	38	22	22	32	20	23
AT3G20600	198	271	152	110	156	171
AT3G20610	0	1	0	0	1	0
AT3G20620	168	169	153	124	110	116
AT3G20630	852	865	792	767	740	711
AT3G20640	83	71	70	108	67	78
AT3G20650	273	250	230	219	210	192
AT3G20655	0	0	0	0	0	0
AT3G20660	283	261	222	113	154	179
AT3G20670	200	156	157	187	144	144
AT3G20680	260	223	247	305	283	231
AT3G20690	0	0	0	0	0	0
AT3G20700	0	0	0	0	0	0
AT3G20710	8	10	12	8	12	12
AT3G20720	574	580	519	475	503	475
AT3G20730	11	15	19	15	12	22
AT3G20740	270	248	230	244	253	236
AT3G20750	0	0	0	0	0	0
AT3G20760	10	15	7	10	7	2
AT3G20770	2515	2782	2555	2059	2196	2158
AT3G20780	199	250	220	238	207	211
AT3G20790	568	616	510	614	536	483
AT3G20800	369	377	382	320	346	322
AT3G20810	918	797	775	988	837	748
AT3G20820	853	906	755	975	922	791
AT3G20830	122	79	89	100	75	76
AT3G20840	68	57	74	57	48	56
AT3G20850	5	4	4	2	2	0
AT3G20860	184	173	139	143	145	105
AT3G20865	3	0	0	0	0	1
AT3G20870	482	439	401	401	422	382
AT3G20880	1	1	3	6	4	4
AT3G20885	0	0	0	0	0	0
AT3G20890	114	140	88	104	96	98
AT3G20898	90	63	84	89	82	77
AT3G20900	0	0	0	0	0	0
AT3G20910	154	153	115	136	156	116
AT3G20920	534	586	514	502	477	480
AT3G20930	270	322	269	332	310	291
AT3G20935	26	27	32	15	10	19
AT3G20940	156	54	91	37	32	35
AT3G20950	0	0	0	0	0	0
AT3G20960	190	181	160	128	106	124
AT3G20970	412	410	392	407	403	385
AT3G20978	4	3	2	4	4	10
AT3G20980	0	0	0	0	0	0
AT3G20993	0	0	0	0	0	0
AT3G20997	0	0	0	0	0	0
AT3G21000	3	1	5	3	1	0
AT3G21055	7788	10335	7952	10131	9639	8429
AT3G21060	259	283	248	279	310	253
AT3G21070	697	766	634	531	553	554
AT3G21080	68	79	106	12	16	16
AT3G21090	36	39	32	64	60	54
AT3G21100	181	209	176	193	188	197
AT3G21110	212	236	198	221	241	204
AT3G21120	0	0	0	0	0	0
AT3G21130	0	0	0	0	0	0
AT3G21140	396	425	366	326	333	342
AT3G21150	64	74	39	9	6	11
AT3G21160	454	440	403	384	407	356
AT3G21165	0	0	0	0	0	0
AT3G21170	0	0	0	0	0	0
AT3G21175	268	328	244	270	251	236
AT3G21180	140	71	90	58	61	44
AT3G21190	412	428	375	336	358	338
AT3G21200	942	1030	937	884	958	869
AT3G21210	11	18	9	12	6	14
AT3G21215	547	595	563	557	469	485
AT3G21220	264	315	271	232	200	219
AT3G21230	610	463	401	248	253	324
AT3G21240	733	678	636	502	499	559
AT3G21250	1814	1944	1581	1632	1549	1529
AT3G21260	136	153	156	158	143	126
AT3G21270	225	257	200	149	184	160
AT3G21280	135	167	150	136	171	153
AT3G21290	423	403	434	344	371	339
AT3G21295	230	203	204	196	196	221
AT3G21300	175	197	190	207	193	188
AT3G21305	0	0	0	0	0	0
AT3G21310	15	9	9	10	14	8
AT3G21320	0	1	0	0	0	0
AT3G21330	19	7	10	6	7	5
AT3G21340	59	23	27	29	6	10
AT3G21350	220	244	224	239	204	217
AT3G21351	14	42	21	38	31	40
AT3G21352	3	4	4	5	7	9
AT3G21360	80	97	63	86	94	91
AT3G21370	0	0	0	0	0	0
AT3G21371	0	0	0	0	0	0
AT3G21380	0	0	0	0	0	0
AT3G21390	170	173	132	123	119	97
AT3G21400	100	114	112	93	106	96
AT3G21405	0	0	0	0	0	0
AT3G21410	0	0	0	0	0	0
AT3G21420	184	199	177	155	158	210
AT3G21430	478	501	412	428	446	440
AT3G21450	0	0	0	0	0	0
AT3G21460	8	3	6	4	3	1
AT3G21465	230	235	216	234	243	227
AT3G21470	19	20	15	13	21	21
AT3G21473	0	0	0	0	0	0
AT3G21475	0	0	0	0	0	0
AT3G21480	229	237	221	207	181	193
AT3G21490	0	0	0	0	0	0
AT3G21500	1037	529	303	30	21	310
AT3G21510	1167	869	872	661	649	643
AT3G21520	92	113	94	16	28	25
AT3G21530	253	224	230	96	102	122
AT3G21540	336	423	389	343	386	341
AT3G21550	153	183	136	149	125	136
AT3G21560	2920	3094	1906	970	842	916
AT3G21570	0	0	1	0	0	0
AT3G21580	240	280	194	248	226	206
AT3G21590	0	0	0	0	1	0
AT3G21600	168	184	146	141	148	141
AT3G21610	243	221	235	188	214	203
AT3G21620	16	33	12	8	11	18
AT3G21630	617	581	585	479	534	523
AT3G21640	332	360	333	293	303	279
AT3G21650	222	303	216	215	226	240
AT3G21660	4	10	2	0	1	3
AT3G21670	404	432	224	62	58	70
AT3G21680	48	33	29	23	18	16
AT3G21690	1718	1616	1389	952	1056	1179
AT3G21700	218	186	133	124	129	112
AT3G21710	480	371	392	302	315	329
AT3G21720	138	745	326	190	556	459
AT3G21730	0	0	0	0	0	0
AT3G21740	133	116	130	132	130	116
AT3G21750	842	830	601	553	523	527
AT3G21755	36	31	32	39	35	42
AT3G21760	0	0	0	0	0	0
AT3G21770	1075	897	910	691	668	667
AT3G21780	0	0	0	0	0	0
AT3G21781	0	0	0	0	0	0
AT3G21790	488	547	388	352	386	408
AT3G21800	3	0	0	1	0	0
AT3G21805	2	0	2	1	0	1
AT3G21810	312	301	269	212	204	208
AT3G21820	200	182	175	170	158	174
AT3G21825	0	0	0	0	0	0
AT3G21830	0	0	0	0	0	0
AT3G21840	0	0	0	0	1	0
AT3G21850	0	2	0	0	1	0
AT3G21860	6	12	6	12	11	8
AT3G21865	663	690	618	521	476	485
AT3G21870	61	44	44	24	25	15
AT3G21880	4	2	1	1	0	0
AT3G21890	24	23	12	2	2	4
AT3G21900	0	0	0	0	0	0
AT3G21910	0	0	0	0	0	0
AT3G21920	0	0	0	0	0	0
AT3G21930	0	0	0	0	0	0
AT3G21940	0	0	0	0	0	0
AT3G21945	0	0	0	0	0	0
AT3G21950	64	98	55	82	90	92
AT3G21960	0	0	0	0	0	0
AT3G21970	0	0	0	0	0	0
AT3G21980	0	0	0	0	0	0
AT3G21990	0	0	0	0	0	0
AT3G22000	0	0	0	0	0	0
AT3G22010	0	0	0	0	0	0
AT3G22020	0	0	0	0	0	1
AT3G22022	0	0	0	0	0	0
AT3G22030	0	0	0	0	0	0
AT3G22040	0	0	0	0	0	0
AT3G22050	0	0	0	0	0	0
AT3G22053	0	0	0	0	0	0
AT3G22057	0	0	0	0	0	0
AT3G22060	1273	2283	1561	361	601	593
AT3G22070	0	0	0	0	0	0
AT3G22072	0	0	0	0	0	0
AT3G22080	0	0	0	0	0	0
AT3G22085	0	0	0	0	0	0
AT3G22090	1	0	0	0	0	0
AT3G22100	2	0	0	0	0	1
AT3G22104	249	229	214	252	233	198
AT3G22110	1095	1049	913	1046	886	873
AT3G22120	1	0	0	0	0	1
AT3G22121	0	0	0	0	0	0
AT3G22125	0	0	0	0	0	0
AT3G22142	0	0	0	0	0	0
AT3G22150	507	479	421	644	578	494
AT3G22160	342	393	331	156	222	252
AT3G22170	1105	1126	1000	924	950	998
AT3G22180	178	167	177	163	141	163
AT3G22183	0	0	0	0	0	0
AT3G22190	543	642	602	567	623	572
AT3G22200	3531	3585	3257	2975	3294	3286
AT3G22210	195	155	132	200	139	117
AT3G22220	323	362	338	366	329	322
AT3G22230	1343	1022	1171	1310	1111	1122
AT3G22231	344	272	162	25	82	60
AT3G22235	96	122	74	2	15	32
AT3G22240	957	812	890	810	864	796
AT3G22250	4	5	9	5	6	1
AT3G22260	182	205	150	126	125	154
AT3G22270	546	607	545	463	530	447
AT3G22275	14	9	16	4	12	33
AT3G22290	652	678	566	583	593	586
AT3G22300	333	320	286	284	294	319
AT3G22310	614	623	607	595	593	592
AT3G22320	637	654	626	607	609	589
AT3G22330	774	855	766	787	844	787
AT3G22333	0	0	0	1	0	0
AT3G22337	0	0	0	0	0	0
AT3G22345	0	0	0	0	0	0
AT3G22350	0	0	0	0	0	0
AT3G22360	1	1	1	1	2	0
AT3G22370	1549	2171	1139	595	760	948
AT3G22380	5607	5716	4936	4592	4444	4337
AT3G22400	167	176	156	137	126	136
AT3G22410	129	114	102	48	38	64
AT3G22415	13	13	9	9	7	7
AT3G22420	353	359	289	306	290	255
AT3G22421	0	0	0	0	0	0
AT3G22425	150	155	142	165	148	137
AT3G22430	140	152	159	113	160	149
AT3G22436	0	0	0	0	0	0
AT3G22440	4675	4546	4281	4443	3943	4049
AT3G22450	23	18	30	19	14	16
AT3G22460	220	229	221	144	220	216
AT3G22470	60	62	39	42	42	46
AT3G22480	441	486	484	396	411	360
AT3G22490	0	0	0	0	0	0
AT3G22500	0	0	0	0	0	0
AT3G22510	0	0	0	0	0	0
AT3G22520	553	561	468	467	444	435
AT3G22530	0	0	0	0	0	0
AT3G22540	11	25	18	27	14	13
AT3G22550	321	477	368	273	324	325
AT3G22560	12	20	15	2	7	15
AT3G22565	21	10	19	11	5	5
AT3G22570	0	0	0	0	0	0
AT3G22580	0	0	0	0	0	0
AT3G22590	224	252	262	241	235	240
AT3G22600	1554	1567	1146	830	971	817
AT3G22620	880	760	755	649	621	571
AT3G22630	233	246	180	227	186	195
AT3G22640	1	0	0	0	0	1
AT3G22650	0	0	0	0	0	0
AT3G22660	469	532	524	486	480	449
AT3G22670	0	0	0	0	0	0
AT3G22680	95	94	82	100	98	99
AT3G22690	47	81	49	55	31	50
AT3G22700	0	2	0	0	0	0
AT3G22710	0	0	0	0	0	0
AT3G22720	0	0	0	0	0	0
AT3G22723	0	0	0	0	0	0
AT3G22730	0	0	0	0	0	0
AT3G22740	296	280	149	54	51	154
AT3G22750	313	331	290	59	59	68
AT3G22760	114	155	114	194	170	171
AT3G22770	0	0	0	0	0	0
AT3G22780	497	455	480	503	477	438
AT3G22790	644	679	566	736	671	584
AT3G22800	202	164	200	196	240	244
AT3G22810	123	141	133	163	144	128
AT3G22820	19	17	14	11	14	13
AT3G22830	55	49	24	75	55	54
AT3G22840	764	583	468	237	163	170
AT3G22845	1118	1034	905	740	765	748
AT3G22850	1264	1370	1066	818	774	937
AT3G22860	3	2	4	5	2	4
AT3G22870	0	0	0	0	0	0
AT3G22880	209	244	212	168	183	141
AT3G22886	1	6	2	4	0	3
AT3G22890	7436	7899	6690	4697	5541	5981
AT3G22900	19	19	17	23	25	36
AT3G22910	76	94	108	65	175	120
AT3G22920	0	0	0	0	0	0
AT3G22930	79	98	66	74	75	85
AT3G22935	0	0	0	0	0	0
AT3G22940	0	0	0	0	0	0
AT3G22942	95	131	107	97	100	93
AT3G22950	381	375	354	305	324	322
AT3G22960	3723	3768	3573	4217	3829	3567
AT3G22961	3	6	6	3	4	7
AT3G22970	1229	1091	1101	1338	1277	1178
AT3G22980	321	283	280	246	271	270
AT3G22990	318	286	252	246	230	267
AT3G23000	1253	1480	1234	965	960	816
AT3G23010	81	127	69	17	37	54
AT3G23020	67	79	72	82	72	66
AT3G23030	1430	1519	1596	1368	1486	1470
AT3G23050	1449	1419	1276	1511	1359	1212
AT3G23060	1	1	3	1	3	1
AT3G23070	640	627	582	696	612	570
AT3G23080	287	273	222	436	441	450
AT3G23090	284	257	276	282	209	194
AT3G23100	144	209	157	98	78	71
AT3G23110	117	105	57	40	46	41
AT3G23120	95	117	43	22	41	71
AT3G23122	1	2	1	0	0	3
AT3G23123	4	1	2	1	1	4
AT3G23125	0	0	0	0	0	1
AT3G23130	0	0	0	0	0	0
AT3G23140	0	0	0	0	0	0
AT3G23145	0	0	0	0	0	0
AT3G23150	587	667	602	556	601	543
AT3G23160	185	189	191	153	143	147
AT3G23165	0	0	0	0	0	0
AT3G23167	0	0	0	0	0	0
AT3G23170	635	939	536	324	315	455
AT3G23172	0	0	0	0	0	0
AT3G23175	272	191	219	147	154	141
AT3G23180	175	176	178	149	144	114
AT3G23190	192	175	151	98	106	101
AT3G23200	42	33	25	25	29	30
AT3G23210	153	129	122	89	87	91
AT3G23220	2	0	0	0	0	0
AT3G23230	6	12	18	1	4	5
AT3G23240	92	135	95	8	17	31
AT3G23245	0	0	1	0	0	0
AT3G23250	77	129	88	62	79	111
AT3G23255	78	81	59	77	63	85
AT3G23260	20	19	13	11	10	13
AT3G23270	0	0	0	0	0	0
AT3G23280	1482	1572	1372	1286	1290	1255
AT3G23290	167	161	133	183	170	117
AT3G23300	1063	1120	1080	903	992	885
AT3G23310	528	567	467	475	469	519
AT3G23320	0	0	0	0	0	0
AT3G23325	135	114	87	88	99	81
AT3G23326	1	3	1	0	1	1
AT3G23330	67	43	71	70	46	61
AT3G23340	156	194	151	199	194	179
AT3G23350	0	0	1	0	0	0
AT3G23360	1	0	3	2	1	0
AT3G23370	29	58	41	52	43	36
AT3G23380	1	0	1	1	0	2
AT3G23390	987	826	886	965	902	905
AT3G23400	2166	2655	1939	1900	2094	1909
AT3G23410	684	626	550	368	377	362
AT3G23420	0	0	1	0	0	0
AT3G23430	1686	2335	1589	1063	1107	1132
AT3G23440	26	16	15	19	11	17
AT3G23450	218	275	315	183	299	227
AT3G23460	1	0	1	1	0	0
AT3G23470	243	164	147	155	121	112
AT3G23480	105	126	128	142	138	117
AT3G23490	956	990	815	926	850	797
AT3G23510	124	109	94	59	55	61
AT3G23530	1099	1134	1007	783	837	651
AT3G23540	588	654	518	476	520	483
AT3G23550	624	531	462	195	481	332
AT3G23560	318	268	281	304	262	331
AT3G23570	501	472	383	294	318	374
AT3G23580	255	243	251	139	124	154
AT3G23590	487	447	455	546	490	517
AT3G23600	2854	2758	2344	2053	2144	2256
AT3G23605	110	110	97	106	107	107
AT3G23610	42	38	49	43	44	39
AT3G23620	568	614	553	554	598	511
AT3G23630	10	10	7	11	8	8
AT3G23633	0	0	0	0	0	0
AT3G23635	1	2	2	2	2	4
AT3G23637	0	0	0	0	0	0
AT3G23640	1103	1097	967	1241	1161	1132
AT3G23650	0	0	0	0	0	0
AT3G23660	678	709	587	676	649	606
AT3G23670	239	229	234	256	222	242
AT3G23680	0	0	0	0	0	0
AT3G23685	0	0	0	0	0	0
AT3G23690	902	843	850	811	781	773
AT3G23700	1191	1121	1024	1304	1193	981
AT3G23710	181	161	164	211	198	213
AT3G23715	0	0	0	0	0	0
AT3G23727	0	0	0	0	0	0
AT3G23730	434	449	420	371	471	465
AT3G23740	96	105	70	97	85	76
AT3G23750	773	870	710	734	845	812
AT3G23760	172	148	152	198	136	148
AT3G23770	0	0	0	0	0	0
AT3G23780	553	642	597	511	519	532
AT3G23790	338	349	318	300	313	322
AT3G23800	158	143	132	102	89	134
AT3G23805	118	120	134	134	127	84
AT3G23810	3402	3341	3147	3636	3253	2811
AT3G23820	2374	2581	2107	2273	2238	2040
AT3G23830	326	355	359	311	296	258
AT3G23840	184	303	145	194	176	212
AT3G23860	2	0	2	0	1	1
AT3G23870	152	121	103	39	45	51
AT3G23880	152	121	157	113	85	75
AT3G23890	726	642	610	758	623	606
AT3G23900	845	916	766	854	717	755
AT3G23910	68	101	79	81	74	52
AT3G23920	1609	1849	1148	727	731	966
AT3G23930	42	28	38	46	34	35
AT3G23940	1634	1544	1541	1534	1591	1509
AT3G23950	0	0	0	0	0	0
AT3G23955	0	4	0	0	1	0
AT3G23960	0	0	0	0	0	0
AT3G23970	0	0	0	0	0	0
AT3G23980	851	804	711	753	676	720
AT3G23990	2307	2503	2398	2123	2233	2033
AT3G24000	99	89	89	80	86	73
AT3G24010	338	351	278	260	266	267
AT3G24020	8	17	6	17	6	4
AT3G24030	151	180	145	161	157	160
AT3G24040	448	482	404	447	387	389
AT3G24050	711	715	681	578	624	628
AT3G24060	0	0	0	1	0	0
AT3G24065	1	0	0	3	1	0
AT3G24068	0	0	0	0	0	0
AT3G24070	218	240	243	237	216	197
AT3G24080	1146	1107	1090	1016	980	1002
AT3G24090	123	141	136	97	134	120
AT3G24093	0	0	0	0	0	0
AT3G24100	521	589	551	466	472	468
AT3G24110	30	25	30	37	24	26
AT3G24120	381	362	372	353	323	330
AT3G24130	0	1	4	1	1	2
AT3G24140	377	386	353	335	353	351
AT3G24150	138	138	93	126	97	112
AT3G24160	2806	2811	2696	2258	2238	2124
AT3G24170	2977	2899	2536	1684	1722	1721
AT3G24180	1529	1523	1323	1027	1185	1012
AT3G24190	1286	1159	946	810	697	684
AT3G24200	446	437	393	361	396	358
AT3G24210	97	59	76	62	62	42
AT3G24220	0	0	0	0	0	0
AT3G24225	3	0	2	3	1	2
AT3G24230	1	1	3	1	0	0
AT3G24240	352	349	336	361	326	285
AT3G24250	0	0	0	0	0	0
AT3G24255	29	24	27	26	18	23
AT3G24260	0	0	0	0	0	0
AT3G24270	0	0	0	0	0	0
AT3G24280	0	0	0	0	0	0
AT3G24290	0	0	0	0	0	0
AT3G24300	124	204	208	146	138	162
AT3G24310	30	21	16	4	6	6
AT3G24315	209	251	201	225	232	207
AT3G24320	167	168	148	138	133	149
AT3G24330	0	0	0	0	0	0
AT3G24332	0	0	0	0	0	0
AT3G24340	11	13	9	12	12	13
AT3G24350	334	426	393	408	421	375
AT3G24360	23	27	26	25	23	23
AT3G24420	126	111	96	102	116	81
AT3G24430	1071	1016	918	1069	989	889
AT3G24440	204	197	176	195	190	195
AT3G24450	64	59	45	51	56	43
AT3G24460	69	55	43	23	21	35
AT3G24463	35	34	33	23	20	20
AT3G24465	0	0	0	0	0	0
AT3G24480	736	841	801	611	770	721
AT3G24490	389	410	367	349	318	310
AT3G24495	160	152	154	160	161	106
AT3G24500	417	445	341	279	361	286
AT3G24503	3807	3653	3294	3047	3331	2942
AT3G24506	241	259	245	244	202	222
AT3G24508	0	0	0	0	0	0
AT3G24510	0	0	1	0	2	0
AT3G24513	0	0	0	0	0	0
AT3G24514	0	0	0	0	0	0
AT3G24515	92	95	102	119	100	91
AT3G24516	0	0	0	0	0	0
AT3G24517	0	0	0	0	0	0
AT3G24518	3	0	2	1	6	2
AT3G24520	0	0	0	0	0	0
AT3G24530	501	517	496	403	435	452
AT3G24535	16	14	20	17	13	17
AT3G24540	3	7	3	5	5	1
AT3G24542	1	0	0	0	1	0
AT3G24550	1333	1474	1398	1102	1252	1380
AT3G24560	128	90	96	98	109	115
AT3G24570	171	162	133	134	136	123
AT3G24575	0	0	0	1	0	0
AT3G24580	0	0	0	0	0	0
AT3G24590	423	397	361	503	460	435
AT3G24600	0	0	0	1	1	3
AT3G24605	0	0	0	1	2	0
AT3G24610	0	0	0	1	0	0
AT3G24612	0	0	0	0	0	0
AT3G24614	0	0	0	0	0	0
AT3G24615	0	0	0	0	0	0
AT3G24620	0	0	0	0	0	0
AT3G24630	63	73	69	89	89	81
AT3G24640	2	2	8	1	2	2
AT3G24650	0	0	0	0	1	1
AT3G24660	160	185	147	170	193	170
AT3G24670	274	235	253	244	198	244
AT3G24690	0	0	0	0	0	0
AT3G24700	0	0	0	0	0	0
AT3G24710	0	0	0	0	0	0
AT3G24715	114	131	101	84	95	97
AT3G24730	54	78	67	66	68	53
AT3G24740	437	436	423	427	352	341
AT3G24750	27	31	29	19	13	8
AT3G24760	223	193	185	203	166	183
AT3G24770	206	241	206	235	203	234
AT3G24780	13	9	8	10	12	16
AT3G24790	1	1	0	0	0	0
AT3G24800	245	244	248	252	238	238
AT3G24810	75	58	45	57	55	52
AT3G24820	96	117	89	104	80	83
AT3G24830	3613	3354	3547	3666	3368	3059
AT3G24840	287	277	219	199	198	198
AT3G24850	0	0	0	0	0	0
AT3G24860	125	92	107	105	105	96
AT3G24870	125	140	101	114	109	108
AT3G24880	154	125	126	125	105	117
AT3G24890	40	40	45	26	41	26
AT3G24900	12	11	6	4	9	15
AT3G24929	63	65	66	57	57	58
AT3G24982	4	2	4	3	1	1
AT3G25010	113	108	55	40	55	101
AT3G25011	3	1	7	7	2	0
AT3G25012	0	0	0	0	0	0
AT3G25013	69	70	70	46	54	70
AT3G25014	0	0	0	0	0	0
AT3G25020	202	188	147	109	109	114
AT3G25030	79	74	60	70	59	68
AT3G25040	625	637	543	620	541	517
AT3G25050	0	0	0	0	0	0
AT3G25060	9	14	11	7	19	10
AT3G25070	725	797	752	498	582	582
AT3G25080	0	0	0	0	1	1
AT3G25090	0	0	0	0	0	0
AT3G25100	67	58	48	63	52	58
AT3G25110	288	282	258	288	245	226
AT3G25120	256	253	201	213	205	195
AT3G25130	98	86	87	116	99	95
AT3G25140	1229	1259	1103	1059	1024	1078
AT3G25150	935	989	884	1002	925	840
AT3G25160	0	0	0	0	0	0
AT3G25165	0	0	0	0	0	0
AT3G25170	0	0	0	0	0	0
AT3G25180	3	9	9	0	0	3
AT3G25190	384	266	367	413	310	380
AT3G25200	0	0	0	0	0	0
AT3G25210	125	166	154	137	144	131
AT3G25220	937	919	905	880	799	873
AT3G25221	0	0	0	0	1	0
AT3G25230	2372	2530	2239	1964	2060	1957
AT3G25240	393	530	293	116	104	214
AT3G25250	174	197	147	74	91	154
AT3G25260	2	1	1	1	3	1
AT3G25265	0	0	0	0	0	0
AT3G25270	0	0	1	0	1	0
AT3G25280	0	0	0	0	0	0
AT3G25290	461	435	379	204	163	246
AT3G25400	98	90	90	84	82	88
AT3G25410	341	331	255	384	354	299
AT3G25420	0	0	0	0	4	0
AT3G25430	92	134	97	133	123	94
AT3G25440	116	130	127	108	116	108
AT3G25460	0	0	0	0	0	0
AT3G25470	836	906	831	959	933	831
AT3G25480	355	316	330	428	390	367
AT3G25490	0	0	0	0	0	0
AT3G25493	0	0	0	0	0	0
AT3G25500	649	602	594	599	629	588
AT3G25505	5	8	8	2	3	2
AT3G25510	66	112	61	43	76	88
AT3G25520	6755	6463	6622	6800	6484	5907
AT3G25530	1323	1543	1389	1440	1356	1335
AT3G25540	524	430	447	447	424	366
AT3G25545	266	280	253	221	270	227
AT3G25550	0	1	0	1	0	2
AT3G25560	318	341	300	304	252	269
AT3G25570	289	320	240	224	211	230
AT3G25573	10	2	1	0	0	3
AT3G25577	1	0	1	0	0	1
AT3G25580	196	185	183	171	155	149
AT3G25585	720	681	534	431	397	450
AT3G25590	67	76	54	39	39	33
AT3G25597	127	161	142	106	104	105
AT3G25600	216	317	237	177	174	229
AT3G25610	950	1306	841	327	447	501
AT3G25620	107	109	55	59	63	101
AT3G25640	76	73	62	67	74	75
AT3G25650	0	0	0	0	0	0
AT3G25655	14	10	7	8	4	7
AT3G25660	1203	1292	1162	1501	1334	1212
AT3G25670	14	13	9	22	20	25
AT3G25680	301	283	246	280	287	307
AT3G25690	4182	4062	3453	3713	3783	3547
AT3G25700	123	130	108	111	65	106
AT3G25710	203	188	202	244	189	207
AT3G25715	0	0	0	0	0	0
AT3G25716	0	1	0	0	0	0
AT3G25717	226	247	262	407	436	327
AT3G25719	0	0	0	0	0	0
AT3G25720	0	0	0	0	0	0
AT3G25727	0	0	0	0	0	0
AT3G25730	207	181	190	191	202	166
AT3G25740	123	124	98	124	105	113
AT3G25750	0	0	0	0	0	0
AT3G25760	2436	2722	1969	1013	1253	2111
AT3G25770	6552	6365	4146	2975	3022	4933
AT3G25780	376	468	398	253	310	490
AT3G25790	174	215	164	119	76	123
AT3G25795	19	23	13	14	8	9
AT3G25800	898	889	771	753	707	716
AT3G25805	203	212	192	232	201	198
AT3G25810	0	0	0	0	0	0
AT3G25820	2	3	1	0	0	0
AT3G25830	0	0	0	0	0	0
AT3G25840	1531	1613	1393	1387	1246	1258
AT3G25850	0	0	0	0	0	0
AT3G25855	5	9	9	15	10	7
AT3G25860	760	751	724	837	694	706
AT3G25870	68	86	61	54	74	63
AT3G25880	16	9	9	20	10	11
AT3G25882	117	138	129	33	61	82
AT3G25890	464	438	471	314	415	353
AT3G25900	218	263	244	205	196	200
AT3G25905	5	2	8	4	6	11
AT3G25910	949	1049	959	841	831	873
AT3G25920	4609	4880	4366	5186	4724	4070
AT3G25930	609	394	438	387	343	348
AT3G25940	90	99	90	107	87	76
AT3G25950	28	18	27	7	9	6
AT3G25960	0	0	0	0	0	0
AT3G25970	25	29	20	40	29	26
AT3G25980	204	188	164	208	204	164
AT3G25990	27	24	28	18	20	19
AT3G26000	580	685	533	439	438	453
AT3G26010	0	0	1	1	0	1
AT3G26020	479	488	418	379	398	400
AT3G26030	971	915	871	712	792	731
AT3G26040	17	18	10	7	8	10
AT3G26050	44	46	45	42	45	35
AT3G26060	4587	5363	4165	5801	5313	4810
AT3G26070	1437	1668	1287	1544	1425	1324
AT3G26080	265	254	206	218	210	196
AT3G26085	426	457	397	476	429	381
AT3G26090	312	386	288	258	332	305
AT3G26100	1279	1140	1080	1001	920	939
AT3G26110	0	0	0	2	1	0
AT3G26115	89	108	89	95	85	78
AT3G26120	4	4	4	3	4	7
AT3G26125	0	0	0	0	0	0
AT3G26130	13	9	12	12	8	14
AT3G26135	12	9	6	0	1	7
AT3G26140	0	0	0	0	0	0
AT3G26147	0	0	0	0	0	0
AT3G26150	1	0	0	0	0	0
AT3G26160	6	5	9	0	0	0
AT3G26170	721	869	561	64	139	121
AT3G26180	1727	2301	1605	699	918	879
AT3G26190	0	0	3	0	0	1
AT3G26200	825	982	955	512	719	559
AT3G26210	1009	1499	1319	456	764	731
AT3G26220	413	470	457	99	187	185
AT3G26230	446	597	553	210	336	300
AT3G26235	2	4	4	3	8	10
AT3G26237	1	1	0	1	2	0
AT3G26240	190	246	221	183	207	189
AT3G26250	0	0	0	0	0	0
AT3G26270	0	0	1	0	1	0
AT3G26280	466	572	488	237	194	218
AT3G26290	1335	1659	1192	825	982	934
AT3G26300	555	597	524	600	564	468
AT3G26310	175	211	153	189	173	138
AT3G26320	101	77	93	75	115	65
AT3G26330	248	202	221	199	221	218
AT3G26340	216	236	210	193	211	202
AT3G26350	12	15	9	20	17	15
AT3G26355	0	0	0	0	0	0
AT3G26360	206	240	240	194	193	177
AT3G26370	479	587	495	460	439	491
AT3G26380	418	485	381	395	372	398
AT3G26390	0	0	0	0	0	0
AT3G26395	103	121	90	105	107	112
AT3G26400	625	590	545	463	472	518
AT3G26410	117	140	110	119	99	122
AT3G26420	4	2	0	1	1	0
AT3G26430	24	19	32	23	26	23
AT3G26440	849	710	664	546	561	596
AT3G26445	0	0	0	0	0	0
AT3G26450	0	0	0	0	0	0
AT3G26460	316	224	326	135	152	205
AT3G26470	418	512	459	408	529	515
AT3G26480	31	28	17	22	22	29
AT3G26490	50	59	66	73	73	67
AT3G26500	235	327	258	155	214	183
AT3G26510	744	836	809	569	652	593
AT3G26512	0	0	0	0	0	0
AT3G26520	8165	7959	7015	7204	6165	6406
AT3G26539	3	8	13	15	7	14
AT3G26540	84	103	87	103	107	92
AT3G26550	24	43	29	34	31	38
AT3G26560	970	979	905	873	836	787
AT3G26570	2552	2311	2129	1136	1314	1139
AT3G26580	1389	1576	1347	1649	1351	1433
AT3G26590	658	650	542	355	381	388
AT3G26600	353	367	320	213	252	253
AT3G26610	51	31	33	50	31	37
AT3G26612	91	81	74	84	64	65
AT3G26616	0	1	0	1	0	1
AT3G26618	445	503	467	369	434	419
AT3G26620	0	0	0	0	0	0
AT3G26630	267	268	206	218	225	234
AT3G26640	165	181	176	153	165	139
AT3G26650	14466	13308	10827	12741	11597	10077
AT3G26660	0	0	0	0	0	0
AT3G26670	597	562	489	465	470	476
AT3G26680	158	149	186	165	147	154
AT3G26690	230	205	198	204	197	203
AT3G26700	130	114	124	130	128	113
AT3G26710	836	756	720	908	795	713
AT3G26720	1179	1117	1030	1088	997	991
AT3G26730	1589	1639	1429	1328	1255	1302
AT3G26740	11966	15431	12782	17452	14464	15637
AT3G26742	2	3	3	5	1	1
AT3G26744	456	455	400	489	427	417
AT3G26747	0	0	0	0	0	0
AT3G26750	54	49	54	65	64	62
AT3G26760	70	34	52	86	62	62
AT3G26770	91	116	77	114	114	136
AT3G26780	643	617	613	653	603	590
AT3G26782	71	64	69	73	78	60
AT3G26790	0	0	0	0	2	1
AT3G26800	0	0	0	0	0	0
AT3G26810	827	713	681	758	675	648
AT3G26812	0	0	0	0	0	0
AT3G26813	0	0	0	0	0	0
AT3G26815	0	0	0	1	0	0
AT3G26816	0	0	1	0	0	0
AT3G26818	1	2	0	1	0	3
AT3G26819	0	0	0	0	0	0
AT3G26820	11	19	5	7	9	16
AT3G26830	614	740	292	170	389	265
AT3G26840	472	471	287	156	202	237
AT3G26850	128	113	106	126	140	133
AT3G26855	1	2	0	2	0	0
AT3G26860	0	0	0	0	0	0
AT3G26870	0	0	0	0	0	0
AT3G26880	0	0	0	0	0	0
AT3G26890	954	1017	1023	1079	1082	1026
AT3G26900	669	700	615	651	658	651
AT3G26910	388	537	426	307	407	462
AT3G26920	160	149	136	122	142	158
AT3G26922	58	64	54	44	42	44
AT3G26930	0	0	1	1	4	2
AT3G26932	170	152	133	267	142	144
AT3G26934	0	0	0	0	0	0
AT3G26935	551	543	558	548	481	494
AT3G26940	0	0	0	0	1	0
AT3G26950	389	451	357	382	353	364
AT3G26960	18	25	14	20	12	15
AT3G26980	204	330	245	182	185	241
AT3G26990	226	226	191	225	169	167
AT3G27000	143	161	130	118	130	119
AT3G27010	124	160	141	104	111	112
AT3G27020	621	600	558	541	540	500
AT3G27025	10	9	7	7	8	4
AT3G27027	25	30	27	11	14	17
AT3G27030	103	80	83	82	79	84
AT3G27040	3	7	1	6	3	6
AT3G27050	305	250	222	222	174	162
AT3G27060	753	650	614	626	527	504
AT3G27070	7	11	13	8	16	9
AT3G27080	461	407	404	402	430	402
AT3G27090	2898	2894	2578	2004	2125	1967
AT3G27100	219	213	198	187	168	159
AT3G27110	435	367	325	277	277	270
AT3G27120	54	53	58	43	37	44
AT3G27140	0	0	0	0	0	0
AT3G27150	167	137	126	120	102	103
AT3G27160	1501	1585	1404	1756	1540	1392
AT3G27170	372	253	258	166	146	145
AT3G27180	265	268	271	258	246	242
AT3G27185	0	0	0	0	0	0
AT3G27190	887	762	754	514	567	578
AT3G27200	78	54	61	54	36	48
AT3G27210	409	392	313	301	300	340
AT3G27220	455	763	574	337	516	461
AT3G27230	605	711	649	547	573	531
AT3G27240	1173	1083	1021	903	889	735
AT3G27250	5	1	1	3	3	3
AT3G27260	1477	1391	1345	1176	1197	1189
AT3G27270	42	32	32	55	27	28
AT3G27280	519	541	564	434	487	466
AT3G27290	16	10	16	12	6	9
AT3G27300	1341	1317	1183	1156	1061	1050
AT3G27310	393	363	367	349	350	292
AT3G27320	225	244	201	265	225	198
AT3G27325	529	555	477	473	465	415
AT3G27329	0	0	0	0	0	0
AT3G27330	108	89	86	90	63	81
AT3G27331	0	0	0	0	0	0
AT3G27340	458	508	403	381	386	353
AT3G27350	412	365	316	196	193	223
AT3G27355	0	0	0	0	0	0
AT3G27360	162	170	139	166	120	157
AT3G27380	1379	1280	1058	936	886	849
AT3G27390	738	747	717	617	686	613
AT3G27400	68	73	56	87	68	70
AT3G27410	0	2	1	2	0	1
AT3G27415	0	0	0	0	0	0
AT3G27416	0	0	0	0	0	0
AT3G27420	136	153	145	157	149	136
AT3G27425	0	0	0	0	0	0
AT3G27430	1460	1501	1324	1284	1284	1231
AT3G27440	1	2	4	2	2	1
AT3G27460	261	250	230	178	177	188
AT3G27470	363	341	309	320	264	278
AT3G27473	8	10	15	18	14	5
AT3G27475	0	0	1	0	0	0
AT3G27480	0	0	0	0	0	0
AT3G27490	2	4	3	3	4	2
AT3G27495	0	0	0	0	0	0
AT3G27500	30	21	26	11	10	15
AT3G27503	0	1	0	0	0	0
AT3G27510	45	42	48	38	44	31
AT3G27520	53	55	47	65	51	47
AT3G27530	1044	1028	895	853	850	858
AT3G27540	86	87	60	44	31	47
AT3G27550	133	117	119	132	137	136
AT3G27555	0	0	0	0	0	0
AT3G27560	340	394	339	297	351	392
AT3G27570	733	771	731	642	648	610
AT3G27580	222	223	232	271	218	202
AT3G27590	0	0	0	0	0	0
AT3G27600	0	0	0	0	0	0
AT3G27610	229	275	232	204	205	232
AT3G27620	4	12	4	0	1	1
AT3G27630	17	8	8	3	8	4
AT3G27640	54	39	38	56	42	37
AT3G27650	92	121	103	97	94	96
AT3G27660	23	27	28	19	24	14
AT3G27670	545	572	473	470	449	479
AT3G27680	0	0	0	0	0	0
AT3G27690	778	1767	798	1238	1654	1428
AT3G27700	461	510	426	389	419	356
AT3G27710	8	13	8	11	18	17
AT3G27720	1	0	0	0	0	0
AT3G27730	23	21	20	26	29	15
AT3G27740	700	729	705	693	709	683
AT3G27750	47	54	73	83	60	47
AT3G27770	1045	1469	1156	959	1165	1011
AT3G27785	0	0	0	0	0	0
AT3G27809	0	0	0	0	0	0
AT3G27810	2	1	7	0	0	6
AT3G27820	2439	2460	2012	2003	2087	1895
AT3G27825	0	0	0	0	0	0
AT3G27830	3058	3167	2781	3679	3138	3093
AT3G27831	0	0	0	0	0	0
AT3G27835	0	0	0	0	0	0
AT3G27840	0	0	0	0	0	0
AT3G27845	0	0	0	0	0	0
AT3G27850	3222	3073	2879	3858	3370	3138
AT3G27860	11	19	8	14	12	11
AT3G27865	4	4	3	7	3	1
AT3G27870	101	126	108	131	131	126
AT3G27880	215	233	167	138	144	159
AT3G27884	141	88	107	63	34	60
AT3G27890	851	793	789	643	728	704
AT3G27900	7	1	9	2	3	5
AT3G27906	186	212	189	203	176	161
AT3G27910	0	0	0	0	0	0
AT3G27920	10	6	6	15	11	17
AT3G27925	1061	1160	958	1146	1031	949
AT3G27930	225	231	213	223	205	201
AT3G27940	7	13	14	16	29	11
AT3G27950	13	25	17	20	21	23
AT3G27960	359	289	304	160	192	255
AT3G27970	1	4	0	2	6	0
AT3G27980	0	0	0	0	0	0
AT3G27990	199	197	184	171	173	163
AT3G27999	0	0	0	0	0	0
AT3G28007	7	12	2	9	5	13
AT3G28020	0	0	0	0	0	0
AT3G28030	366	350	315	322	319	313
AT3G28040	799	734	727	818	737	672
AT3G28050	1146	1236	1050	999	1007	943
AT3G28060	0	0	1	0	1	0
AT3G28070	364	420	290	321	298	302
AT3G28080	295	329	301	304	339	269
AT3G28100	268	259	206	154	181	237
AT3G28120	0	0	0	0	0	0
AT3G28130	221	278	214	243	228	265
AT3G28140	120	110	121	113	109	91
AT3G28150	23	18	15	19	11	19
AT3G28155	7	3	8	7	5	3
AT3G28170	2	2	0	1	1	0
AT3G28180	1055	2110	1226	841	1132	1357
AT3G28190	0	0	0	0	0	0
AT3G28193	1	0	0	0	1	0
AT3G28200	510	653	528	427	484	506
AT3G28210	124	128	118	61	81	114
AT3G28216	0	0	0	0	0	0
AT3G28220	54	67	19	48	29	129
AT3G28223	0	0	0	0	0	0
AT3G28230	1	0	0	1	1	0
AT3G28243	0	0	0	0	0	0
AT3G28250	0	0	0	0	0	0
AT3G28270	61	36	51	22	36	49
AT3G28280	0	0	0	0	0	0
AT3G28290	0	1	0	0	0	0
AT3G28291	0	0	0	0	0	0
AT3G28300	0	0	0	0	0	0
AT3G28310	0	2	1	3	3	1
AT3G28320	0	0	0	0	0	0
AT3G28330	1	0	0	0	0	0
AT3G28335	0	0	0	0	0	0
AT3G28340	117	213	128	61	67	132
AT3G28345	547	369	431	402	321	299
AT3G28360	1	1	2	0	1	1
AT3G28370	120	163	150	160	138	152
AT3G28380	2	0	0	3	1	2
AT3G28390	1	0	0	0	0	0
AT3G28410	0	0	0	0	0	0
AT3G28415	0	0	1	0	0	0
AT3G28420	6	19	12	15	15	11
AT3G28430	446	458	358	320	354	365
AT3G28450	410	557	404	298	376	410
AT3G28455	16	22	20	30	23	18
AT3G28460	140	143	111	214	152	172
AT3G28470	0	0	0	2	1	0
AT3G28480	492	477	465	295	373	340
AT3G28490	0	0	0	0	0	0
AT3G28500	13	14	10	11	23	16
AT3G28510	142	316	140	4	65	139
AT3G28520	0	0	1	0	0	0
AT3G28530	0	0	0	0	0	0
AT3G28540	705	761	548	119	314	300
AT3G28550	6783	3373	4484	3365	2531	2281
AT3G28560	0	1	0	1	1	0
AT3G28570	1	6	5	0	4	3
AT3G28580	78	146	83	37	100	113
AT3G28590	0	0	0	1	0	0
AT3G28600	3	2	5	6	3	5
AT3G28610	0	2	1	0	1	1
AT3G28620	6	8	14	7	8	11
AT3G28630	9	6	8	3	3	3
AT3G28635	14	14	11	10	6	16
AT3G28640	37	50	51	38	33	45
AT3G28650	50	55	47	63	78	62
AT3G28660	31	57	40	37	34	29
AT3G28670	283	301	253	260	256	285
AT3G28674	0	0	0	0	0	0
AT3G28680	0	0	0	0	0	0
AT3G28685	0	0	0	0	0	0
AT3G28690	847	942	844	753	795	743
AT3G28695	0	0	0	0	0	0
AT3G28700	182	206	155	195	197	198
AT3G28710	1334	1345	1218	1223	1218	1095
AT3G28715	970	933	841	850	844	825
AT3G28720	521	465	482	445	409	437
AT3G28730	847	913	795	824	785	782
AT3G28740	537	293	265	386	466	404
AT3G28750	6	12	5	9	8	6
AT3G28760	166	154	110	169	163	171
AT3G28770	4	9	5	10	8	7
AT3G28780	0	0	0	0	0	0
AT3G28785	0	0	0	0	0	0
AT3G28790	0	0	0	0	0	0
AT3G28810	0	0	0	0	0	0
AT3G28820	0	0	0	0	0	0
AT3G28830	0	0	0	0	0	0
AT3G28840	1	6	4	3	6	7
AT3G28850	116	152	144	76	100	93
AT3G28853	0	0	0	0	0	0
AT3G28857	11	3	5	3	6	2
AT3G28860	1538	1722	1491	1913	1756	1698
AT3G28870	0	0	0	0	0	0
AT3G28875	6	3	5	8	3	2
AT3G28880	26	31	26	36	33	27
AT3G28890	23	43	11	6	5	11
AT3G28899	0	0	0	0	0	0
AT3G28900	1321	1285	1274	1264	1218	1098
AT3G28910	260	359	332	311	335	324
AT3G28917	4	14	2	4	5	3
AT3G28918	0	0	0	0	0	0
AT3G28920	257	275	277	301	247	237
AT3G28922	0	0	0	0	0	0
AT3G28925	2	3	0	0	0	1
AT3G28930	1238	1180	913	603	818	820
AT3G28940	7620	9180	8155	6144	7005	6750
AT3G28950	300	314	338	255	281	249
AT3G28956	73	77	64	64	54	55
AT3G28958	0	3	1	5	1	1
AT3G28960	10	19	8	18	12	19
AT3G28970	286	312	278	271	268	246
AT3G28980	0	0	0	0	0	0
AT3G28990	0	0	0	0	0	0
AT3G29000	120	241	141	26	15	65
AT3G29010	37	51	46	32	26	22
AT3G29020	0	0	1	0	0	0
AT3G29030	122	126	117	149	132	131
AT3G29033	0	0	0	0	0	0
AT3G29034	257	223	260	173	180	202
AT3G29035	499	374	515	437	558	459
AT3G29040	0	0	0	0	0	0
AT3G29050	0	0	0	0	0	0
AT3G29060	0	0	0	0	0	0
AT3G29070	0	0	0	0	0	0
AT3G29075	814	835	804	676	656	685
AT3G29080	0	1	1	0	0	0
AT3G29090	247	288	275	268	305	244
AT3G29095	0	0	0	0	0	0
AT3G29100	86	64	46	73	59	59
AT3G29110	3	3	6	6	5	3
AT3G29130	120	138	149	119	98	115
AT3G29140	12	13	13	16	15	18
AT3G29152	0	0	0	0	0	0
AT3G29160	538	554	488	476	518	496
AT3G29170	65	80	63	76	68	60
AT3G29173	8	4	4	2	1	6
AT3G29180	840	805	691	872	764	704
AT3G29185	564	567	508	711	618	573
AT3G29190	2	3	5	2	0	0
AT3G29200	758	556	558	534	496	492
AT3G29230	273	258	200	244	218	222
AT3G29240	2379	2792	2353	1426	1596	1578
AT3G29250	1086	890	711	353	302	489
AT3G29255	0	0	0	0	0	0
AT3G29260	0	1	0	0	0	0
AT3G29270	303	314	260	237	229	239
AT3G29280	70	60	53	94	59	53
AT3G29290	380	386	344	334	371	334
AT3G29300	3	7	3	5	6	5
AT3G29305	0	1	0	1	0	3
AT3G29310	432	460	430	428	404	418
AT3G29320	3699	4816	3472	5312	4774	4700
AT3G29330	50	44	46	56	56	45
AT3G29340	0	0	0	1	0	0
AT3G29350	418	406	389	357	373	341
AT3G29360	1826	2089	1852	1638	1771	1698
AT3G29370	16	26	21	37	37	37
AT3G29375	168	169	132	162	135	115
AT3G29380	0	0	0	0	0	0
AT3G29385	0	0	0	0	0	0
AT3G29390	1092	1121	985	998	947	1026
AT3G29400	333	510	359	252	323	286
AT3G29410	341	167	289	151	90	101
AT3G29430	26	12	19	6	9	8
AT3G29450	0	0	0	0	0	0
AT3G29455	0	0	0	0	0	0
AT3G29560	0	0	0	0	0	0
AT3G29570	1	0	0	0	0	0
AT3G29575	269	197	163	161	134	173
AT3G29580	3	1	2	2	1	2
AT3G29590	16	17	3	28	21	48
AT3G29630	54	44	38	44	28	43
AT3G29631	0	0	0	0	0	0
AT3G29633	2	1	2	2	0	1
AT3G29635	8	3	1	5	4	4
AT3G29636	0	0	1	0	0	0
AT3G29637	0	2	0	0	0	0
AT3G29638	0	0	0	1	0	0
AT3G29639	2	6	3	3	1	6
AT3G29644	60	51	55	57	41	57
AT3G29645	0	0	0	0	0	0
AT3G29670	109	94	76	51	65	82
AT3G29680	46	44	39	38	25	43
AT3G29690	2	0	3	1	1	0
AT3G29720	0	0	0	0	0	0
AT3G29740	0	0	0	0	0	0
AT3G29750	0	0	0	0	0	0
AT3G29760	243	246	211	193	202	204
AT3G29763	0	0	0	0	0	0
AT3G29765	0	0	0	0	0	0
AT3G29770	99	93	96	85	72	84
AT3G29780	39	26	41	53	27	22
AT3G29785	0	0	0	0	0	0
AT3G29790	0	0	0	0	0	0
AT3G29791	0	3	0	0	0	0
AT3G29794	0	0	0	0	0	0
AT3G29796	0	0	0	0	0	0
AT3G29797	0	0	0	0	0	0
AT3G29800	0	0	0	0	0	0
AT3G29810	214	194	242	108	179	138
AT3G29830	0	0	0	0	0	0
AT3G29970	4	39	21	3	26	12
AT3G30160	0	0	0	0	0	0
AT3G30165	0	0	0	0	0	0
AT3G30180	189	200	168	269	215	178
AT3G30200	0	0	0	0	0	1
AT3G30210	0	0	0	0	0	1
AT3G30220	0	0	0	0	0	0
AT3G30222	0	0	0	0	0	0
AT3G30230	0	0	0	0	0	0
AT3G30235	0	0	0	0	0	0
AT3G30247	0	0	0	0	0	0
AT3G30260	9	7	2	6	7	7
AT3G30280	0	0	0	0	0	0
AT3G30290	0	0	0	0	0	0
AT3G30300	575	706	562	639	604	613
AT3G30305	2	1	0	4	3	1
AT3G30320	0	0	0	0	0	0
AT3G30340	32	23	18	29	20	24
AT3G30345	0	0	0	0	0	0
AT3G30350	67	96	64	42	62	45
AT3G30370	0	0	0	0	0	0
AT3G30380	241	229	212	214	188	210
AT3G30383	0	0	0	0	0	0
AT3G30385	0	0	0	0	0	0
AT3G30387	0	0	0	0	0	0
AT3G30390	4328	4166	3957	3265	3442	3564
AT3G30430	0	0	0	0	0	0
AT3G30460	4	1	2	8	5	7
AT3G30520	0	0	0	0	0	0
AT3G30525	0	0	0	0	0	0
AT3G30530	4	5	1	0	1	1
AT3G30540	0	0	0	0	0	0
AT3G30580	1	0	0	0	1	0
AT3G30705	0	0	0	0	0	0
AT3G30720	210	146	41	47	33	39
AT3G30725	31	42	41	11	4	17
AT3G30730	2	1	0	3	4	5
AT3G30739	1	1	0	0	0	0
AT3G30770	1	1	1	1	1	3
AT3G30775	1619	1894	2148	1500	2277	1906
AT3G30805	0	0	0	0	0	0
AT3G30820	0	0	0	0	0	0
AT3G30823	0	0	0	0	0	0
AT3G30840	0	0	0	0	0	0
AT3G30841	223	211	183	185	190	209
AT3G30842	11	10	10	9	13	13
AT3G30845	0	0	0	0	0	0
AT3G31350	0	0	0	0	0	0
AT3G31402	0	0	0	0	0	0
AT3G31430	0	0	0	0	0	0
AT3G31550	0	0	0	0	0	0
AT3G31560	0	0	0	0	0	0
AT3G31900	0	0	0	0	0	0
AT3G31910	0	0	0	0	0	0
AT3G31925	0	0	0	0	0	0
AT3G31950	0	0	0	0	0	0
AT3G32030	199	97	102	79	30	24
AT3G32040	85	44	64	32	25	30
AT3G32047	31	14	13	7	3	3
AT3G32050	0	0	0	0	0	0
AT3G32090	0	0	0	0	0	0
AT3G32130	0	0	0	0	0	0
AT3G32150	0	0	0	0	0	0
AT3G32160	0	0	0	0	0	0
AT3G32180	0	0	0	0	0	0
AT3G32190	0	0	0	0	0	0
AT3G32200	0	0	0	0	0	0
AT3G32260	0	0	0	0	0	0
AT3G32280	0	0	0	0	0	0
AT3G32330	0	0	0	0	0	0
AT3G32380	0	0	0	0	0	0
AT3G32400	0	0	0	0	0	0
AT3G32410	0	0	0	0	0	0
AT3G32420	0	0	0	0	1	0
AT3G32896	0	0	0	0	0	0
AT3G32904	0	0	0	0	0	0
AT3G32920	1	2	1	0	0	3
AT3G32930	816	898	711	974	868	831
AT3G32940	409	430	389	418	438	498
AT3G32960	0	0	0	0	0	0
AT3G32980	6826	6396	5587	5329	5695	4858
AT3G33187	0	0	0	0	0	0
AT3G33293	0	0	0	0	0	0
AT3G33393	0	0	0	0	0	0
AT3G33494	0	0	0	0	0	0
AT3G33520	275	263	275	276	235	235
AT3G33528	1	0	2	0	0	1
AT3G33530	1308	1256	1191	1224	1157	1082
AT3G36659	2	0	1	1	0	1
AT3G41761	0	0	0	0	0	0
AT3G41762	2	1	1	0	1	2
AT3G41768	638	612	402	432	384	387
AT3G41979	0	0	0	0	0	0
AT3G42050	3117	3120	2986	2772	2724	2567
AT3G42060	0	0	0	0	0	0
AT3G42075	0	0	0	0	0	0
AT3G42130	0	0	0	0	0	0
AT3G42140	0	0	0	0	0	0
AT3G42148	0	0	0	0	0	0
AT3G42150	181	189	168	182	203	179
AT3G42153	0	0	0	0	0	0
AT3G42155	0	0	0	0	0	0
AT3G42160	0	0	0	0	0	0
AT3G42170	675	622	606	619	581	572
AT3G42180	27	42	36	36	36	33
AT3G42310	0	0	0	0	0	0
AT3G42390	0	0	0	0	0	0
AT3G42473	0	0	0	0	0	0
AT3G42550	0	0	0	0	1	0
AT3G42560	0	0	0	0	0	0
AT3G42565	0	0	0	0	0	0
AT3G42570	0	0	0	1	0	0
AT3G42628	0	0	0	0	0	0
AT3G42630	164	188	169	169	165	146
AT3G42640	209	192	153	206	157	146
AT3G42660	328	342	305	333	278	247
AT3G42670	230	266	177	218	165	182
AT3G42723	0	0	0	0	0	0
AT3G42725	14	11	21	27	14	11
AT3G42770	0	0	0	0	0	0
AT3G42780	0	0	0	0	0	0
AT3G42786	0	0	0	0	0	0
AT3G42790	694	738	718	648	615	619
AT3G42800	38	24	38	34	43	40
AT3G42830	0	0	0	0	0	0
AT3G42850	3	0	3	2	3	2
AT3G42860	52	73	75	66	62	66
AT3G42870	0	0	0	0	0	0
AT3G42880	0	0	0	0	0	0
AT3G42940	0	0	0	0	0	0
AT3G42950	266	259	232	260	208	246
AT3G42960	0	0	0	0	0	0
AT3G42990	0	0	0	0	0	0
AT3G42995	0	0	0	0	0	0
AT3G43083	0	0	0	0	0	0
AT3G43110	594	640	444	113	114	221
AT3G43120	0	0	0	0	0	0
AT3G43148	0	0	0	0	0	0
AT3G43150	0	0	0	0	0	0
AT3G43153	0	0	0	0	0	0
AT3G43160	0	0	0	0	0	0
AT3G43170	0	0	0	0	0	0
AT3G43180	0	0	0	0	0	0
AT3G43190	996	3082	1425	566	1249	998
AT3G43210	211	191	179	208	181	181
AT3G43220	974	928	872	759	727	729
AT3G43230	614	598	512	483	449	472
AT3G43240	612	547	520	511	477	453
AT3G43250	5	2	5	1	2	2
AT3G43260	0	0	0	0	0	0
AT3G43270	164	177	182	141	160	145
AT3G43280	0	0	0	0	0	0
AT3G43290	0	0	0	0	0	0
AT3G43291	0	0	0	0	0	0
AT3G43300	2373	2473	2259	2160	2121	1996
AT3G43340	0	0	0	0	0	0
AT3G43400	0	0	0	0	1	1
AT3G43410	0	0	0	0	0	0
AT3G43415	0	0	0	0	0	0
AT3G43420	0	0	0	0	0	0
AT3G43430	86	108	109	95	104	86
AT3G43432	0	0	0	0	0	0
AT3G43440	211	207	196	167	167	182
AT3G43470	0	0	0	0	0	0
AT3G43480	0	0	0	0	0	0
AT3G43490	0	0	0	0	0	0
AT3G43500	0	0	0	0	0	0
AT3G43503	0	0	0	0	0	0
AT3G43505	2	0	0	1	0	0
AT3G43520	649	709	656	610	619	576
AT3G43540	547	600	426	601	563	460
AT3G43550	0	0	0	0	0	0
AT3G43570	0	0	0	0	0	0
AT3G43572	0	0	0	0	0	0
AT3G43574	0	0	0	0	0	0
AT3G43580	21	21	23	24	28	19
AT3G43583	0	0	0	0	0	0
AT3G43590	382	370	384	362	413	388
AT3G43600	1111	1093	1143	965	908	840
AT3G43610	573	599	480	584	541	551
AT3G43630	0	0	0	0	0	0
AT3G43645	0	0	0	0	0	0
AT3G43660	1	0	2	0	0	0
AT3G43670	958	899	860	804	895	865
AT3G43682	0	0	0	0	0	0
AT3G43700	178	156	163	154	123	135
AT3G43710	0	0	0	0	0	0
AT3G43720	449	511	373	351	383	386
AT3G43740	296	352	290	258	240	249
AT3G43750	0	0	0	0	0	0
AT3G43790	86	74	57	70	80	78
AT3G43800	794	898	840	713	672	809
AT3G43810	1470	1547	1411	1214	1187	1175
AT3G43833	0	0	0	0	0	0
AT3G43837	0	0	0	0	0	0
AT3G43840	8	11	6	14	7	11
AT3G43850	2	0	5	2	2	2
AT3G43860	0	0	0	0	0	0
AT3G43870	0	0	0	0	0	0
AT3G43880	0	0	0	0	0	0
AT3G43890	11	7	7	4	5	6
AT3G43910	0	0	0	0	0	0
AT3G43920	192	172	183	208	207	183
AT3G43930	27	20	15	16	19	7
AT3G43940	0	0	0	0	0	0
AT3G43950	0	0	0	0	0	0
AT3G43960	155	144	145	145	138	133
AT3G43970	0	0	1	0	0	0
AT3G43980	106	104	81	86	95	98
AT3G43990	0	0	0	0	0	0
AT3G44006	0	0	0	0	0	0
AT3G44010	960	892	904	971	880	917
AT3G44020	152	144	97	127	98	96
AT3G44050	272	212	226	249	224	208
AT3G44060	1	0	0	0	0	0
AT3G44070	0	0	1	0	0	0
AT3G44080	0	0	0	0	0	0
AT3G44090	0	0	0	0	0	0
AT3G44100	771	754	626	508	485	580
AT3G44110	6304	6626	5693	4918	5400	4699
AT3G44115	0	0	0	0	0	0
AT3G44120	2	4	5	0	1	0
AT3G44130	0	0	0	0	0	0
AT3G44140	0	0	0	0	0	0
AT3G44150	239	266	220	236	241	199
AT3G44160	220	250	205	229	231	191
AT3G44170	0	0	0	0	0	0
AT3G44180	0	0	0	0	0	0
AT3G44190	694	673	596	561	587	508
AT3G44200	518	548	521	538	514	492
AT3G44210	0	0	0	1	0	0
AT3G44220	19	24	30	34	27	32
AT3G44230	0	0	0	0	0	0
AT3G44235	0	0	0	0	0	0
AT3G44240	0	0	0	0	0	0
AT3G44250	0	0	0	0	0	0
AT3G44260	1165	1506	1039	682	417	1086
AT3G44261	0	0	0	0	0	0
AT3G44265	0	0	0	0	0	0
AT3G44280	243	247	230	185	216	220
AT3G44290	5	4	10	5	7	7
AT3G44300	688	1074	693	404	680	978
AT3G44310	19782	22613	15584	8473	9734	14451
AT3G44320	649	421	469	378	355	406
AT3G44326	97	46	61	51	51	61
AT3G44330	923	940	871	903	814	811
AT3G44340	1561	1651	1506	1398	1368	1333
AT3G44350	5	24	6	1	3	8
AT3G44370	178	186	168	157	177	164
AT3G44380	105	105	118	100	79	90
AT3G44400	231	337	218	155	220	236
AT3G44405	3	5	4	4	8	7
AT3G44428	0	0	0	0	0	0
AT3G44430	221	245	197	238	184	206
AT3G44435	0	0	0	0	0	0
AT3G44440	0	3	1	2	2	2
AT3G44444	0	0	0	0	1	0
AT3G44450	300	248	181	109	116	91
AT3G44460	16	38	13	11	10	19
AT3G44480	836	909	727	576	602	648
AT3G44485	0	0	0	0	0	0
AT3G44490	0	0	0	0	0	0
AT3G44510	279	249	208	108	90	117
AT3G44530	240	252	242	224	260	211
AT3G44540	302	335	281	225	267	233
AT3G44550	226	245	224	240	176	183
AT3G44555	1	0	0	0	0	0
AT3G44560	0	0	0	1	0	0
AT3G44570	0	0	0	0	0	2
AT3G44580	0	0	0	1	1	1
AT3G44590	226	177	138	178	158	140
AT3G44600	464	518	467	458	414	427
AT3G44610	85	92	92	88	78	106
AT3G44620	567	680	534	497	540	432
AT3G44630	765	1077	763	373	566	709
AT3G44635	0	0	0	0	0	0
AT3G44660	0	0	0	0	0	1
AT3G44665	0	0	0	0	0	0
AT3G44670	1181	1205	1001	786	883	895
AT3G44680	285	281	245	256	267	264
AT3G44690	68	84	75	59	71	71
AT3G44695	4	1	3	1	7	1
AT3G44700	3	8	9	6	5	7
AT3G44703	0	0	2	0	1	1
AT3G44704	0	0	0	0	0	0
AT3G44710	6	6	5	6	7	5
AT3G44713	36	29	23	24	29	23
AT3G44716	22	19	21	26	24	23
AT3G44718	0	0	0	0	0	0
AT3G44720	948	1060	678	455	499	729
AT3G44730	178	185	176	183	164	158
AT3G44735	97	121	88	70	73	75
AT3G44740	68	81	90	80	76	67
AT3G44750	595	534	590	561	481	498
AT3G44753	6	5	3	5	3	3
AT3G44755	0	0	0	0	0	0
AT3G44760	0	0	0	0	0	0
AT3G44763	0	0	0	0	0	0
AT3G44765	21	15	10	8	8	7
AT3G44766	1	2	2	0	0	0
AT3G44769	4	7	3	5	6	3
AT3G44770	16	22	15	21	9	11
AT3G44780	0	0	0	0	0	0
AT3G44785	0	0	0	0	0	0
AT3G44790	3	4	5	0	0	0
AT3G44798	63	81	56	48	45	41
AT3G44800	5	9	3	1	2	1
AT3G44805	1	2	3	3	0	0
AT3G44810	0	0	0	0	0	0
AT3G44820	148	106	104	115	108	109
AT3G44830	7	15	2	1	6	9
AT3G44840	1	3	0	0	0	1
AT3G44850	298	256	254	250	248	240
AT3G44860	415	379	324	11	106	326
AT3G44870	16	2	6	2	3	12
AT3G44880	1217	1317	1019	988	1062	1160
AT3G44890	1851	1848	1638	2016	1837	1757
AT3G44900	3	4	2	5	8	5
AT3G44910	0	0	0	0	0	0
AT3G44920	0	0	0	0	0	0
AT3G44930	0	0	0	0	0	0
AT3G44935	0	0	0	0	0	0
AT3G44940	90	93	46	70	63	67
AT3G44950	1	1	1	0	0	0
AT3G44955	0	0	0	0	0	0
AT3G44960	23	21	21	23	27	24
AT3G44970	319	277	298	279	216	273
AT3G44980	0	0	0	0	0	0
AT3G44990	617	594	550	980	608	505
AT3G45000	1	0	2	1	1	3
AT3G45010	1334	1077	1148	769	703	687
AT3G45020	45	47	34	37	42	50
AT3G45030	779	713	661	730	590	561
AT3G45040	308	299	261	227	264	282
AT3G45050	214	213	182	211	195	224
AT3G45060	5	11	6	14	8	6
AT3G45070	226	214	221	294	236	191
AT3G45080	37	29	20	16	7	8
AT3G45090	421	382	368	364	385	374
AT3G45093	0	0	2	0	1	0
AT3G45100	269	276	254	261	255	231
AT3G45110	0	0	0	0	0	0
AT3G45130	64	46	30	11	26	54
AT3G45140	8857	8184	4006	2055	3079	9812
AT3G45150	0	0	0	0	0	0
AT3G45160	470	646	510	624	599	622
AT3G45170	0	0	0	1	0	0
AT3G45180	2	1	3	0	4	0
AT3G45190	992	984	860	951	829	807
AT3G45200	0	0	0	0	0	0
AT3G45210	211	222	182	161	137	166
AT3G45220	0	0	0	0	0	0
AT3G45230	112	126	110	139	122	128
AT3G45240	419	416	373	417	381	356
AT3G45243	0	0	0	0	0	0
AT3G45245	0	0	0	0	0	0
AT3G45248	0	0	0	0	0	0
AT3G45252	0	0	0	0	0	0
AT3G45260	502	638	567	386	541	404
AT3G45275	0	0	0	0	0	0
AT3G45280	6	5	9	7	5	7
AT3G45285	0	0	0	0	0	0
AT3G45290	114	142	133	96	114	68
AT3G45300	559	569	599	536	591	563
AT3G45310	745	778	688	622	638	600
AT3G45320	0	0	0	0	0	0
AT3G45330	21	18	21	13	3	7
AT3G45390	14	12	19	15	15	15
AT3G45400	96	83	80	68	64	79
AT3G45410	139	130	145	143	136	130
AT3G45420	58	51	36	65	45	44
AT3G45430	25	17	17	23	14	27
AT3G45440	15	11	7	6	8	6
AT3G45443	80	112	97	116	116	95
AT3G45450	1	0	1	0	0	0
AT3G45460	0	0	0	0	0	0
AT3G45470	0	0	0	0	0	0
AT3G45480	0	0	0	0	0	0
AT3G45490	0	0	1	1	0	1
AT3G45500	2	2	0	0	0	0
AT3G45510	0	0	0	0	0	0
AT3G45525	0	0	0	0	0	0
AT3G45530	18	10	17	11	7	11
AT3G45540	0	2	1	0	2	0
AT3G45555	0	0	0	0	0	0
AT3G45560	0	0	0	0	0	0
AT3G45570	0	0	0	0	0	0
AT3G45577	0	0	0	0	0	0
AT3G45580	0	0	0	0	0	0
AT3G45590	30	31	29	23	31	27
AT3G45600	747	904	787	523	607	617
AT3G45610	37	34	29	59	42	37
AT3G45620	453	489	430	333	369	350
AT3G45630	586	588	536	508	536	526
AT3G45638	3	3	2	3	3	4
AT3G45640	2189	4733	3019	1745	2400	2632
AT3G45645	0	0	0	0	0	0
AT3G45650	225	324	235	229	237	254
AT3G45660	12	14	21	12	8	12
AT3G45670	0	0	0	0	0	0
AT3G45673	0	0	0	0	0	0
AT3G45680	42	45	59	28	29	20
AT3G45690	1	0	0	0	0	1
AT3G45700	47	11	30	27	10	22
AT3G45710	465	385	389	316	224	279
AT3G45720	2	0	0	0	0	0
AT3G45730	135	230	134	87	108	157
AT3G45740	179	208	176	175	169	180
AT3G45750	121	146	136	118	116	118
AT3G45760	0	0	0	0	0	0
AT3G45770	575	598	464	523	480	485
AT3G45780	2437	3107	2287	2547	2450	2309
AT3G45790	0	0	0	0	0	0
AT3G45800	0	0	0	0	0	0
AT3G45810	0	0	0	0	0	0
AT3G45820	0	0	0	0	0	0
AT3G45830	472	506	398	419	404	428
AT3G45840	39	17	32	29	26	26
AT3G45850	782	926	804	933	905	845
AT3G45851	0	0	0	0	0	0
AT3G45860	618	634	418	125	461	469
AT3G45870	9	5	19	12	5	10
AT3G45880	33	18	19	25	33	17
AT3G45890	78	101	88	102	99	97
AT3G45900	227	255	186	213	191	180
AT3G45910	0	0	0	0	0	0
AT3G45920	0	0	0	0	0	0
AT3G45930	155	118	91	100	89	101
AT3G45935	0	0	0	0	0	0
AT3G45940	3	5	5	1	0	1
AT3G45950	0	3	0	0	0	0
AT3G45955	0	0	0	0	0	0
AT3G45960	18	33	12	23	18	22
AT3G45965	0	0	0	0	0	0
AT3G45970	164	176	149	99	179	238
AT3G45980	547	521	440	503	443	417
AT3G45990	0	0	0	0	0	0
AT3G46000	1592	1751	1342	1260	1283	1364
AT3G46010	1701	1831	1577	1459	1521	1470
AT3G46020	44	44	44	48	48	53
AT3G46030	1350	1258	1223	1030	1026	1054
AT3G46040	947	871	990	959	982	950
AT3G46050	0	0	0	0	0	0
AT3G46060	1578	1572	1421	1260	1311	1209
AT3G46070	0	0	0	0	0	1
AT3G46080	90	88	62	31	37	46
AT3G46086	0	0	0	0	0	0
AT3G46090	95	155	135	41	89	118
AT3G46100	351	372	349	357	381	381
AT3G46110	81	163	108	76	73	97
AT3G46120	4	10	1	0	0	7
AT3G46130	214	136	170	130	82	83
AT3G46140	0	0	1	0	0	0
AT3G46150	3	4	5	4	3	2
AT3G46160	1	0	0	0	0	0
AT3G46170	11	6	10	11	4	0
AT3G46180	186	194	163	146	124	114
AT3G46190	0	1	2	1	3	2
AT3G46200	105	118	85	99	86	83
AT3G46210	197	257	188	184	183	201
AT3G46220	451	479	397	380	369	368
AT3G46230	1	2	3	0	1	6
AT3G46240	2	3	2	1	0	0
AT3G46260	1	1	5	0	1	0
AT3G46270	12	22	24	9	16	20
AT3G46280	1158	1569	1501	541	1014	998
AT3G46290	533	523	448	394	405	404
AT3G46300	0	0	0	0	0	0
AT3G46310	0	0	0	0	0	1
AT3G46320	139	136	138	123	116	108
AT3G46330	9	32	17	16	19	14
AT3G46340	24	14	14	3	1	2
AT3G46350	1	0	0	0	0	0
AT3G46355	4	0	0	0	0	0
AT3G46360	0	0	0	0	0	0
AT3G46370	39	48	34	67	43	33
AT3G46380	0	0	0	0	0	0
AT3G46390	0	0	0	0	0	0
AT3G46400	0	0	2	1	1	1
AT3G46410	0	0	0	0	0	0
AT3G46420	2	3	1	0	0	0
AT3G46430	685	599	595	646	548	471
AT3G46440	721	791	699	712	609	610
AT3G46450	451	493	421	355	372	372
AT3G46460	293	328	256	276	273	285
AT3G46470	0	0	0	0	0	0
AT3G46480	0	1	0	2	0	1
AT3G46490	161	118	118	214	158	120
AT3G46500	19	17	34	26	28	28
AT3G46510	1139	1188	1039	839	852	834
AT3G46520	0	1	1	0	0	0
AT3G46530	1041	1124	836	675	780	745
AT3G46540	506	677	550	563	606	578
AT3G46550	331	316	277	301	260	286
AT3G46560	351	295	324	341	326	310
AT3G46565	0	0	0	0	0	0
AT3G46570	0	0	0	0	0	0
AT3G46580	93	118	75	90	88	103
AT3G46585	0	0	0	0	0	0
AT3G46590	1066	1272	979	952	957	966
AT3G46600	1847	2983	1986	1762	1947	2164
AT3G46610	306	269	260	297	247	231
AT3G46613	1	1	0	2	0	1
AT3G46614	3	2	1	1	3	1
AT3G46616	1	0	0	2	2	0
AT3G46617	0	3	1	3	1	1
AT3G46620	728	676	545	507	346	470
AT3G46630	269	282	240	264	243	246
AT3G46640	1104	1221	1142	1210	1191	1125
AT3G46650	23	21	18	18	17	26
AT3G46658	2	3	1	3	0	2
AT3G46660	2	0	0	0	0	0
AT3G46666	2	0	0	0	0	0
AT3G46668	31	47	34	33	33	46
AT3G46670	0	0	0	0	0	0
AT3G46680	17	25	13	3	7	16
AT3G46690	99	125	113	101	124	113
AT3G46700	682	478	551	265	223	389
AT3G46710	7	5	7	3	3	5
AT3G46720	81	95	97	82	99	72
AT3G46730	19	20	15	16	13	14
AT3G46735	0	0	0	0	0	0
AT3G46740	1969	1982	1789	2121	1921	1698
AT3G46750	1	0	1	0	0	0
AT3G46760	15	10	2	6	8	4
AT3G46770	4	0	1	0	1	0
AT3G46780	6172	8191	5602	7809	6711	6177
AT3G46790	252	248	273	244	232	236
AT3G46800	2	3	2	1	3	2
AT3G46810	6	8	7	5	9	11
AT3G46820	297	272	301	260	260	221
AT3G46830	569	559	550	524	514	435
AT3G46840	0	0	0	0	1	1
AT3G46845	23	26	10	28	24	24
AT3G46850	0	0	0	0	0	0
AT3G46860	0	0	0	0	0	0
AT3G46870	113	116	78	103	89	92
AT3G46875	0	0	0	0	0	0
AT3G46880	5	5	7	7	3	8
AT3G46890	10	11	13	3	7	2
AT3G46900	198	160	174	137	122	122
AT3G46910	0	0	0	0	0	0
AT3G46920	271	272	255	228	213	246
AT3G46930	220	280	198	161	181	225
AT3G46940	197	210	161	215	157	146
AT3G46950	32	37	38	39	37	47
AT3G46960	559	636	579	563	526	491
AT3G46970	8122	11273	7892	8689	7701	7273
AT3G46980	333	324	281	334	269	262
AT3G46990	39	25	36	38	48	34
AT3G47000	444	531	460	453	384	418
AT3G47010	168	138	122	111	103	99
AT3G47020	0	0	0	0	0	0
AT3G47030	7	4	7	28	31	25
AT3G47040	65	49	42	32	28	22
AT3G47050	8	13	6	13	13	13
AT3G47060	325	354	285	314	328	287
AT3G47070	2154	2125	1551	1989	1745	1532
AT3G47080	279	411	245	253	293	343
AT3G47090	83	134	64	25	42	55
AT3G47100	5	2	11	7	5	12
AT3G47110	29	48	28	34	29	32
AT3G47120	240	244	236	217	201	216
AT3G47130	0	1	1	3	4	2
AT3G47140	0	0	0	0	0	0
AT3G47150	0	0	1	0	0	0
AT3G47160	696	791	739	719	745	670
AT3G47170	0	0	0	0	0	1
AT3G47180	15	18	13	20	15	21
AT3G47190	1	0	0	0	0	1
AT3G47200	60	44	56	70	64	72
AT3G47210	68	44	55	56	34	40
AT3G47220	115	126	107	47	57	73
AT3G47250	1400	1692	1254	898	1005	1018
AT3G47290	381	418	335	426	423	333
AT3G47295	181	142	170	199	145	145
AT3G47300	73	82	74	47	52	44
AT3G47340	177	508	334	143	192	342
AT3G47341	0	0	0	0	0	0
AT3G47342	0	2	1	3	2	4
AT3G47347	8	4	7	6	10	9
AT3G47348	57	53	56	54	71	67
AT3G47350	1072	936	885	1085	867	887
AT3G47360	160	166	120	156	177	154
AT3G47370	664	680	636	597	619	527
AT3G47380	40	40	34	33	30	29
AT3G47390	321	295	255	265	264	287
AT3G47400	69	56	48	54	45	40
AT3G47410	0	0	0	0	0	0
AT3G47420	3689	3582	2738	1114	1158	1461
AT3G47430	406	368	306	195	191	151
AT3G47440	0	0	0	1	0	0
AT3G47450	495	530	460	567	562	499
AT3G47460	177	149	150	144	130	136
AT3G47470	14939	25642	16159	24371	22354	20990
AT3G47480	221	308	234	113	300	284
AT3G47490	259	308	275	268	280	241
AT3G47500	579	456	371	362	283	221
AT3G47510	107	95	95	116	101	88
AT3G47520	1472	1431	1408	1318	1308	1292
AT3G47530	92	97	73	73	82	82
AT3G47540	172	167	159	102	123	172
AT3G47550	398	464	360	332	318	376
AT3G47560	271	308	256	279	284	251
AT3G47570	307	567	449	232	360	386
AT3G47580	11	10	12	11	14	13
AT3G47590	208	253	240	214	225	254
AT3G47600	118	136	143	135	136	131
AT3G47610	334	380	305	308	295	308
AT3G47620	652	877	738	739	770	815
AT3G47630	179	174	159	178	162	163
AT3G47640	105	116	108	105	105	102
AT3G47650	1772	1740	1584	1913	1944	1788
AT3G47660	3	2	2	3	3	5
AT3G47670	238	229	244	177	203	201
AT3G47675	96	76	98	98	92	103
AT3G47680	534	500	497	497	495	453
AT3G47690	72	87	86	111	63	64
AT3G47700	192	214	174	159	148	147
AT3G47710	23	22	29	11	15	7
AT3G47720	11	54	34	10	25	16
AT3G47730	1283	1218	1163	909	1132	1121
AT3G47740	77	37	39	27	14	12
AT3G47750	112	135	110	91	85	105
AT3G47760	11	7	6	3	6	4
AT3G47770	53	33	30	19	24	13
AT3G47780	446	437	394	389	472	416
AT3G47790	231	155	199	132	114	140
AT3G47800	1157	1323	1152	1404	1466	1327
AT3G47810	1392	1350	1237	1121	1093	1109
AT3G47820	315	519	318	209	228	275
AT3G47830	36	31	29	27	22	23
AT3G47833	255	212	230	196	193	180
AT3G47836	20	18	28	16	13	20
AT3G47840	25	30	33	34	22	28
AT3G47850	272	285	289	277	272	277
AT3G47860	987	1232	1027	1260	1122	1032
AT3G47870	1	2	0	1	1	0
AT3G47890	707	699	665	722	682	702
AT3G47910	1358	1320	1192	1164	1183	1170
AT3G47920	0	0	0	0	0	0
AT3G47930	431	450	410	404	444	362
AT3G47940	93	82	75	88	77	98
AT3G47950	67	56	64	57	52	53
AT3G47960	844	1240	786	488	715	1204
AT3G47965	48	50	41	37	41	39
AT3G47980	69	71	56	47	44	51
AT3G47990	375	412	344	336	305	320
AT3G48000	4507	4762	4016	3645	4029	4172
AT3G48010	3	2	3	2	2	2
AT3G48020	131	115	70	28	33	47
AT3G48030	179	201	172	180	178	148
AT3G48040	153	159	121	140	133	138
AT3G48050	1133	1126	1018	919	910	903
AT3G48057	0	1	0	0	0	0
AT3G48060	380	401	332	304	296	328
AT3G48070	376	387	354	341	401	391
AT3G48080	202	186	180	66	103	113
AT3G48090	483	723	490	334	448	486
AT3G48100	147	129	132	125	159	151
AT3G48110	841	907	734	852	823	728
AT3G48115	255	264	239	256	234	221
AT3G48120	172	163	145	140	130	126
AT3G48131	0	1	0	1	1	0
AT3G48140	3304	3265	3170	2683	2820	2722
AT3G48150	119	88	89	122	98	88
AT3G48160	38	55	44	56	39	48
AT3G48170	1129	1179	1016	1003	1023	1026
AT3G48180	47	35	47	27	52	52
AT3G48185	85	61	85	77	83	66
AT3G48187	48	34	32	38	43	29
AT3G48190	619	581	510	586	585	536
AT3G48195	334	405	336	309	301	326
AT3G48200	1275	1143	1062	1132	1080	982
AT3G48201	0	0	0	0	0	0
AT3G48205	0	0	0	0	0	0
AT3G48208	0	0	0	0	0	0
AT3G48209	0	0	0	0	0	0
AT3G48210	162	162	141	153	156	147
AT3G48220	0	0	0	0	0	0
AT3G48230	4	9	5	1	4	1
AT3G48231	0	0	0	0	0	0
AT3G48240	13	25	15	8	9	14
AT3G48250	77	108	97	96	108	92
AT3G48260	71	47	53	53	20	21
AT3G48270	0	0	0	0	0	0
AT3G48275	0	0	0	0	0	0
AT3G48280	71	78	55	126	158	140
AT3G48290	7	5	5	3	5	2
AT3G48298	0	0	0	0	0	0
AT3G48300	33	50	26	8	11	15
AT3G48310	460	576	442	282	392	407
AT3G48320	265	296	243	148	134	155
AT3G48330	314	282	271	267	288	288
AT3G48340	1118	551	871	648	436	446
AT3G48343	6	1	6	1	1	1
AT3G48344	12	2	3	0	1	0
AT3G48346	9	7	4	1	0	0
AT3G48350	214	261	216	123	113	113
AT3G48360	2041	2374	3045	3083	3654	3917
AT3G48380	523	556	442	497	485	479
AT3G48390	31	49	60	15	25	22
AT3G48400	0	0	0	0	0	0
AT3G48410	132	94	74	96	103	85
AT3G48420	1017	1021	785	1117	1030	953
AT3G48425	111	94	93	81	90	96
AT3G48430	482	485	376	398	474	406
AT3G48440	203	223	188	160	126	119
AT3G48450	37	74	66	57	48	44
AT3G48460	165	174	120	119	102	100
AT3G48470	85	59	63	52	61	52
AT3G48475	0	0	0	0	0	0
AT3G48480	27	14	12	22	14	19
AT3G48490	26	28	25	26	33	18
AT3G48500	976	952	990	1114	1105	1056
AT3G48510	8	22	20	13	14	14
AT3G48515	0	0	0	0	0	0
AT3G48520	196	150	95	45	40	91
AT3G48530	1125	1288	1197	961	1084	1058
AT3G48540	32	34	34	32	23	34
AT3G48550	45	46	62	70	65	55
AT3G48560	4793	4631	4349	4486	4225	3885
AT3G48570	212	208	207	111	146	118
AT3G48580	44	29	24	26	23	45
AT3G48590	233	225	216	273	223	215
AT3G48600	31	56	32	33	41	35
AT3G48610	612	717	581	528	557	484
AT3G48620	0	0	1	0	0	0
AT3G48630	10	8	2	0	2	6
AT3G48640	14	29	7	2	9	13
AT3G48660	6	7	4	3	4	7
AT3G48670	527	652	576	513	548	555
AT3G48675	0	0	0	0	0	0
AT3G48680	553	563	466	457	441	485
AT3G48690	1924	2060	1879	1358	1481	1445
AT3G48700	29	48	29	19	23	25
AT3G48710	557	549	501	424	429	438
AT3G48720	116	149	158	173	156	130
AT3G48730	1457	1529	1229	1628	1569	1325
AT3G48740	2512	2556	2716	2282	2243	2341
AT3G48745	0	0	0	0	0	0
AT3G48750	699	808	691	676	713	629
AT3G48760	840	916	776	739	716	770
AT3G48770	12	7	8	6	8	2
AT3G48780	885	981	792	744	779	790
AT3G48790	3	4	3	2	3	3
AT3G48800	165	159	163	103	127	128
AT3G48810	68	47	43	61	45	61
AT3G48820	236	255	220	214	226	219
AT3G48830	89	59	76	100	75	80
AT3G48835	9	4	10	9	10	4
AT3G48840	35	24	21	5	8	12
AT3G48850	243	261	122	30	90	141
AT3G48860	592	691	587	489	499	564
AT3G48870	2626	2585	2388	2557	2334	2225
AT3G48880	411	370	357	371	343	340
AT3G48890	1386	1349	1140	991	1149	1100
AT3G48900	56	59	37	55	47	44
AT3G48920	131	92	141	114	130	94
AT3G48930	2031	1866	2041	2005	1798	1614
AT3G48940	71	26	23	18	9	4
AT3G48950	0	0	0	0	0	0
AT3G48960	0	0	0	0	0	0
AT3G48970	46	15	32	32	23	17
AT3G48980	131	118	94	105	94	80
AT3G48990	5164	4514	4930	5329	5001	5115
AT3G49000	215	234	199	200	192	205
AT3G49010	3464	3296	3161	3189	2978	2860
AT3G49020	0	0	0	0	0	0
AT3G49030	0	0	0	0	0	0
AT3G49040	0	0	0	0	0	0
AT3G49045	0	0	0	1	0	0
AT3G49050	296	281	237	262	269	271
AT3G49055	9	8	8	2	6	6
AT3G49060	360	438	331	342	296	297
AT3G49070	25	27	32	38	21	36
AT3G49080	364	340	321	340	326	294
AT3G49100	185	209	207	171	155	175
AT3G49110	1480	989	1033	1206	1129	953
AT3G49115	0	0	0	0	0	0
AT3G49120	17650	19052	14222	5846	9114	13341
AT3G49130	8	6	7	0	3	9
AT3G49140	1071	1138	1130	1199	1120	1087
AT3G49142	34	43	39	50	39	39
AT3G49150	2	0	0	0	0	0
AT3G49155	0	0	1	0	0	0
AT3G49160	475	468	521	326	382	440
AT3G49170	113	91	94	81	70	85
AT3G49180	160	177	171	159	141	140
AT3G49190	74	34	42	23	6	10
AT3G49200	0	0	0	0	0	0
AT3G49210	418	348	289	205	218	263
AT3G49220	1213	1208	1092	1102	1120	1132
AT3G49230	0	1	0	0	0	0
AT3G49240	0	0	0	0	0	0
AT3G49250	130	137	123	170	119	117
AT3G49260	455	504	395	603	532	449
AT3G49270	0	0	0	0	0	0
AT3G49290	216	232	202	226	194	203
AT3G49300	0	0	0	0	0	0
AT3G49305	0	0	0	0	0	0
AT3G49307	0	0	0	0	0	0
AT3G49310	339	373	337	332	307	347
AT3G49320	63	91	84	105	82	56
AT3G49330	44	49	41	46	35	25
AT3G49340	8	13	3	1	9	9
AT3G49350	429	508	405	278	279	348
AT3G49360	165	162	142	183	181	155
AT3G49370	104	83	88	65	77	64
AT3G49380	10	25	14	16	20	12
AT3G49390	534	577	506	474	521	475
AT3G49400	62	66	74	80	77	70
AT3G49410	40	47	57	49	43	43
AT3G49420	53	49	46	49	38	38
AT3G49430	710	738	680	704	699	654
AT3G49440	0	0	0	0	0	0
AT3G49450	0	0	0	0	0	0
AT3G49460	0	0	0	0	0	0
AT3G49470	596	578	531	645	551	502
AT3G49480	0	1	1	1	1	0
AT3G49490	1312	1317	1212	1089	1127	1047
AT3G49500	612	620	550	604	558	522
AT3G49510	14	11	10	15	17	9
AT3G49520	0	1	0	0	0	0
AT3G49530	567	1036	675	517	679	724
AT3G49540	1	3	0	0	0	0
AT3G49550	111	111	95	102	95	82
AT3G49551	8	5	6	5	8	7
AT3G49560	812	826	789	812	843	792
AT3G49570	222	165	126	148	80	145
AT3G49580	351	288	231	245	165	226
AT3G49590	525	530	524	492	460	476
AT3G49600	483	499	427	434	408	402
AT3G49601	1184	1194	1197	1062	1022	963
AT3G49610	0	0	0	0	0	0
AT3G49620	524	116	260	57	105	77
AT3G49630	6	13	8	7	8	10
AT3G49640	193	204	200	198	159	161
AT3G49645	140	148	138	133	136	126
AT3G49650	159	141	125	134	145	142
AT3G49660	74	56	58	76	51	65
AT3G49668	0	0	0	0	0	0
AT3G49670	555	527	442	659	540	404
AT3G49680	1193	1194	1075	1381	1305	1273
AT3G49690	46	39	25	33	22	20
AT3G49700	2	2	2	0	3	4
AT3G49710	38	48	46	45	42	38
AT3G49720	847	989	833	785	797	820
AT3G49725	151	186	196	171	156	148
AT3G49730	94	84	86	91	89	75
AT3G49740	0	0	0	0	0	0
AT3G49744	0	0	0	0	0	0
AT3G49750	47	56	42	43	42	45
AT3G49760	54	46	41	35	23	19
AT3G49770	0	0	0	0	0	0
AT3G49780	362	486	466	370	393	424
AT3G49790	374	542	536	338	427	427
AT3G49796	0	0	0	0	0	0
AT3G49800	600	687	641	494	532	525
AT3G49810	252	320	248	249	243	276
AT3G49820	3	3	3	4	4	4
AT3G49830	10	12	10	10	8	8
AT3G49840	83	89	91	85	99	92
AT3G49845	117	55	64	55	40	41
AT3G49850	230	196	196	192	201	182
AT3G49860	34	34	39	44	33	39
AT3G49870	588	598	570	571	560	495
AT3G49880	208	235	200	211	183	196
AT3G49890	80	86	82	80	67	75
AT3G49900	52	56	37	62	46	37
AT3G49910	4034	3935	4017	3951	3669	3451
AT3G49920	60	54	47	56	50	58
AT3G49925	0	0	0	0	0	0
AT3G49930	34	16	36	28	25	29
AT3G49940	516	537	562	576	628	555
AT3G49950	12	6	8	16	14	7
AT3G49960	964	651	726	595	408	354
AT3G49970	15	14	15	27	10	17
AT3G49980	4	2	0	4	1	0
AT3G49990	518	503	459	492	484	482
AT3G50000	954	1003	914	798	868	807
AT3G50010	69	94	103	57	70	71
AT3G50020	0	0	0	0	0	0
AT3G50030	18	4	16	6	8	10
AT3G50040	31	31	26	28	33	22
AT3G50050	174	150	152	182	158	143
AT3G50060	305	604	371	364	359	439
AT3G50070	132	154	148	156	157	152
AT3G50080	256	238	212	187	201	182
AT3G50090	0	0	0	0	0	0
AT3G50100	64	54	51	56	62	43
AT3G50110	103	137	137	121	110	121
AT3G50120	18	18	14	20	8	16
AT3G50123	0	0	0	0	0	0
AT3G50130	55	41	20	15	20	21
AT3G50140	24	38	37	18	30	26
AT3G50150	16	7	16	7	7	5
AT3G50160	5	5	2	0	1	0
AT3G50170	6	4	3	5	2	4
AT3G50180	4	1	1	1	0	0
AT3G50190	23	29	27	19	20	23
AT3G50200	17	13	12	8	15	13
AT3G50210	548	590	533	534	480	452
AT3G50220	33	28	26	20	14	28
AT3G50230	22	31	32	41	26	18
AT3G50240	506	569	471	637	535	477
AT3G50250	0	0	0	0	0	0
AT3G50260	257	312	259	106	203	271
AT3G50270	274	278	247	219	219	254
AT3G50280	100	103	69	35	41	67
AT3G50290	11	3	3	2	0	7
AT3G50300	140	118	96	106	93	93
AT3G50310	31	30	53	12	24	25
AT3G50320	0	0	1	0	0	0
AT3G50330	2	3	3	3	1	5
AT3G50340	132	211	172	196	148	204
AT3G50350	342	365	301	208	227	246
AT3G50360	622	740	639	603	549	557
AT3G50370	3026	2836	2508	2616	2537	2481
AT3G50373	0	0	0	0	0	0
AT3G50380	972	875	735	828	874	763
AT3G50390	6	3	2	2	5	7
AT3G50400	96	102	100	102	112	113
AT3G50410	55	52	46	41	44	41
AT3G50420	19	49	31	31	35	26
AT3G50430	142	153	166	162	147	169
AT3G50440	349	434	314	338	415	390
AT3G50450	1	3	2	7	6	7
AT3G50460	1	9	6	3	11	9
AT3G50470	58	56	52	29	47	63
AT3G50480	1914	2681	2414	1117	2224	1918
AT3G50500	2057	2388	2165	2317	2376	2196
AT3G50505	0	0	0	0	0	0
AT3G50510	0	3	0	1	0	1
AT3G50520	356	369	346	340	312	294
AT3G50530	548	595	519	552	544	546
AT3G50540	0	0	0	0	0	0
AT3G50550	186	182	179	171	153	149
AT3G50560	58	52	64	68	79	53
AT3G50570	35	33	19	35	32	41
AT3G50580	0	0	0	0	0	0
AT3G50590	1810	1857	1703	1653	1659	1581
AT3G50610	1	4	3	2	3	1
AT3G50620	102	74	89	71	75	77
AT3G50630	149	129	127	168	132	111
AT3G50640	126	73	89	72	58	38
AT3G50650	176	211	187	193	230	193
AT3G50660	157	191	148	133	116	108
AT3G50665	0	0	0	0	0	0
AT3G50670	1522	1622	1566	1606	1555	1526
AT3G50685	508	608	409	510	452	445
AT3G50690	789	689	704	662	622	627
AT3G50700	230	245	269	244	273	270
AT3G50710	4	2	3	2	1	2
AT3G50720	0	0	0	0	0	1
AT3G50730	0	0	0	0	0	0
AT3G50740	1470	1932	2084	1847	2280	1874
AT3G50750	203	185	178	171	185	157
AT3G50760	116	175	117	104	98	130
AT3G50770	163	120	114	68	131	213
AT3G50780	166	161	148	130	159	126
AT3G50790	335	368	300	311	304	304
AT3G50800	218	147	115	150	82	112
AT3G50808	0	0	1	0	0	0
AT3G50810	42	34	37	33	24	48
AT3G50820	7530	9457	6227	7783	7825	7202
AT3G50825	25	27	21	22	42	24
AT3G50830	391	501	447	367	409	398
AT3G50835	0	0	0	0	0	0
AT3G50840	108	102	141	80	78	82
AT3G50845	52	63	52	53	60	44
AT3G50850	18	16	27	19	23	11
AT3G50860	118	136	128	119	125	103
AT3G50870	19	23	29	45	26	27
AT3G50880	234	268	239	215	260	218
AT3G50890	41	39	42	77	57	56
AT3G50895	0	0	0	0	0	0
AT3G50900	135	142	139	113	108	103
AT3G50910	562	557	459	440	439	476
AT3G50920	147	196	142	151	155	162
AT3G50925	0	0	0	0	0	0
AT3G50930	462	1103	473	209	258	409
AT3G50940	4	5	6	3	1	3
AT3G50950	2347	4224	2652	1419	2194	2334
AT3G50960	92	92	84	96	67	87
AT3G50970	1420	1082	1166	696	600	621
AT3G50980	3	3	5	5	1	2
AT3G50990	0	0	0	0	0	0
AT3G51000	902	1150	859	582	723	776
AT3G51010	373	397	339	345	340	318
AT3G51020	0	0	0	0	0	0
AT3G51030	21	23	19	23	18	23
AT3G51040	212	184	203	187	162	193
AT3G51050	749	782	717	735	663	588
AT3G51060	11	21	12	16	17	19
AT3G51070	0	0	0	0	0	0
AT3G51075	4	8	4	6	5	3
AT3G51080	69	76	69	73	81	67
AT3G51090	162	125	113	92	101	109
AT3G51100	280	294	288	239	227	263
AT3G51110	176	203	162	169	161	165
AT3G51120	568	642	546	557	514	584
AT3G51130	691	665	578	524	569	558
AT3G51135	0	0	0	0	0	0
AT3G51140	452	425	400	449	428	401
AT3G51150	354	377	269	434	334	362
AT3G51160	1293	1188	1063	964	971	981
AT3G51171	0	1	1	3	1	1
AT3G51180	63	36	38	42	43	38
AT3G51190	0	0	0	0	0	0
AT3G51200	0	0	0	0	0	0
AT3G51210	0	0	0	0	0	0
AT3G51220	12	18	10	14	17	11
AT3G51230	27	35	27	32	29	26
AT3G51238	1	0	1	0	0	0
AT3G51240	0	1	0	1	0	0
AT3G51250	869	843	807	666	739	623
AT3G51260	1404	1551	1436	1417	1410	1424
AT3G51265	0	0	0	0	0	0
AT3G51270	763	772	747	758	705	720
AT3G51280	196	173	188	213	151	180
AT3G51290	80	89	92	152	106	106
AT3G51300	10	5	7	8	7	8
AT3G51310	1006	1047	943	939	951	872
AT3G51320	76	77	63	83	71	67
AT3G51325	6	5	3	8	3	4
AT3G51330	437	395	482	315	370	352
AT3G51340	72	76	65	60	63	48
AT3G51350	109	57	58	55	48	43
AT3G51360	43	41	35	21	28	16
AT3G51370	1575	1613	1417	1346	1374	1328
AT3G51375	2	0	1	3	0	0
AT3G51380	24	13	14	13	13	10
AT3G51390	313	281	288	300	276	270
AT3G51400	89	128	111	135	131	157
AT3G51410	9	7	15	17	9	9
AT3G51420	828	783	652	776	712	714
AT3G51430	763	824	667	374	517	519
AT3G51440	261	264	221	104	141	150
AT3G51450	350	413	302	123	190	404
AT3G51460	1070	1070	916	778	770	793
AT3G51470	73	81	58	70	66	63
AT3G51480	149	149	124	167	118	133
AT3G51490	14	16	11	14	13	11
AT3G51500	245	294	275	225	251	231
AT3G51510	1043	1207	1053	1141	1161	980
AT3G51520	366	346	306	334	343	313
AT3G51530	75	87	95	87	109	79
AT3G51540	107	72	61	57	44	47
AT3G51550	3297	3776	3288	2974	3244	3252
AT3G51560	2	0	0	1	1	0
AT3G51570	34	17	22	12	9	5
AT3G51580	394	412	306	323	301	292
AT3G51590	0	0	0	0	0	0
AT3G51600	2702	3210	3054	3146	3355	3098
AT3G51610	246	245	232	225	228	191
AT3G51620	509	569	466	474	507	463
AT3G51630	1070	1021	899	891	825	821
AT3G51640	330	351	283	286	280	286
AT3G51642	5	8	6	8	5	3
AT3G51644	1	0	0	1	2	1
AT3G51650	262	251	221	245	198	181
AT3G51660	449	504	338	163	277	271
AT3G51670	912	857	804	781	847	768
AT3G51680	7	8	2	6	6	2
AT3G51690	0	0	0	0	0	0
AT3G51700	0	1	0	0	0	0
AT3G51710	50	56	41	49	44	40
AT3G51720	324	333	317	372	245	298
AT3G51730	2493	2233	2018	1412	1452	1506
AT3G51740	555	558	568	748	548	595
AT3G51750	121	80	79	42	43	53
AT3G51760	131	132	102	94	98	105
AT3G51770	646	528	503	492	497	427
AT3G51780	289	313	304	278	304	276
AT3G51790	206	221	213	163	153	185
AT3G51800	1611	1632	1598	1773	1592	1576
AT3G51810	0	0	0	0	0	0
AT3G51820	1763	1914	1553	1711	1609	1437
AT3G51830	603	613	492	578	549	546
AT3G51840	2027	1909	1880	1880	1889	1844
AT3G51850	867	860	751	707	729	692
AT3G51860	626	800	568	441	544	667
AT3G51870	213	231	215	258	230	267
AT3G51880	1111	1188	1136	1056	1031	979
AT3G51890	309	338	267	166	210	217
AT3G51895	602	645	381	208	225	330
AT3G51910	293	233	328	122	129	101
AT3G51920	562	822	609	272	300	320
AT3G51930	46	48	57	55	46	48
AT3G51940	105	122	95	88	79	71
AT3G51950	2323	2275	1934	2395	2083	1940
AT3G51960	84	89	54	43	38	53
AT3G51970	42	44	54	15	22	38
AT3G51980	369	417	322	331	331	272
AT3G51990	118	131	101	114	109	97
AT3G52000	0	0	0	1	0	0
AT3G52010	0	0	0	2	0	0
AT3G52020	0	0	0	0	0	0
AT3G52030	320	336	294	321	311	266
AT3G52040	3	6	1	6	4	5
AT3G52050	185	222	193	211	192	207
AT3G52060	1475	1476	1698	1484	1615	1418
AT3G52070	0	0	0	0	0	0
AT3G52072	14	25	16	23	19	15
AT3G52075	0	0	0	0	0	0
AT3G52080	0	0	0	0	1	0
AT3G52090	604	611	535	627	512	502
AT3G52100	261	245	257	198	224	202
AT3G52105	6	11	14	10	13	16
AT3G52110	185	159	188	189	168	174
AT3G52115	44	30	27	31	30	31
AT3G52120	758	839	715	586	624	627
AT3G52130	0	0	0	0	2	0
AT3G52140	2362	2397	2305	2160	2244	2126
AT3G52150	1893	2029	1636	1988	1818	1715
AT3G52155	380	408	317	400	378	326
AT3G52160	1	3	3	1	2	1
AT3G52170	213	246	234	251	225	229
AT3G52180	1286	2016	1427	1749	1543	1605
AT3G52190	952	963	775	516	563	665
AT3G52200	1323	1418	1270	1147	1147	1149
AT3G52210	185	162	154	135	143	147
AT3G52220	755	763	735	705	662	628
AT3G52230	1299	1292	1128	1263	1067	1022
AT3G52240	646	644	614	525	586	552
AT3G52250	1011	978	858	815	839	770
AT3G52260	108	143	105	121	121	105
AT3G52270	3	5	0	3	4	2
AT3G52280	421	484	395	383	417	361
AT3G52285	0	0	0	0	0	0
AT3G52290	201	209	170	216	191	214
AT3G52300	2313	2338	2136	2032	1861	1770
AT3G52310	42	38	24	18	10	21
AT3G52320	0	0	0	0	0	0
AT3G52330	0	0	0	0	0	0
AT3G52340	815	875	760	571	492	559
AT3G52345	0	0	0	0	0	0
AT3G52350	0	0	0	0	0	0
AT3G52360	281	245	224	183	170	167
AT3G52370	532	507	492	324	361	332
AT3G52380	1967	1882	1646	1868	1741	1695
AT3G52390	127	125	128	140	112	118
AT3G52400	1112	2364	1390	637	1037	1256
AT3G52420	78	92	81	82	74	75
AT3G52430	552	812	554	236	340	394
AT3G52440	0	1	2	0	0	0
AT3G52450	171	189	203	145	182	192
AT3G52460	64	67	68	45	37	43
AT3G52470	1234	1156	989	813	756	786
AT3G52480	72	85	83	78	81	64
AT3G52490	140	100	124	109	119	143
AT3G52500	1319	1393	1555	1410	1454	1495
AT3G52510	1	2	2	1	2	3
AT3G52520	55	65	54	38	38	41
AT3G52525	18	15	16	18	15	13
AT3G52526	8	13	13	11	10	8
AT3G52530	14	27	17	18	25	18
AT3G52535	34	26	19	22	20	24
AT3G52540	29	39	25	41	27	26
AT3G52550	22	23	19	32	24	23
AT3G52560	1039	1091	955	933	980	819
AT3G52561	6	2	0	3	5	4
AT3G52565	0	0	0	0	0	0
AT3G52570	177	159	174	150	144	146
AT3G52580	925	789	782	857	754	733
AT3G52590	2301	2167	2155	2264	2032	1921
AT3G52600	0	0	0	0	0	0
AT3G52605	2	1	0	0	0	1
AT3G52610	102	82	88	75	90	81
AT3G52620	4	10	5	2	3	6
AT3G52630	73	49	62	70	57	47
AT3G52640	584	563	508	508	495	463
AT3G52660	490	525	477	463	470	435
AT3G52680	37	35	35	29	46	43
AT3G52690	0	0	0	0	0	0
AT3G52700	0	2	0	0	0	0
AT3G52710	412	444	387	300	350	349
AT3G52720	773	818	579	525	424	528
AT3G52730	1410	1514	1381	1208	1214	1131
AT3G52740	197	172	150	149	145	127
AT3G52742	0	0	0	0	0	0
AT3G52748	254	204	258	151	243	253
AT3G52750	666	751	605	652	663	573
AT3G52760	145	156	134	152	147	149
AT3G52765	0	0	0	0	0	0
AT3G52770	44	44	26	9	12	9
AT3G52780	27	26	33	8	15	21
AT3G52790	70	89	64	70	60	45
AT3G52800	1213	1491	1053	729	821	1046
AT3G52810	1	0	0	0	0	1
AT3G52820	445	362	296	36	45	92
AT3G52830	0	0	0	0	0	0
AT3G52840	681	872	778	721	816	713
AT3G52850	2567	2557	2315	2178	2328	2289
AT3G52860	70	67	60	66	41	53
AT3G52870	979	1177	1021	886	940	1144
AT3G52880	3052	3177	2863	2546	2584	2475
AT3G52890	440	457	436	477	432	436
AT3G52900	140	164	135	155	123	121
AT3G52905	52	72	39	65	44	58
AT3G52910	115	116	89	171	118	98
AT3G52920	579	561	498	439	378	380
AT3G52930	6767	7121	6042	5591	5335	5006
AT3G52940	182	170	141	172	175	148
AT3G52941	0	0	0	0	0	0
AT3G52950	368	342	330	299	280	278
AT3G52955	0	0	0	0	0	0
AT3G52960	1457	1492	1260	1439	1323	1223
AT3G52970	0	15	6	4	6	3
AT3G52980	0	0	0	0	0	0
AT3G52990	2407	2648	2137	2038	1898	1983
AT3G53000	162	161	111	111	132	124
AT3G53010	9	12	14	16	15	5
AT3G53015	0	0	0	0	0	0
AT3G53016	0	0	0	0	0	1
AT3G53020	2239	1983	1988	2167	1968	1869
AT3G53030	321	347	274	282	321	261
AT3G53040	4	0	4	3	1	1
AT3G53050	0	0	0	0	0	0
AT3G53060	0	0	0	0	0	0
AT3G53065	0	0	0	0	0	0
AT3G53070	0	0	0	0	0	0
AT3G53075	0	0	0	0	0	0
AT3G53080	0	0	0	0	0	0
AT3G53090	414	391	367	346	361	329
AT3G53100	243	240	239	328	264	314
AT3G53110	1318	1263	1136	1095	1093	1052
AT3G53120	309	339	287	268	327	318
AT3G53130	525	485	466	591	536	561
AT3G53140	0	0	0	0	0	0
AT3G53150	51	34	56	18	36	28
AT3G53160	36	21	18	38	29	36
AT3G53170	70	74	64	80	65	62
AT3G53180	1329	1239	1118	1030	1098	1091
AT3G53190	381	471	378	542	549	419
AT3G53200	5	4	2	3	3	7
AT3G53210	51	41	35	36	50	41
AT3G53220	34	39	37	37	39	48
AT3G53230	548	519	493	258	414	373
AT3G53232	5	3	2	3	5	7
AT3G53235	34	47	43	66	53	58
AT3G53240	216	197	172	216	192	159
AT3G53250	24	19	9	30	14	16
AT3G53260	2293	2190	2207	1613	1741	1614
AT3G53270	259	250	224	186	189	215
AT3G53280	460	516	428	373	395	356
AT3G53290	0	0	0	0	0	0
AT3G53294	0	0	0	0	0	0
AT3G53300	0	0	0	0	0	0
AT3G53305	0	0	0	0	0	0
AT3G53310	69	75	69	147	152	161
AT3G53320	104	145	98	128	116	112
AT3G53330	0	0	0	0	0	0
AT3G53340	162	173	187	120	183	150
AT3G53342	0	0	0	0	0	0
AT3G53350	173	146	144	117	107	116
AT3G53360	70	42	45	53	51	54
AT3G53365	5	9	8	12	7	13
AT3G53370	79	66	67	64	44	46
AT3G53380	194	192	171	263	176	194
AT3G53390	370	404	336	309	322	345
AT3G53400	264	355	262	243	250	274
AT3G53410	148	199	174	169	159	174
AT3G53420	4157	4315	3483	2517	2616	2677
AT3G53430	1759	1565	1617	1646	1511	1514
AT3G53440	95	85	94	100	96	96
AT3G53450	16	9	15	11	8	12
AT3G53460	11596	12381	11787	15178	12938	12072
AT3G53470	314	425	290	383	329	321
AT3G53480	1591	1381	1385	1149	1332	1367
AT3G53490	122	108	98	73	97	90
AT3G53500	1064	1107	1011	972	956	841
AT3G53510	264	325	273	278	280	225
AT3G53520	749	762	789	678	674	636
AT3G53530	49	79	55	129	74	72
AT3G53540	677	699	802	720	747	707
AT3G53550	1	0	1	0	0	1
AT3G53560	1004	1175	954	878	848	966
AT3G53570	414	474	379	398	352	390
AT3G53580	1164	1158	1078	1056	1040	897
AT3G53590	9	6	4	2	0	2
AT3G53600	30	19	22	4	7	13
AT3G53610	672	649	618	556	511	544
AT3G53611	0	0	0	0	0	0
AT3G53620	1071	1181	865	491	439	645
AT3G53630	436	456	455	456	467	518
AT3G53640	0	0	0	0	0	0
AT3G53650	58	50	39	67	37	53
AT3G53670	576	615	623	517	540	502
AT3G53680	90	78	78	54	60	61
AT3G53690	17	21	15	2	0	2
AT3G53700	281	310	260	272	248	220
AT3G53710	1061	1042	1052	967	975	931
AT3G53720	626	569	456	386	435	468
AT3G53730	845	799	729	551	520	497
AT3G53740	1487	1504	1455	1536	1383	1411
AT3G53750	382	396	366	437	336	324
AT3G53760	197	210	220	213	212	194
AT3G53770	1	0	0	0	0	0
AT3G53775	0	0	0	0	0	0
AT3G53780	415	439	414	305	325	307
AT3G53790	0	0	1	0	0	0
AT3G53800	448	539	491	869	675	649
AT3G53810	276	387	306	138	184	187
AT3G53820	2	2	0	0	1	2
AT3G53830	95	142	98	85	99	85
AT3G53840	10	16	8	11	12	15
AT3G53850	98	101	86	109	98	84
AT3G53860	38	32	32	43	47	42
AT3G53870	2916	2599	2760	2898	2588	2527
AT3G53880	148	134	137	115	132	117
AT3G53890	895	823	818	894	752	769
AT3G53900	265	283	256	312	276	242
AT3G53910	0	0	0	0	0	0
AT3G53920	746	915	765	789	783	742
AT3G53930	336	377	311	270	278	273
AT3G53940	69	68	63	51	70	60
AT3G53950	182	186	177	174	148	158
AT3G53960	175	279	175	192	196	217
AT3G53965	0	0	0	0	0	0
AT3G53970	610	736	583	526	565	589
AT3G53980	660	455	544	470	284	575
AT3G53990	1846	1977	1927	1898	1980	1838
AT3G54000	86	133	94	87	110	131
AT3G54010	990	1069	1008	923	936	857
AT3G54020	105	142	113	100	138	166
AT3G54030	341	310	312	298	340	349
AT3G54040	1352	1388	1352	1070	1457	1394
AT3G54050	4624	4927	3544	4449	4080	3530
AT3G54060	16	13	12	8	15	7
AT3G54065	0	0	0	3	1	3
AT3G54070	0	0	0	0	0	0
AT3G54080	153	182	148	177	146	142
AT3G54085	1	0	4	2	2	1
AT3G54090	532	616	547	605	618	584
AT3G54100	404	424	411	295	361	407
AT3G54110	939	989	860	791	816	808
AT3G54120	39	57	50	46	42	44
AT3G54130	182	154	149	128	130	128
AT3G54140	373	413	421	385	346	365
AT3G54150	165	155	115	76	143	157
AT3G54160	9	8	5	8	5	9
AT3G54170	303	353	291	275	286	241
AT3G54180	76	97	76	87	70	60
AT3G54190	846	784	752	788	766	698
AT3G54200	220	264	241	185	203	236
AT3G54210	3940	4168	3679	4903	4252	4047
AT3G54220	542	525	509	467	450	421
AT3G54230	973	980	912	889	895	874
AT3G54240	0	0	0	0	0	0
AT3G54250	159	161	149	157	182	139
AT3G54260	449	646	464	499	455	476
AT3G54270	66	57	44	34	35	30
AT3G54280	889	853	676	739	713	673
AT3G54290	308	296	267	279	248	261
AT3G54300	594	617	525	528	543	504
AT3G54310	1	4	3	8	5	2
AT3G54320	129	167	148	171	162	125
AT3G54340	0	1	1	3	2	1
AT3G54350	491	540	543	540	492	515
AT3G54360	1292	1532	1261	1399	1374	1238
AT3G54363	6	6	5	14	19	16
AT3G54366	256	299	256	252	235	207
AT3G54380	207	219	211	170	172	189
AT3G54390	119	132	105	105	90	101
AT3G54400	1335	1283	1398	1488	1270	1174
AT3G54410	3	0	1	1	1	2
AT3G54420	114	93	79	49	66	59
AT3G54430	0	0	0	0	0	0
AT3G54440	1350	1504	1146	1163	1188	1223
AT3G54450	7	5	3	8	3	2
AT3G54460	572	653	545	482	546	558
AT3G54470	956	983	1052	983	936	902
AT3G54480	475	469	404	445	400	379
AT3G54490	0	2	1	0	0	1
AT3G54500	976	1109	961	715	714	739
AT3G54510	18	15	24	2	5	4
AT3G54520	6	1	1	0	0	0
AT3G54530	3	28	2	1	1	42
AT3G54540	1235	1280	1171	1070	1099	1099
AT3G54550	0	0	0	0	0	0
AT3G54560	205	223	225	272	201	186
AT3G54570	0	0	1	0	0	1
AT3G54580	8520	3983	5217	4156	3012	2560
AT3G54590	5231	2748	3298	2475	1608	1477
AT3G54600	773	772	602	846	816	727
AT3G54610	231	262	261	184	190	200
AT3G54620	1079	1091	944	845	929	884
AT3G54625	0	0	2	1	1	1
AT3G54630	0	0	0	0	0	0
AT3G54640	2842	2673	2486	1889	2765	2094
AT3G54650	560	579	509	487	488	480
AT3G54660	1946	1812	1511	1544	1336	1318
AT3G54670	1186	1048	953	926	884	936
AT3G54680	314	287	308	248	245	238
AT3G54690	252	264	260	308	274	262
AT3G54700	72	69	30	5	7	17
AT3G54710	78	74	72	93	79	73
AT3G54720	258	250	214	290	308	230
AT3G54730	0	2	0	0	0	0
AT3G54740	200	190	167	230	186	192
AT3G54750	294	266	274	312	264	228
AT3G54760	1301	1315	1080	1192	1186	1083
AT3G54770	228	146	199	157	104	101
AT3G54780	69	91	70	99	82	75
AT3G54790	335	377	322	369	355	351
AT3G54800	2	1	1	0	0	1
AT3G54810	1006	1789	1172	784	952	1302
AT3G54820	119	141	104	122	132	117
AT3G54826	249	272	209	174	188	206
AT3G54830	214	222	298	395	397	351
AT3G54840	332	326	321	286	314	316
AT3G54850	375	380	370	260	308	304
AT3G54860	390	486	365	393	391	345
AT3G54870	154	84	100	75	71	63
AT3G54880	369	389	393	349	380	386
AT3G54890	14679	24713	15674	25126	23408	21184
AT3G54900	687	745	659	622	593	581
AT3G54910	100	98	87	147	108	104
AT3G54920	979	1102	1185	1104	1141	1094
AT3G54925	0	0	0	0	0	0
AT3G54930	74	67	62	76	69	73
AT3G54940	0	0	0	1	0	0
AT3G54950	177	217	181	135	160	125
AT3G54960	1039	973	917	727	704	626
AT3G54970	135	148	130	125	144	131
AT3G54980	177	168	144	186	149	139
AT3G54990	84	58	62	77	48	54
AT3G55000	334	343	355	307	306	306
AT3G55005	281	256	227	280	245	201
AT3G55010	377	372	411	355	350	371
AT3G55020	1220	1295	1231	1121	1100	1020
AT3G55030	173	141	148	172	150	151
AT3G55040	445	453	341	407	411	402
AT3G55050	260	283	225	227	238	231
AT3G55060	117	101	113	102	92	85
AT3G55070	407	416	343	412	368	347
AT3G55080	221	236	210	192	227	205
AT3G55090	56	63	47	41	56	43
AT3G55100	0	0	0	0	0	0
AT3G55110	95	71	45	54	49	63
AT3G55120	530	519	541	551	425	435
AT3G55130	720	695	590	513	609	464
AT3G55140	278	321	253	268	282	251
AT3G55150	74	52	76	50	60	48
AT3G55160	359	296	309	342	346	314
AT3G55170	280	271	273	268	253	244
AT3G55180	2	0	0	1	0	2
AT3G55190	0	0	0	0	0	0
AT3G55200	63	56	64	42	38	57
AT3G55210	2	0	0	1	1	1
AT3G55220	52	44	49	43	58	45
AT3G55230	456	373	345	322	245	164
AT3G55240	182	363	322	333	443	316
AT3G55250	807	834	770	924	885	785
AT3G55252	0	0	0	0	0	0
AT3G55254	0	0	0	0	0	0
AT3G55260	526	563	460	497	492	442
AT3G55270	1047	1201	1048	902	980	1003
AT3G55280	966	843	828	980	828	840
AT3G55290	74	87	68	56	73	100
AT3G55310	3	1	1	2	2	0
AT3G55320	407	461	376	355	412	413
AT3G55330	1122	1118	852	1271	1104	1025
AT3G55340	238	203	201	226	219	199
AT3G55350	141	172	143	147	147	157
AT3G55360	638	575	636	747	586	583
AT3G55370	106	100	90	111	86	104
AT3G55380	269	267	281	267	266	234
AT3G55390	57	57	51	59	50	62
AT3G55400	733	681	557	687	617	634
AT3G55410	2746	2902	2430	2135	2185	2194
AT3G55420	102	124	98	108	99	96
AT3G55430	869	953	756	520	716	909
AT3G55440	8675	9872	7863	7338	7129	7121
AT3G55450	743	867	710	643	688	586
AT3G55460	772	802	734	750	689	684
AT3G55470	300	310	211	140	181	200
AT3G55480	577	628	572	500	531	489
AT3G55485	0	0	1	0	1	0
AT3G55490	42	44	50	29	32	34
AT3G55500	23	24	26	9	20	10
AT3G55510	211	202	202	220	248	210
AT3G55512	0	0	0	0	0	0
AT3G55513	0	0	0	0	0	0
AT3G55515	10	4	6	3	4	5
AT3G55520	403	340	323	339	315	308
AT3G55530	144	147	113	117	110	108
AT3G55540	1	0	0	0	0	0
AT3G55550	1	4	2	1	2	1
AT3G55560	293	304	336	242	261	273
AT3G55566	0	0	0	0	0	0
AT3G55570	0	0	0	0	0	0
AT3G55580	14	26	14	3	4	2
AT3G55590	0	0	0	0	0	0
AT3G55600	128	119	123	126	123	127
AT3G55605	110	91	87	74	92	88
AT3G55610	1794	1862	1526	1236	1410	1353
AT3G55620	990	1246	943	797	870	892
AT3G55630	710	675	483	711	601	578
AT3G55640	239	254	191	170	176	190
AT3G55646	31	22	21	12	19	13
AT3G55650	0	0	0	0	1	0
AT3G55660	93	90	107	124	105	79
AT3G55665	0	0	0	0	0	0
AT3G55670	0	0	0	0	0	0
AT3G55672	0	0	0	0	0	1
AT3G55677	0	0	0	0	2	0
AT3G55680	0	0	0	0	0	0
AT3G55690	25	35	31	28	23	22
AT3G55700	17	27	20	6	11	6
AT3G55710	30	48	18	19	18	29
AT3G55720	76	43	62	63	56	41
AT3G55730	79	85	70	58	78	99
AT3G55734	2	0	0	0	1	1
AT3G55735	0	0	0	0	0	1
AT3G55740	158	224	200	181	212	173
AT3G55750	2142	1765	2257	2094	2048	1897
AT3G55760	538	749	558	575	554	554
AT3G55770	1729	1870	1619	1451	1500	1375
AT3G55780	1	2	1	0	0	0
AT3G55790	11	5	4	0	0	1
AT3G55795	0	0	0	0	0	0
AT3G55800	7610	7240	5676	5556	5375	4513
AT3G55810	0	0	0	0	0	0
AT3G55820	24	16	11	19	23	22
AT3G55830	511	584	498	394	464	374
AT3G55840	22	42	42	22	27	39
AT3G55850	420	426	434	381	382	330
AT3G55860	0	0	0	0	0	0
AT3G55870	0	0	0	1	0	0
AT3G55880	306	359	265	126	146	151
AT3G55890	113	75	90	38	48	51
AT3G55900	15	8	14	4	6	6
AT3G55910	44	30	26	11	21	25
AT3G55920	226	210	182	224	203	203
AT3G55930	1	0	1	0	0	0
AT3G55935	1	0	1	0	0	0
AT3G55940	76	48	56	34	23	27
AT3G55950	155	203	143	108	108	114
AT3G55960	778	856	786	555	666	603
AT3G55970	914	601	370	27	23	274
AT3G55980	1738	4747	2254	1416	1903	2423
AT3G55990	125	128	125	110	91	89
AT3G56000	44	44	40	33	24	25
AT3G56010	636	570	561	721	593	642
AT3G56020	209	147	163	180	166	152
AT3G56030	51	60	57	44	56	57
AT3G56040	2502	3489	2224	1960	1740	2166
AT3G56050	1522	1708	1296	1155	1268	1161
AT3G56060	257	284	245	180	230	282
AT3G56070	566	545	541	594	588	533
AT3G56080	129	184	122	66	72	88
AT3G56085	0	0	0	0	0	0
AT3G56090	1366	1281	1332	1144	1213	1315
AT3G56100	86	90	60	87	74	62
AT3G56110	285	287	268	278	246	228
AT3G56120	255	249	277	288	248	245
AT3G56130	891	976	940	1016	823	830
AT3G56140	827	853	759	729	698	731
AT3G56150	3431	3241	3289	3205	3048	2909
AT3G56160	667	657	551	704	569	519
AT3G56170	555	558	455	335	359	394
AT3G56180	0	1	0	0	0	0
AT3G56190	1915	2135	1914	1772	1725	1711
AT3G56200	1009	778	726	367	352	554
AT3G56210	228	282	208	204	201	214
AT3G56220	39	30	35	30	30	31
AT3G56230	63	46	44	39	31	15
AT3G56240	4546	4827	4035	3470	3543	3450
AT3G56250	31	34	24	34	33	36
AT3G56260	58	52	51	45	29	36
AT3G56270	105	76	72	86	92	81
AT3G56290	779	601	512	167	161	158
AT3G56300	37	37	36	36	21	28
AT3G56310	1680	1502	1344	1045	1128	1192
AT3G56320	99	93	90	84	83	81
AT3G56330	72	87	68	116	108	89
AT3G56340	1618	1342	1377	1493	1241	1344
AT3G56350	0	0	0	1	0	1
AT3G56360	751	1052	667	738	864	653
AT3G56370	538	582	442	568	474	450
AT3G56380	3	2	1	1	2	3
AT3G56390	0	0	0	0	0	0
AT3G56400	2249	3657	2306	764	1403	1461
AT3G56408	16	12	12	16	18	17
AT3G56410	0	0	0	0	0	0
AT3G56420	0	0	0	0	0	1
AT3G56430	178	173	158	180	176	165
AT3G56440	74	69	72	53	66	65
AT3G56450	94	103	104	127	106	92
AT3G56460	848	1019	824	866	846	802
AT3G56470	37	31	49	27	26	32
AT3G56480	431	439	342	418	357	328
AT3G56490	544	546	463	451	474	421
AT3G56500	4	5	4	2	3	3
AT3G56510	357	379	345	342	331	303
AT3G56520	0	0	0	0	0	0
AT3G56530	0	0	0	0	0	0
AT3G56540	0	0	0	0	0	0
AT3G56550	20	23	26	16	22	15
AT3G56560	0	0	0	0	0	0
AT3G56570	61	82	66	65	46	48
AT3G56580	410	420	361	370	346	349
AT3G56590	648	643	620	588	528	468
AT3G56600	4	2	2	5	3	3
AT3G56610	0	0	0	0	0	0
AT3G56620	118	116	110	77	59	82
AT3G56630	335	332	310	360	335	314
AT3G56640	192	183	173	174	162	157
AT3G56650	371	445	323	449	341	365
AT3G56660	4	2	3	3	2	3
AT3G56670	0	0	0	0	0	0
AT3G56680	1027	948	927	1060	912	866
AT3G56690	338	370	315	350	334	317
AT3G56700	3	1	1	2	1	2
AT3G56705	0	0	0	0	0	0
AT3G56710	692	1091	530	154	226	335
AT3G56720	741	856	690	700	746	733
AT3G56730	17	17	17	20	14	17
AT3G56740	188	184	153	129	152	154
AT3G56750	306	343	308	324	332	328
AT3G56760	413	434	404	394	399	368
AT3G56770	21	8	15	19	11	13
AT3G56780	1	2	4	1	1	1
AT3G56790	0	3	1	0	1	3
AT3G56800	1477	1692	1373	1318	1348	1289
AT3G56810	78	82	64	90	88	76
AT3G56820	114	81	80	84	61	61
AT3G56825	0	2	0	0	0	0
AT3G56830	81	61	64	75	77	58
AT3G56840	233	209	197	212	191	165
AT3G56850	353	357	345	323	349	270
AT3G56860	1660	1655	1614	1641	1512	1340
AT3G56870	60	63	62	65	57	55
AT3G56880	795	1367	931	881	1020	1286
AT3G56890	4	5	4	1	5	6
AT3G56891	23	13	16	9	19	21
AT3G56900	161	181	145	171	173	178
AT3G56910	1871	2071	1772	2151	1862	1737
AT3G56920	0	0	0	0	1	1
AT3G56930	430	372	345	287	249	281
AT3G56940	8278	10340	7701	7947	7481	7166
AT3G56950	480	446	427	337	334	368
AT3G56960	148	130	166	157	172	138
AT3G56970	0	0	0	0	0	0
AT3G56980	1	0	0	2	1	0
AT3G56990	499	554	486	419	511	446
AT3G57000	469	508	470	459	457	458
AT3G57010	339	194	273	324	247	188
AT3G57020	1430	1272	1145	849	724	670
AT3G57030	257	263	210	151	155	159
AT3G57040	240	238	235	201	230	179
AT3G57050	1137	1305	1144	1186	1145	986
AT3G57060	225	203	205	200	203	175
AT3G57062	114	87	93	100	100	108
AT3G57070	381	354	338	288	303	332
AT3G57072	0	0	0	0	0	0
AT3G57080	186	188	172	224	180	171
AT3G57090	608	627	581	456	591	456
AT3G57100	1	1	2	1	0	0
AT3G57110	7	5	1	3	0	0
AT3G57120	173	203	141	148	160	195
AT3G57130	36	13	22	28	21	15
AT3G57140	87	100	84	85	95	80
AT3G57150	1411	1315	1387	1442	1324	1211
AT3G57157	724	851	387	65	72	163
AT3G57160	28	27	25	15	13	9
AT3G57170	399	405	374	371	386	406
AT3G57180	223	225	211	259	248	226
AT3G57190	229	198	154	187	198	168
AT3G57200	29	19	15	23	18	18
AT3G57210	7	3	1	7	3	6
AT3G57220	159	144	129	142	119	128
AT3G57230	461	448	406	395	400	385
AT3G57240	169	177	107	32	72	118
AT3G57250	1	0	0	0	0	0
AT3G57260	503	410	166	63	229	383
AT3G57270	1	0	0	1	0	0
AT3G57280	709	774	704	626	628	618
AT3G57290	1534	1618	1393	1327	1352	1291
AT3G57300	1460	1632	1301	1432	1446	1451
AT3G57310	0	0	0	1	0	0
AT3G57320	79	86	57	88	60	65
AT3G57330	1812	2139	1819	1127	1483	1614
AT3G57340	391	454	406	370	405	373
AT3G57350	298	353	294	297	279	264
AT3G57360	45	40	44	26	31	34
AT3G57370	0	0	0	0	0	0
AT3G57380	121	97	98	39	50	54
AT3G57390	218	208	210	113	92	127
AT3G57400	633	628	655	482	554	527
AT3G57410	2465	2296	2361	1896	2013	2021
AT3G57420	397	422	393	356	356	333
AT3G57430	101	138	94	119	91	86
AT3G57440	5	3	5	4	7	10
AT3G57450	414	533	385	191	183	344
AT3G57460	32	22	15	2	15	26
AT3G57465	0	0	0	1	0	0
AT3G57470	1069	1134	937	1300	1130	1089
AT3G57480	124	129	123	87	106	108
AT3G57490	226	230	226	227	247	193
AT3G57500	8	3	6	12	7	12
AT3G57510	1	7	2	0	0	0
AT3G57520	3206	2802	3374	1551	3093	3169
AT3G57530	1434	2910	1735	1265	1559	1920
AT3G57540	217	244	207	124	116	115
AT3G57550	1185	1403	1256	938	1110	1088
AT3G57560	441	483	375	402	415	411
AT3G57570	447	405	377	331	293	302
AT3G57580	47	48	44	53	47	53
AT3G57587	0	0	1	1	2	1
AT3G57590	94	79	95	95	102	86
AT3G57600	37	44	30	52	35	47
AT3G57610	875	873	844	823	816	683
AT3G57620	0	0	0	0	0	0
AT3G57630	661	566	465	387	366	402
AT3G57640	48	92	61	22	48	38
AT3G57645	3	7	2	1	1	0
AT3G57650	818	855	774	724	743	716
AT3G57660	685	591	573	606	672	627
AT3G57670	26	25	17	31	41	35
AT3G57680	53	57	35	35	19	24
AT3G57690	0	0	0	0	0	0
AT3G57700	0	0	0	0	0	0
AT3G57710	150	143	139	126	145	121
AT3G57720	20	27	26	25	22	20
AT3G57730	0	0	0	0	0	0
AT3G57740	20	13	25	9	19	11
AT3G57750	167	198	177	145	150	165
AT3G57760	61	73	45	34	43	60
AT3G57765	0	0	0	0	0	0
AT3G57770	58	49	52	58	41	58
AT3G57780	164	168	151	215	231	161
AT3G57785	30	43	29	32	25	33
AT3G57787	1	0	1	0	0	0
AT3G57790	186	158	154	181	167	143
AT3G57800	364	359	379	424	394	380
AT3G57810	208	207	202	181	195	210
AT3G57830	75	83	74	107	81	67
AT3G57840	0	0	0	0	0	0
AT3G57850	0	0	0	0	0	0
AT3G57860	88	88	82	90	69	84
AT3G57870	1124	1201	1056	1127	1123	1244
AT3G57880	430	530	369	302	386	391
AT3G57890	947	1068	942	950	925	888
AT3G57900	0	0	0	1	0	0
AT3G57910	114	114	97	86	70	86
AT3G57920	0	0	0	0	0	0
AT3G57930	334	434	357	353	389	556
AT3G57940	297	285	255	244	241	270
AT3G57950	50	52	38	23	39	43
AT3G57960	0	0	0	0	0	0
AT3G57965	37	39	47	52	45	32
AT3G57970	0	0	0	0	0	0
AT3G57980	232	233	215	193	223	184
AT3G57990	439	421	438	472	448	373
AT3G58000	25	22	19	17	22	12
AT3G58010	314	335	271	296	329	278
AT3G58020	159	161	154	160	155	134
AT3G58030	699	852	734	660	662	695
AT3G58035	0	0	0	0	0	0
AT3G58040	468	429	439	412	382	423
AT3G58050	722	751	726	630	647	610
AT3G58060	5	1	2	4	5	8
AT3G58070	16	12	7	30	14	8
AT3G58090	103	93	75	93	76	71
AT3G58100	56	53	64	60	41	57
AT3G58110	666	660	612	614	547	575
AT3G58120	442	441	421	405	439	446
AT3G58130	110	102	111	94	104	102
AT3G58140	1244	1264	1129	1182	1203	1123
AT3G58150	15	19	14	4	7	19
AT3G58160	149	194	150	193	185	183
AT3G58165	0	0	0	0	0	0
AT3G58170	359	373	342	301	318	320
AT3G58180	176	195	170	169	179	145
AT3G58190	0	3	8	4	8	5
AT3G58193	0	0	0	0	1	0
AT3G58196	0	0	0	0	0	0
AT3G58200	26	30	20	17	18	20
AT3G58210	0	0	0	1	1	3
AT3G58220	352	374	346	312	322	298
AT3G58230	0	0	0	0	0	0
AT3G58240	0	0	0	0	0	0
AT3G58250	0	0	1	1	1	0
AT3G58260	0	0	0	0	0	0
AT3G58270	41	51	35	33	38	54
AT3G58280	0	0	0	0	0	0
AT3G58290	0	1	0	0	0	0
AT3G58300	0	0	0	0	0	0
AT3G58310	0	0	0	0	0	0
AT3G58320	0	0	0	0	0	0
AT3G58330	0	0	0	0	0	0
AT3G58340	0	0	0	0	0	0
AT3G58350	29	31	27	30	26	19
AT3G58360	0	0	0	0	0	0
AT3G58370	1	0	0	0	0	0
AT3G58380	3	4	4	1	2	1
AT3G58390	0	0	0	0	0	0
AT3G58400	0	0	0	0	0	0
AT3G58410	0	0	0	0	0	0
AT3G58415	0	0	0	0	0	0
AT3G58420	0	0	0	0	1	0
AT3G58430	46	48	53	40	36	36
AT3G58440	0	0	1	0	0	0
AT3G58450	0	0	0	0	0	0
AT3G58460	473	484	395	374	377	349
AT3G58470	212	236	188	239	227	193
AT3G58480	0	1	1	19	21	11
AT3G58490	363	370	321	255	202	237
AT3G58500	1725	1657	1588	1647	1511	1409
AT3G58510	984	975	827	868	887	831
AT3G58520	73	72	67	71	60	52
AT3G58530	199	219	221	220	228	222
AT3G58540	0	0	0	0	0	0
AT3G58550	1070	831	1127	502	583	764
AT3G58560	1002	1062	875	864	912	850
AT3G58570	696	809	675	686	690	612
AT3G58580	452	452	425	442	433	408
AT3G58585	0	0	0	0	0	0
AT3G58590	29	44	41	41	49	46
AT3G58600	525	602	522	418	478	499
AT3G58610	4836	4894	4797	5320	4990	4567
AT3G58620	298	318	331	265	298	312
AT3G58630	140	135	142	128	100	100
AT3G58640	1235	1388	1069	997	1002	946
AT3G58650	159	160	149	177	143	142
AT3G58660	552	539	518	601	519	526
AT3G58670	282	319	271	294	306	282
AT3G58680	1971	2007	1745	2098	1830	1810
AT3G58690	116	98	86	92	110	109
AT3G58700	423	493	415	439	449	453
AT3G58710	194	158	151	112	108	141
AT3G58720	158	169	139	173	121	136
AT3G58730	1792	1871	1694	1569	1692	1577
AT3G58740	0	0	0	0	0	0
AT3G58750	903	872	810	768	808	736
AT3G58760	455	492	389	365	351	426
AT3G58770	10	13	6	8	11	14
AT3G58780	17	18	22	9	8	9
AT3G58790	136	213	120	115	150	140
AT3G58795	0	0	1	0	1	0
AT3G58800	83	79	57	54	79	64
AT3G58810	129	86	111	71	75	88
AT3G58820	61	49	42	64	48	49
AT3G58830	256	303	227	242	218	227
AT3G58840	440	420	411	433	385	398
AT3G58850	83	89	69	67	71	47
AT3G58860	2	1	1	1	1	0
AT3G58875	18	16	15	10	7	4
AT3G58877	0	0	0	0	0	0
AT3G58880	0	0	0	0	0	0
AT3G58890	0	0	0	0	0	0
AT3G58900	215	237	202	147	134	166
AT3G58910	0	0	0	0	0	1
AT3G58920	0	1	0	0	0	0
AT3G58930	93	105	100	105	115	105
AT3G58940	85	99	92	100	80	89
AT3G58950	1	0	1	1	2	1
AT3G58960	0	0	0	0	0	0
AT3G58970	333	343	303	315	294	267
AT3G58980	28	24	14	19	21	22
AT3G58990	745	829	628	681	570	797
AT3G59000	88	88	62	76	73	90
AT3G59010	81	106	60	107	135	129
AT3G59020	1556	1666	1476	1383	1408	1409
AT3G59030	0	1	0	0	1	0
AT3G59040	654	661	625	652	619	663
AT3G59050	438	423	343	352	357	387
AT3G59060	639	1075	849	932	1130	1067
AT3G59068	0	0	0	0	0	1
AT3G59070	0	0	0	0	0	0
AT3G59080	174	460	274	198	279	346
AT3G59090	528	545	447	454	462	423
AT3G59100	525	458	484	477	438	480
AT3G59110	393	459	414	459	438	429
AT3G59120	21	12	16	16	18	10
AT3G59130	12	6	2	6	2	4
AT3G59140	791	978	584	305	339	493
AT3G59150	89	75	72	53	48	72
AT3G59160	0	0	0	0	0	0
AT3G59170	0	0	0	0	0	0
AT3G59180	0	0	0	0	0	0
AT3G59190	1	0	0	0	1	0
AT3G59200	28	27	26	13	10	10
AT3G59210	484	420	369	282	307	311
AT3G59220	325	341	342	224	240	203
AT3G59230	2	3	6	1	0	0
AT3G59240	0	0	0	0	0	0
AT3G59245	0	0	0	0	0	0
AT3G59250	22	21	17	11	14	13
AT3G59260	0	0	0	0	0	0
AT3G59270	3	1	3	2	0	1
AT3G59280	456	496	465	384	383	413
AT3G59290	557	510	538	452	420	429
AT3G59295	0	0	0	0	0	0
AT3G59300	919	968	726	687	640	687
AT3G59310	119	192	114	100	94	108
AT3G59320	237	227	182	180	179	168
AT3G59330	111	152	120	129	144	137
AT3G59340	70	46	43	30	17	33
AT3G59350	704	1252	747	675	1067	1277
AT3G59360	586	628	509	491	473	465
AT3G59370	81	74	72	67	29	27
AT3G59380	424	460	378	381	374	360
AT3G59390	75	63	62	64	64	44
AT3G59400	2	3	3	0	1	1
AT3G59410	523	515	439	386	446	423
AT3G59415	0	0	0	0	0	0
AT3G59420	154	146	132	175	144	141
AT3G59430	87	108	82	84	79	84
AT3G59435	5	4	2	4	7	5
AT3G59440	0	0	0	0	0	0
AT3G59450	4	1	3	2	2	2
AT3G59455	0	0	0	0	0	0
AT3G59460	0	0	0	0	0	0
AT3G59470	145	114	119	131	113	117
AT3G59480	20	13	13	18	13	21
AT3G59490	145	165	134	157	117	139
AT3G59500	363	382	315	318	314	282
AT3G59510	11	15	8	12	10	9
AT3G59520	79	102	82	55	67	60
AT3G59530	46	29	29	35	23	20
AT3G59540	1065	993	1093	1005	915	848
AT3G59550	79	73	89	87	68	71
AT3G59570	169	143	142	108	117	112
AT3G59580	35	26	24	23	15	20
AT3G59590	0	0	0	0	0	0
AT3G59600	372	362	309	310	302	312
AT3G59610	0	0	0	0	1	0
AT3G59620	0	0	0	0	0	0
AT3G59630	233	212	195	197	194	191
AT3G59640	193	241	155	159	161	163
AT3G59650	114	100	106	120	89	96
AT3G59660	903	817	809	689	702	688
AT3G59670	267	207	226	226	198	207
AT3G59680	56	51	62	79	53	56
AT3G59690	44	38	47	29	20	24
AT3G59695	0	0	1	0	0	0
AT3G59700	236	298	285	120	185	208
AT3G59710	60	53	49	63	41	53
AT3G59730	18	9	13	3	1	1
AT3G59740	6	4	7	9	5	6
AT3G59750	29	45	39	33	37	50
AT3G59760	1085	1011	960	777	812	779
AT3G59765	141	147	125	144	105	114
AT3G59770	1254	1322	1066	1002	974	993
AT3G59780	2170	2540	1876	2243	2241	2015
AT3G59790	0	1	0	4	1	2
AT3G59800	188	129	116	138	128	138
AT3G59810	185	193	183	191	189	146
AT3G59820	792	943	745	758	803	761
AT3G59830	14	8	8	14	6	5
AT3G59840	86	73	60	63	67	71
AT3G59845	0	0	0	0	0	0
AT3G59850	30	27	35	29	14	19
AT3G59870	237	240	230	259	232	224
AT3G59880	44	68	60	27	41	42
AT3G59884	29	35	30	12	17	12
AT3G59890	146	137	142	136	137	125
AT3G59900	252	194	230	229	237	191
AT3G59910	655	748	562	536	537	497
AT3G59920	2561	2516	2376	2154	2137	2078
AT3G59923	0	0	0	0	0	0
AT3G59926	0	0	0	0	0	0
AT3G59930	31	10	8	8	8	13
AT3G59940	1	1	1	0	0	1
AT3G59950	585	619	508	476	480	488
AT3G59960	0	1	0	0	0	0
AT3G59970	3613	3634	3420	3542	3459	3057
AT3G59980	336	322	307	367	338	305
AT3G59990	1141	1202	1207	1127	1115	1093
AT3G60000	2	1	3	0	1	1
AT3G60010	0	0	1	0	0	1
AT3G60020	0	0	1	1	0	0
AT3G60030	1216	1297	1208	1123	1181	1137
AT3G60040	55	44	47	52	53	65
AT3G60050	119	86	84	99	99	115
AT3G60060	0	1	0	0	0	0
AT3G60070	99	61	76	75	65	55
AT3G60075	0	0	0	0	0	0
AT3G60080	366	326	314	255	214	222
AT3G60090	1	2	0	0	0	1
AT3G60100	0	0	0	0	0	0
AT3G60110	159	132	127	108	120	119
AT3G60120	28	14	11	11	10	16
AT3G60130	1166	673	803	587	594	717
AT3G60140	195	330	188	16	26	112
AT3G60150	43	50	47	39	46	46
AT3G60160	111	132	81	16	36	36
AT3G60176	0	0	0	0	1	0
AT3G60180	80	76	63	64	77	92
AT3G60190	1038	1197	993	888	844	904
AT3G60200	206	231	173	195	191	205
AT3G60210	455	531	535	600	524	477
AT3G60220	53	46	50	64	51	52
AT3G60238	0	0	0	0	0	0
AT3G60240	2516	2343	2015	2225	2186	2025
AT3G60245	4037	3756	4003	4155	3869	3533
AT3G60250	601	567	518	503	548	585
AT3G60260	203	205	168	175	179	174
AT3G60270	1	2	0	0	3	0
AT3G60280	79	40	46	39	19	25
AT3G60286	7	15	11	10	12	16
AT3G60290	60	43	46	97	67	75
AT3G60300	1451	1645	1399	1261	1183	1147
AT3G60310	126	132	110	122	140	117
AT3G60320	1055	1006	1094	1085	1044	1010
AT3G60328	0	0	0	0	0	0
AT3G60330	922	637	639	444	394	329
AT3G60340	515	573	425	465	442	425
AT3G60350	456	578	477	423	469	402
AT3G60360	279	312	319	281	271	262
AT3G60370	179	189	156	192	178	148
AT3G60380	452	444	406	512	448	414
AT3G60390	206	187	169	257	192	169
AT3G60400	103	115	93	116	96	91
AT3G60410	283	372	290	291	287	284
AT3G60415	213	262	119	82	162	230
AT3G60420	1	0	1	0	1	0
AT3G60440	280	240	263	233	226	204
AT3G60450	366	365	327	278	341	345
AT3G60460	0	0	0	0	0	0
AT3G60470	5	4	1	2	5	5
AT3G60480	116	123	110	100	99	110
AT3G60490	49	65	57	36	33	62
AT3G60500	330	341	333	304	327	266
AT3G60510	106	129	116	134	141	137
AT3G60520	185	198	167	263	245	190
AT3G60530	886	1020	920	1178	1016	985
AT3G60540	43	57	31	33	29	49
AT3G60550	42	49	45	37	45	41
AT3G60560	0	0	0	0	0	0
AT3G60570	0	0	0	0	0	0
AT3G60580	28	35	24	22	16	26
AT3G60590	187	236	192	209	222	208
AT3G60600	1428	1484	1325	1366	1201	1175
AT3G60620	261	257	229	252	244	221
AT3G60630	443	384	442	468	423	377
AT3G60640	84	104	87	32	42	49
AT3G60650	9	4	4	2	6	2
AT3G60660	53	46	40	56	50	44
AT3G60670	6	6	5	14	9	14
AT3G60680	81	67	82	61	61	74
AT3G60690	316	270	222	167	181	200
AT3G60700	3	4	0	2	1	0
AT3G60710	5	6	1	2	1	6
AT3G60720	81	47	69	70	51	58
AT3G60730	2	0	4	3	3	3
AT3G60740	358	382	339	361	356	344
AT3G60750	23018	23138	18254	21478	19697	17815
AT3G60760	0	0	0	0	1	0
AT3G60770	2412	2290	2255	2437	2099	2062
AT3G60780	0	0	1	2	1	3
AT3G60790	3	0	1	1	2	3
AT3G60800	328	341	257	288	284	276
AT3G60805	0	0	0	0	0	0
AT3G60810	280	326	241	293	288	274
AT3G60820	1407	1472	1277	1327	1314	1182
AT3G60830	249	271	221	234	196	220
AT3G60840	138	117	124	135	121	103
AT3G60850	268	264	266	269	228	239
AT3G60860	1225	1302	1098	1129	1001	1077
AT3G60870	17	14	16	16	9	10
AT3G60880	354	347	367	364	380	315
AT3G60890	16	13	7	14	12	14
AT3G60900	80	82	88	83	60	59
AT3G60910	253	268	238	250	249	251
AT3G60920	1	1	0	0	0	0
AT3G60940	2	0	6	1	1	1
AT3G60950	0	0	0	0	0	0
AT3G60960	94	87	103	53	46	48
AT3G60961	0	4	1	0	1	0
AT3G60966	10	16	6	2	4	6
AT3G60970	1	0	1	0	0	0
AT3G60972	0	0	1	0	0	1
AT3G60975	0	0	0	0	0	0
AT3G60980	239	273	248	128	117	140
AT3G60990	0	0	0	0	0	0
AT3G61010	966	1113	990	925	781	853
AT3G61028	0	1	0	0	0	1
AT3G61030	0	0	0	0	0	0
AT3G61035	3	1	1	1	2	1
AT3G61040	0	0	0	0	0	0
AT3G61050	1082	1099	1016	1130	1060	998
AT3G61060	313	445	491	387	526	603
AT3G61070	453	392	416	379	404	390
AT3G61080	386	376	275	346	363	336
AT3G61090	1	1	2	1	1	3
AT3G61100	97	71	102	110	106	87
AT3G61105	0	0	0	0	0	0
AT3G61110	1561	1444	1499	1381	1343	1288
AT3G61111	0	0	2	0	0	0
AT3G61113	17	14	9	10	13	8
AT3G61117	0	1	0	1	1	1
AT3G61118	3	3	5	1	5	3
AT3G61120	0	2	3	0	0	0
AT3G61130	1299	1492	1235	1294	1219	1182
AT3G61140	674	619	570	589	566	516
AT3G61150	318	327	296	351	337	242
AT3G61160	123	108	106	131	128	117
AT3G61170	47	28	34	34	30	29
AT3G61172	0	0	0	0	0	0
AT3G61175	0	0	0	0	0	0
AT3G61177	0	0	0	0	0	0
AT3G61180	502	494	438	495	472	479
AT3G61182	0	0	0	0	0	0
AT3G61190	173	177	113	39	36	101
AT3G61198	33	51	43	14	35	26
AT3G61200	713	736	699	521	549	562
AT3G61210	188	248	228	273	257	276
AT3G61220	1061	1071	831	660	610	592
AT3G61230	0	0	0	0	0	0
AT3G61240	817	756	675	734	726	712
AT3G61250	22	27	21	31	25	24
AT3G61260	927	867	752	950	754	879
AT3G61270	214	168	203	165	144	118
AT3G61280	699	698	478	152	308	361
AT3G61290	0	0	0	0	0	0
AT3G61300	0	0	0	0	0	0
AT3G61310	189	216	224	212	234	235
AT3G61320	136	153	155	156	127	109
AT3G61340	3	0	0	3	4	2
AT3G61350	76	81	67	63	74	55
AT3G61360	29	38	43	41	30	36
AT3G61370	128	112	126	139	107	133
AT3G61380	209	216	194	151	156	162
AT3G61390	42	36	36	31	51	35
AT3G61400	34	31	17	13	22	24
AT3G61410	318	280	239	97	89	147
AT3G61415	164	113	139	132	137	125
AT3G61420	378	407	344	374	338	322
AT3G61430	2042	1650	1588	1216	1119	1115
AT3G61440	14538	13547	13174	10363	10924	10302
AT3G61450	7	7	2	9	2	5
AT3G61460	788	737	682	758	733	674
AT3G61470	16906	25537	17966	25777	22327	20429
AT3G61480	324	365	330	315	308	304
AT3G61490	88	87	78	138	104	119
AT3G61500	0	0	0	0	0	0
AT3G61510	0	0	0	0	0	1
AT3G61520	27	17	17	33	19	30
AT3G61530	167	150	125	138	165	160
AT3G61540	200	292	259	251	281	246
AT3G61545	0	0	0	0	0	0
AT3G61550	61	65	40	83	55	46
AT3G61560	187	165	167	109	100	90
AT3G61570	257	270	243	210	225	223
AT3G61571	0	2	0	1	0	1
AT3G61580	2797	3324	2578	2333	2096	2357
AT3G61590	131	116	130	134	106	110
AT3G61600	955	954	868	885	868	807
AT3G61610	116	139	84	134	94	102
AT3G61620	128	114	102	116	116	111
AT3G61630	205	229	151	144	142	150
AT3G61640	190	196	172	188	198	242
AT3G61650	170	185	177	199	189	153
AT3G61660	2	3	4	4	1	0
AT3G61670	315	352	308	312	344	335
AT3G61680	103	125	106	157	111	98
AT3G61690	1088	1042	858	905	896	845
AT3G61700	397	463	409	431	420	383
AT3G61710	469	456	458	446	324	320
AT3G61715	0	0	0	0	0	0
AT3G61720	0	0	0	0	0	0
AT3G61723	0	0	0	0	0	0
AT3G61730	0	0	0	0	0	0
AT3G61740	270	272	238	216	212	237
AT3G61750	115	89	80	85	91	94
AT3G61755	0	0	0	0	0	0
AT3G61760	64	74	59	34	51	58
AT3G61770	337	290	252	238	218	223
AT3G61780	432	431	365	470	438	397
AT3G61790	391	400	371	358	374	368
AT3G61800	243	270	229	225	214	204
AT3G61810	0	0	0	0	0	0
AT3G61820	825	924	787	882	750	670
AT3G61825	0	0	0	0	0	0
AT3G61826	0	0	0	0	0	0
AT3G61829	0	0	0	0	0	0
AT3G61830	191	256	197	260	259	245
AT3G61840	4	5	6	5	7	7
AT3G61850	300	270	257	240	250	264
AT3G61860	709	716	711	655	659	666
AT3G61870	2773	2931	2332	2775	2571	2371
AT3G61880	87	76	69	25	39	27
AT3G61890	349	307	253	88	151	124
AT3G61897	4	2	7	1	9	5
AT3G61898	17	26	29	24	13	18
AT3G61900	28	11	20	17	9	21
AT3G61910	0	0	0	0	0	0
AT3G61920	2	3	3	5	6	4
AT3G61930	36	28	28	11	16	25
AT3G61940	1	0	0	1	1	0
AT3G61950	54	91	60	88	67	57
AT3G61960	543	579	514	429	470	431
AT3G61962	0	0	0	0	0	0
AT3G61970	26	42	31	32	38	33
AT3G61980	86	69	66	54	48	72
AT3G61990	613	505	450	349	292	372
AT3G62000	94	71	76	83	94	80
AT3G62010	1610	1692	1411	1220	1170	1394
AT3G62020	103	94	89	74	80	68
AT3G62030	3238	3429	2751	3582	3283	3036
AT3G62040	649	564	632	643	582	535
AT3G62050	31	14	26	23	27	24
AT3G62060	75	69	72	103	113	60
AT3G62070	47	40	43	53	64	71
AT3G62080	164	182	139	168	159	164
AT3G62090	24	15	26	27	20	29
AT3G62100	15	9	10	17	13	15
AT3G62110	336	388	380	473	430	373
AT3G62120	1866	1793	1762	1880	1696	1680
AT3G62130	355	409	365	372	352	369
AT3G62140	222	245	230	225	190	235
AT3G62150	806	779	914	571	822	792
AT3G62160	28	25	25	34	28	27
AT3G62170	0	0	0	0	0	0
AT3G62180	0	0	0	0	0	0
AT3G62190	305	291	266	277	235	230
AT3G62200	207	292	235	211	208	221
AT3G62210	12	14	15	10	19	14
AT3G62220	135	173	152	140	121	117
AT3G62230	0	0	0	0	0	0
AT3G62240	590	595	513	508	521	528
AT3G62245	0	0	0	0	0	0
AT3G62250	3330	2937	3045	3163	2633	2685
AT3G62260	313	383	257	117	146	185
AT3G62270	850	851	722	694	694	632
AT3G62280	42	35	53	56	58	44
AT3G62285	0	0	0	0	0	0
AT3G62290	6515	7225	6318	5808	5779	5331
AT3G62300	348	369	356	402	361	353
AT3G62310	910	929	797	816	825	777
AT3G62320	0	2	0	2	0	2
AT3G62330	422	431	369	362	327	350
AT3G62340	0	0	0	0	0	0
AT3G62350	0	0	0	0	0	0
AT3G62360	1851	1822	1696	1600	1597	1513
AT3G62370	297	319	285	248	241	228
AT3G62380	1	0	0	0	1	1
AT3G62390	200	198	207	208	233	168
AT3G62400	369	301	315	288	271	262
AT3G62410	2987	2598	1922	2360	2050	1983
AT3G62420	905	1048	875	762	889	1018
AT3G62430	6	10	6	2	10	7
AT3G62440	0	0	0	0	0	0
AT3G62450	235	192	204	213	180	206
AT3G62460	169	176	166	141	109	109
AT3G62470	48	65	66	53	50	40
AT3G62499	4	4	6	3	2	6
AT3G62500	38	38	32	37	12	20
AT3G62510	6	1	4	2	4	1
AT3G62528	0	0	0	0	1	0
AT3G62530	2001	1696	1890	1776	1846	1715
AT3G62540	1	0	1	0	0	1
AT3G62550	815	1056	833	1644	1389	1469
AT3G62560	405	371	375	311	331	303
AT3G62570	64	72	61	54	59	54
AT3G62580	621	705	631	541	628	567
AT3G62590	196	175	141	63	80	108
AT3G62600	1446	1730	1471	1219	1314	1242
AT3G62610	0	7	5	4	5	3
AT3G62615	0	0	0	0	0	0
AT3G62620	88	87	81	78	81	78
AT3G62630	334	296	237	400	333	290
AT3G62640	1	0	2	0	0	0
AT3G62650	681	693	685	621	635	555
AT3G62660	491	481	459	467	492	416
AT3G62670	0	0	0	0	0	0
AT3G62680	1897	897	1184	871	559	479
AT3G62690	67	74	63	79	72	76
AT3G62695	0	0	0	0	0	0
AT3G62700	1942	1926	1729	1840	1843	1749
AT3G62710	0	0	0	0	0	0
AT3G62720	389	713	502	353	493	662
AT3G62730	6	7	5	7	10	10
AT3G62735	0	0	0	0	0	0
AT3G62740	107	108	84	123	105	130
AT3G62750	1142	1551	1185	1586	1288	1205
AT3G62760	48	30	48	36	16	25
AT3G62770	456	449	414	368	387	369
AT3G62780	20	23	21	20	18	12
AT3G62790	332	307	300	290	318	320
AT3G62800	178	148	174	164	178	184
AT3G62810	237	227	219	221	216	168
AT3G62820	380	376	298	164	215	247
AT3G62830	980	845	818	735	679	660
AT3G62840	794	750	697	718	662	652
AT3G62850	0	1	0	1	0	0
AT3G62860	152	137	160	163	177	179
AT3G62870	4130	4147	4143	4130	4020	3792
AT3G62880	67	68	56	49	54	54
AT3G62890	42	45	35	40	32	52
AT3G62900	1091	1116	925	890	895	913
AT3G62910	350	346	295	446	358	345
AT3G62920	22	29	32	29	22	16
AT3G62930	22	20	34	59	39	47
AT3G62940	489	544	479	473	475	475
AT3G62950	9	11	16	16	11	17
AT3G62960	25	13	22	23	27	24
AT3G62970	235	243	162	205	245	194
AT3G62980	1176	1174	1031	1113	1065	1002
AT3G62990	3	4	6	4	2	1
AT3G63000	600	684	557	550	570	529
AT3G63003	0	0	0	0	0	0
AT3G63006	0	0	0	0	0	0
AT3G63010	512	438	421	314	336	321
AT3G63020	2	0	0	0	0	0
AT3G63030	178	171	148	122	117	133
AT3G63040	0	0	0	0	0	0
AT3G63050	9	10	6	2	1	8
AT3G63052	1	2	0	2	0	0
AT3G63060	20	21	10	6	3	10
AT3G63070	1013	910	829	752	783	768
AT3G63080	526	430	412	351	414	396
AT3G63088	4	2	3	7	4	7
AT3G63090	91	118	85	99	101	70
AT3G63093	0	1	0	0	0	0
AT3G63095	0	0	0	0	0	0
AT3G63110	85	78	81	131	100	80
AT3G63120	392	368	383	353	324	294
AT3G63130	402	431	401	474	440	383
AT3G63140	2022	2308	1681	2474	2197	1925
AT3G63150	770	789	699	706	699	667
AT3G63160	3691	3731	2785	4584	3432	3455
AT3G63170	422	514	401	527	463	458
AT3G63180	514	481	471	446	441	464
AT3G63190	1521	1700	1437	1832	1632	1587
AT3G63200	730	668	568	780	623	511
AT3G63210	753	694	718	593	569	549
AT3G63215	0	0	1	0	0	0
AT3G63220	141	104	125	118	107	87
AT3G63230	3	1	1	0	0	0
AT3G63240	183	137	121	149	127	131
AT3G63250	459	433	418	411	402	433
AT3G63255	0	0	0	0	0	0
AT3G63260	699	772	630	412	458	476
AT3G63270	194	204	192	141	139	146
AT3G63280	129	126	134	154	117	113
AT3G63290	44	45	56	59	56	50
AT3G63300	182	157	151	159	137	142
AT3G63310	919	966	886	640	730	707
AT3G63320	1	1	0	2	2	0
AT3G63340	782	842	725	700	683	691
AT3G63350	0	0	0	1	1	0
AT3G63360	0	1	3	0	0	0
AT3G63370	127	118	91	132	139	127
AT3G63375	2	4	1	5	3	3
AT3G63380	772	883	620	245	616	585
AT3G63390	206	202	184	188	186	181
AT3G63400	903	1127	953	896	928	855
AT3G63410	3495	3691	2979	3643	3263	2978
AT3G63420	169	202	176	119	158	144
AT3G63430	44	52	61	55	53	51
AT3G63440	2	1	1	1	2	4
AT3G63445	67	51	54	51	41	47
AT3G63450	147	157	176	231	205	177
AT3G63460	3164	3227	3019	2960	2925	2767
AT3G63470	57	57	38	30	25	30
AT3G63480	64	62	52	59	59	51
AT3G63490	4380	4484	3854	4992	4331	4099
AT3G63500	1540	1786	1567	1243	1282	1264
AT3G63510	232	325	266	298	273	275
AT3G63520	3873	4064	3421	3873	3643	3527
AT3G63530	148	152	101	112	89	110
AT3G63540	1079	914	834	1082	906	866
AT3G66652	129	133	124	135	113	144
AT3G66654	649	716	618	503	560	532
AT3G66656	1	0	0	0	0	0
AT3G66658	395	405	395	365	359	311
AT4G00005	0	0	0	0	0	0
AT4G00020	170	156	144	151	122	125
AT4G00026	352	390	371	355	319	313
AT4G00030	394	419	354	371	347	336
AT4G00040	514	497	436	440	441	372
AT4G00050	357	320	279	175	143	144
AT4G00060	804	873	784	723	729	699
AT4G00070	37	39	41	40	36	44
AT4G00080	121	112	122	108	108	88
AT4G00085	0	0	0	0	0	0
AT4G00090	502	508	470	432	422	407
AT4G00100	1642	1570	1511	1629	1467	1417
AT4G00110	97	87	83	88	74	75
AT4G00120	0	0	0	0	0	0
AT4G00130	10	2	1	2	3	3
AT4G00140	0	0	1	0	0	0
AT4G00150	389	388	277	301	264	305
AT4G00155	0	0	0	0	0	0
AT4G00160	0	0	0	0	0	0
AT4G00163	0	1	0	0	0	0
AT4G00165	7	4	4	6	0	4
AT4G00170	332	393	335	335	279	307
AT4G00180	399	373	314	394	330	279
AT4G00190	0	0	0	0	0	0
AT4G00200	73	66	59	59	57	46
AT4G00210	4	7	4	5	1	3
AT4G00220	17	22	20	22	18	10
AT4G00230	255	262	242	267	219	226
AT4G00231	188	231	215	185	210	185
AT4G00232	0	0	0	0	0	0
AT4G00234	0	0	0	0	0	0
AT4G00238	215	245	206	212	219	197
AT4G00240	118	161	133	91	100	102
AT4G00250	2	5	4	2	2	2
AT4G00260	0	0	0	0	0	0
AT4G00270	404	396	363	406	338	309
AT4G00280	0	0	0	0	0	0
AT4G00290	212	223	181	162	181	166
AT4G00295	0	0	0	0	0	0
AT4G00300	631	859	630	486	546	635
AT4G00305	8	1	3	6	4	3
AT4G00310	53	44	62	70	61	57
AT4G00315	0	0	0	0	0	0
AT4G00320	0	0	0	0	0	0
AT4G00330	778	951	813	432	551	522
AT4G00335	149	158	135	131	133	119
AT4G00340	684	721	662	717	668	610
AT4G00342	0	0	0	0	0	0
AT4G00350	1	1	0	1	0	0
AT4G00355	685	738	640	568	613	591
AT4G00360	463	681	510	373	477	423
AT4G00370	1302	1195	1034	1112	993	898
AT4G00380	98	120	99	53	59	52
AT4G00390	17	33	20	21	48	29
AT4G00400	212	281	260	333	281	270
AT4G00416	1	0	0	1	1	0
AT4G00420	217	263	227	216	212	219
AT4G00430	2347	2412	1967	1647	1542	1541
AT4G00440	859	1001	794	800	783	808
AT4G00450	1165	1104	999	989	1025	930
AT4G00460	48	37	38	41	36	29
AT4G00467	0	0	0	1	0	0
AT4G00480	186	193	140	197	124	154
AT4G00490	526	540	448	449	458	408
AT4G00500	546	594	431	273	274	301
AT4G00520	236	248	205	247	190	197
AT4G00525	19	24	13	19	16	17
AT4G00530	34	29	24	29	30	31
AT4G00540	0	0	0	0	0	0
AT4G00550	578	521	420	261	277	349
AT4G00560	232	241	171	217	184	217
AT4G00570	1586	1557	1455	1313	1218	1248
AT4G00580	1	1	0	4	2	4
AT4G00585	444	433	428	360	381	325
AT4G00590	99	98	65	74	64	69
AT4G00600	0	1	0	0	0	0
AT4G00610	0	0	0	0	0	0
AT4G00620	270	244	256	263	284	236
AT4G00630	1717	1945	1399	1315	1337	1436
AT4G00650	111	108	121	119	97	92
AT4G00651	1	0	1	1	1	1
AT4G00660	745	721	616	584	601	542
AT4G00670	176	154	164	124	112	93
AT4G00680	323	180	251	137	123	93
AT4G00690	27	30	31	34	31	37
AT4G00695	10	7	5	2	5	12
AT4G00700	310	290	240	113	139	153
AT4G00710	1125	1190	1078	1151	1096	924
AT4G00720	1466	1642	1426	1313	1295	1373
AT4G00730	1060	1090	1032	1103	1062	998
AT4G00740	731	765	686	654	590	601
AT4G00750	332	359	299	286	355	323
AT4G00752	255	274	246	277	258	248
AT4G00755	289	246	204	283	231	257
AT4G00760	196	187	161	201	188	173
AT4G00770	3	2	6	5	3	1
AT4G00780	1321	1732	1274	1658	1680	1774
AT4G00800	1358	1251	1090	1063	1137	1068
AT4G00810	758	647	676	718	662	635
AT4G00820	350	319	316	328	306	288
AT4G00830	1202	1267	1125	1140	1046	924
AT4G00840	118	143	93	102	107	105
AT4G00850	75	75	90	105	100	103
AT4G00860	905	875	751	686	644	652
AT4G00870	6	18	6	14	14	12
AT4G00872	0	0	0	0	0	0
AT4G00880	82	62	54	45	47	37
AT4G00883	0	0	0	0	0	0
AT4G00885	0	0	0	0	0	0
AT4G00889	0	0	0	0	0	0
AT4G00890	7	8	4	7	5	12
AT4G00893	2	1	2	1	3	3
AT4G00895	1511	1420	1322	1438	1506	1291
AT4G00900	986	999	769	523	575	712
AT4G00905	0	0	0	0	0	0
AT4G00910	9	21	18	11	13	28
AT4G00920	1	0	0	0	1	0
AT4G00925	0	0	0	0	0	0
AT4G00930	229	245	236	258	256	276
AT4G00940	135	100	102	111	112	90
AT4G00950	130	125	161	105	105	93
AT4G00953	0	0	0	0	0	0
AT4G00955	109	137	130	36	57	63
AT4G00960	26	15	17	7	7	6
AT4G00970	187	377	219	137	155	212
AT4G00975	0	2	1	1	1	1
AT4G00980	40	28	36	36	36	36
AT4G00985	0	0	0	0	0	0
AT4G00990	594	655	569	591	566	480
AT4G01000	1516	1661	1453	1269	1436	1342
AT4G01010	153	232	146	76	147	146
AT4G01020	175	191	180	168	132	169
AT4G01023	1	2	2	0	2	2
AT4G01026	139	187	162	159	173	164
AT4G01030	67	52	40	64	45	46
AT4G01037	586	614	620	587	652	562
AT4G01040	228	304	270	274	276	254
AT4G01050	4807	5643	4586	5059	4774	4245
AT4G01060	29	35	31	26	31	26
AT4G01070	1875	1537	1350	967	1012	1132
AT4G01080	42	56	38	16	16	44
AT4G01090	379	549	449	309	365	371
AT4G01100	1873	2096	1891	1742	1824	1696
AT4G01110	40	23	30	40	22	16
AT4G01120	434	508	419	360	393	380
AT4G01130	148	208	141	249	240	236
AT4G01140	28	19	19	22	12	9
AT4G01150	2466	2916	2214	2782	2655	2324
AT4G01160	0	0	1	0	1	0
AT4G01170	0	0	0	0	0	0
AT4G01180	0	0	0	0	1	0
AT4G01190	7	3	4	1	2	1
AT4G01200	34	47	22	24	22	22
AT4G01210	687	734	668	642	672	617
AT4G01220	131	130	126	114	125	131
AT4G01230	8	3	3	1	4	7
AT4G01240	27	22	19	26	13	11
AT4G01245	0	0	0	0	0	0
AT4G01250	113	206	221	151	204	168
AT4G01260	0	0	0	0	0	1
AT4G01270	47	44	40	40	34	33
AT4G01280	201	215	174	148	159	150
AT4G01290	2501	2529	2312	2188	2148	2165
AT4G01310	3513	3835	3312	3692	3537	3163
AT4G01320	676	687	644	587	576	651
AT4G01330	401	445	482	569	633	664
AT4G01335	2	3	6	11	3	5
AT4G01340	0	2	1	2	1	1
AT4G01350	215	179	225	143	133	164
AT4G01355	0	0	0	0	0	0
AT4G01360	57	84	39	8	21	45
AT4G01370	907	957	816	577	643	608
AT4G01380	0	0	0	0	0	0
AT4G01390	403	427	388	108	95	90
AT4G01395	577	566	504	520	509	504
AT4G01400	47	32	29	33	32	27
AT4G01410	84	73	83	75	74	74
AT4G01420	1	3	3	9	7	9
AT4G01430	192	181	102	62	65	98
AT4G01435	3	0	0	3	1	1
AT4G01440	167	157	155	134	143	138
AT4G01450	583	530	531	384	335	389
AT4G01460	143	158	162	214	171	133
AT4G01470	19	8	9	2	2	1
AT4G01480	1933	1561	1370	784	681	808
AT4G01500	3	2	3	2	2	3
AT4G01510	34	36	35	33	31	39
AT4G01516	0	0	0	0	0	0
AT4G01520	0	0	1	0	0	0
AT4G01533	9	13	15	5	6	6
AT4G01535	0	0	0	0	0	1
AT4G01540	199	195	164	131	169	164
AT4G01550	290	336	228	217	197	246
AT4G01560	443	464	463	466	411	428
AT4G01570	196	187	186	195	176	180
AT4G01575	0	0	0	0	0	0
AT4G01580	51	64	56	81	80	62
AT4G01590	521	527	478	475	460	459
AT4G01593	132	116	110	116	126	125
AT4G01595	0	0	0	0	0	0
AT4G01600	85	104	97	67	72	76
AT4G01610	3473	3588	3206	2371	2671	2912
AT4G01630	15	16	14	9	5	10
AT4G01640	0	0	0	0	0	0
AT4G01650	163	138	139	151	141	140
AT4G01660	516	446	461	424	425	403
AT4G01670	98	61	78	68	72	74
AT4G01671	0	0	0	0	0	0
AT4G01680	120	66	94	102	89	79
AT4G01690	1335	1390	1233	1362	1229	1277
AT4G01700	275	436	314	189	286	291
AT4G01703	0	0	0	0	0	0
AT4G01710	76	97	74	86	79	52
AT4G01720	276	400	363	287	326	294
AT4G01730	150	115	108	130	98	119
AT4G01735	1	1	2	1	0	1
AT4G01740	91	79	93	86	64	83
AT4G01750	385	406	441	273	301	321
AT4G01760	5	3	5	3	2	3
AT4G01770	42	36	32	32	21	16
AT4G01780	1	1	2	1	1	2
AT4G01790	45	58	54	40	54	44
AT4G01800	2643	2938	2275	2794	2588	2354
AT4G01810	850	946	837	807	797	766
AT4G01820	4	3	3	1	0	1
AT4G01830	51	17	19	9	3	3
AT4G01840	102	138	159	129	133	111
AT4G01850	4818	4765	4427	4457	4095	3801
AT4G01860	511	489	438	417	435	407
AT4G01865	0	0	0	0	0	0
AT4G01870	1590	2112	1454	1480	1769	2202
AT4G01880	149	141	129	131	129	150
AT4G01883	174	195	164	192	186	151
AT4G01890	3	1	0	0	1	0
AT4G01895	61	25	38	15	19	24
AT4G01897	87	105	82	97	90	105
AT4G01900	648	741	706	654	691	742
AT4G01910	107	95	103	80	100	94
AT4G01915	134	113	75	133	112	107
AT4G01920	80	58	77	58	87	87
AT4G01925	17	26	25	16	15	20
AT4G01930	8	10	4	12	13	10
AT4G01935	127	129	93	137	118	106
AT4G01940	568	637	482	575	562	545
AT4G01950	369	719	336	276	425	555
AT4G01960	406	466	424	396	409	343
AT4G01970	4	16	16	1	3	0
AT4G01985	5	5	1	0	0	4
AT4G01990	69	73	53	63	61	76
AT4G01995	266	283	233	255	253	198
AT4G02000	16	24	18	19	9	14
AT4G02005	47	71	50	50	37	37
AT4G02010	415	508	376	423	396	374
AT4G02020	738	822	751	647	639	589
AT4G02030	604	621	572	526	527	559
AT4G02040	1	0	0	0	0	0
AT4G02050	1066	1074	943	627	698	766
AT4G02055	0	0	0	0	0	0
AT4G02060	367	308	276	355	302	255
AT4G02070	303	298	260	288	239	246
AT4G02075	50	63	70	56	84	81
AT4G02080	809	786	735	764	665	685
AT4G02090	88	63	46	48	38	33
AT4G02100	252	204	232	207	199	207
AT4G02110	169	163	146	166	143	122
AT4G02120	726	731	675	686	725	739
AT4G02130	327	353	286	346	365	347
AT4G02140	6	3	1	3	2	3
AT4G02150	564	552	535	510	551	498
AT4G02160	3	1	2	1	0	1
AT4G02170	7	7	5	1	13	8
AT4G02180	28	26	31	27	31	34
AT4G02190	0	0	0	0	1	0
AT4G02195	162	159	145	141	146	151
AT4G02200	197	277	196	151	171	189
AT4G02210	99	103	82	113	93	85
AT4G02220	259	307	251	239	240	240
AT4G02230	875	860	933	953	858	838
AT4G02235	0	0	0	0	0	0
AT4G02250	0	0	0	0	0	0
AT4G02260	1191	1350	1047	1264	1241	1138
AT4G02270	1228	636	673	447	293	282
AT4G02280	255	215	185	74	91	92
AT4G02290	510	639	693	860	970	731
AT4G02300	0	0	0	0	0	0
AT4G02310	0	0	0	0	0	0
AT4G02320	7	2	4	5	3	1
AT4G02330	147	310	368	256	484	494
AT4G02340	419	558	411	453	425	467
AT4G02350	709	957	737	701	776	789
AT4G02360	35	37	21	30	20	58
AT4G02370	742	789	714	545	634	629
AT4G02380	1544	2045	1760	566	892	924
AT4G02390	216	171	187	149	140	122
AT4G02400	564	594	599	602	533	526
AT4G02405	212	207	211	140	156	152
AT4G02410	711	1100	610	413	430	437
AT4G02420	230	245	152	75	67	78
AT4G02425	93	88	78	82	59	54
AT4G02430	309	339	249	312	272	235
AT4G02440	325	316	255	315	256	281
AT4G02450	1238	1372	1217	1171	1179	1140
AT4G02460	182	182	151	166	142	180
AT4G02465	2	0	0	1	1	1
AT4G02480	3933	3986	3548	3464	3564	3442
AT4G02482	11	25	21	25	17	30
AT4G02485	58	57	42	48	51	42
AT4G02489	0	0	0	0	0	0
AT4G02500	1578	1748	1464	1397	1366	1327
AT4G02510	4918	5079	4568	5118	4744	4614
AT4G02520	243	198	195	104	116	124
AT4G02530	2011	2125	1701	2076	1900	1767
AT4G02540	539	537	504	460	479	511
AT4G02541	0	0	0	0	0	0
AT4G02550	173	273	209	181	241	220
AT4G02555	0	0	0	0	0	0
AT4G02560	535	548	529	529	524	518
AT4G02570	3632	3637	3314	3056	3163	3117
AT4G02580	1473	1356	1264	1286	1277	1177
AT4G02590	760	747	714	669	650	689
AT4G02600	332	352	334	265	328	325
AT4G02610	195	228	210	177	202	202
AT4G02620	619	605	581	583	596	590
AT4G02630	142	199	130	161	170	191
AT4G02640	936	1005	826	721	795	731
AT4G02650	15	11	12	4	2	3
AT4G02655	0	0	2	0	0	0
AT4G02660	162	137	130	119	121	119
AT4G02670	6	6	9	3	6	6
AT4G02680	724	762	641	759	648	662
AT4G02690	2	1	2	1	1	2
AT4G02700	48	37	37	51	42	30
AT4G02710	413	384	307	338	299	303
AT4G02715	871	926	775	899	809	730
AT4G02720	0	0	0	0	0	0
AT4G02725	415	498	397	414	431	396
AT4G02730	83	76	55	68	50	50
AT4G02733	0	0	0	0	0	0
AT4G02735	0	0	0	0	0	0
AT4G02740	332	334	268	304	292	281
AT4G02750	60	64	57	80	65	61
AT4G02760	201	195	176	207	161	168
AT4G02770	7352	9710	6615	9399	8244	7846
AT4G02780	6	5	7	3	5	3
AT4G02790	590	629	493	684	580	550
AT4G02800	169	155	150	205	177	163
AT4G02810	9	14	2	6	4	3
AT4G02820	165	209	169	143	187	159
AT4G02830	57	58	54	67	47	42
AT4G02840	424	445	422	407	365	325
AT4G02850	56	43	42	41	55	42
AT4G02860	469	499	433	399	405	447
AT4G02870	0	0	0	0	0	0
AT4G02880	414	445	438	433	507	447
AT4G02890	1808	1676	1494	1272	1318	1152
AT4G02900	109	115	114	118	116	84
AT4G02910	0	0	0	0	0	0
AT4G02920	2796	2761	2533	2310	2440	2048
AT4G02930	1312	1278	1294	1356	1242	1115
AT4G02940	1978	2015	1465	975	1042	1179
AT4G02950	1	0	0	0	0	0
AT4G02970	547	763	650	496	643	525
AT4G02980	224	261	233	192	231	212
AT4G02990	635	596	527	621	658	566
AT4G03000	606	609	582	528	546	478
AT4G03010	34	53	43	53	42	40
AT4G03020	1411	1225	1153	1133	1088	1068
AT4G03030	487	544	480	416	469	507
AT4G03038	3	3	1	0	0	0
AT4G03039	0	0	0	0	0	0
AT4G03040	0	1	1	0	0	0
AT4G03050	0	0	0	0	0	1
AT4G03070	84	61	53	64	64	67
AT4G03080	1093	1128	968	847	977	879
AT4G03090	305	262	230	299	270	272
AT4G03100	109	117	108	113	105	115
AT4G03110	409	387	405	361	388	355
AT4G03113	0	0	0	0	0	0
AT4G03115	78	105	82	99	80	78
AT4G03120	202	204	225	237	212	179
AT4G03130	14	7	15	21	18	11
AT4G03135	0	0	0	0	1	0
AT4G03140	41	31	22	23	31	30
AT4G03150	120	117	117	159	138	107
AT4G03153	0	0	0	0	0	0
AT4G03156	0	3	0	0	0	0
AT4G03157	0	0	0	0	0	0
AT4G03160	0	0	0	0	0	0
AT4G03165	0	0	0	0	0	0
AT4G03170	0	0	0	0	0	0
AT4G03175	0	1	1	0	0	1
AT4G03180	290	254	290	266	245	229
AT4G03190	314	278	310	341	289	301
AT4G03200	846	894	783	690	675	658
AT4G03205	226	247	216	357	264	271
AT4G03210	982	1475	1206	1273	1487	1554
AT4G03220	0	0	0	1	0	1
AT4G03230	187	182	161	178	169	173
AT4G03240	177	153	146	167	127	129
AT4G03250	141	128	106	109	104	108
AT4G03260	2449	2309	2137	1694	1715	1670
AT4G03270	33	49	36	48	35	33
AT4G03280	7801	7987	6345	7928	7454	6404
AT4G03285	0	0	0	0	0	0
AT4G03290	0	0	3	1	0	2
AT4G03292	2	4	5	9	1	7
AT4G03295	0	0	0	0	0	0
AT4G03298	0	1	1	3	1	1
AT4G03320	190	163	153	107	135	135
AT4G03330	63	33	42	29	22	13
AT4G03340	34	45	22	29	27	36
AT4G03350	0	0	0	0	0	0
AT4G03360	0	0	0	0	0	0
AT4G03370	0	0	0	0	0	0
AT4G03380	6	17	3	4	3	7
AT4G03390	821	851	715	875	864	829
AT4G03400	1122	1023	954	738	659	648
AT4G03405	0	0	0	0	0	0
AT4G03410	284	247	239	213	250	229
AT4G03415	503	586	522	644	615	590
AT4G03420	393	436	363	241	262	269
AT4G03430	1142	1191	1076	1018	1013	984
AT4G03435	0	0	0	0	0	0
AT4G03438	0	1	0	0	0	0
AT4G03440	48	56	60	62	43	47
AT4G03443	5	7	5	5	4	5
AT4G03445	7	6	8	4	7	7
AT4G03450	135	204	66	6	39	56
AT4G03455	0	0	0	0	0	0
AT4G03460	18	60	30	14	28	33
AT4G03470	1	4	2	3	1	2
AT4G03480	2	4	4	5	1	2
AT4G03490	33	29	25	21	10	19
AT4G03495	0	0	0	0	0	0
AT4G03500	27	32	15	19	21	15
AT4G03505	1	0	2	1	0	1
AT4G03510	349	332	372	469	417	366
AT4G03520	3369	3934	3176	3739	3403	3238
AT4G03525	0	0	0	0	1	0
AT4G03535	0	0	0	0	0	0
AT4G03540	32	40	48	38	62	43
AT4G03545	0	0	0	0	0	0
AT4G03550	813	767	723	706	732	729
AT4G03555	0	0	0	0	0	0
AT4G03560	1849	2009	1779	1815	1849	1705
AT4G03565	0	0	2	0	0	0
AT4G03566	0	0	0	0	0	0
AT4G03570	0	0	0	0	0	0
AT4G03575	0	0	0	0	0	0
AT4G03580	0	0	0	0	0	0
AT4G03585	0	0	0	0	0	0
AT4G03590	0	0	0	0	0	0
AT4G03595	3	2	1	2	2	0
AT4G03600	6	6	5	7	12	14
AT4G03605	0	0	0	0	0	0
AT4G03610	72	52	62	25	21	20
AT4G03620	0	0	0	0	0	0
AT4G03625	0	0	0	0	0	0
AT4G03630	0	0	0	0	0	0
AT4G03635	66	77	51	68	75	74
AT4G03645	0	0	0	0	0	0
AT4G03655	0	0	0	0	0	0
AT4G03665	0	0	0	0	0	0
AT4G03675	0	0	0	0	0	0
AT4G03685	0	0	0	0	0	0
AT4G03705	0	0	0	1	0	1
AT4G03715	0	0	0	0	0	0
AT4G03725	2	2	1	5	2	2
AT4G03728	0	0	0	0	0	0
AT4G03740	0	0	0	0	0	0
AT4G03755	5	4	5	4	6	3
AT4G03765	0	0	0	0	0	0
AT4G03785	0	0	0	0	0	0
AT4G03805	0	0	0	0	0	0
AT4G03811	3	4	1	5	3	3
AT4G03815	0	0	0	0	0	0
AT4G03820	220	236	220	201	206	208
AT4G03830	0	0	0	0	0	0
AT4G03845	2	1	1	0	1	2
AT4G03855	0	0	0	0	0	0
AT4G03875	0	1	0	1	0	0
AT4G03895	0	0	0	0	0	0
AT4G03905	0	2	0	0	1	2
AT4G03915	0	0	0	0	0	0
AT4G03925	0	0	1	0	0	0
AT4G03930	9	6	4	7	6	7
AT4G03935	26	32	22	21	28	34
AT4G03940	37	35	30	33	29	29
AT4G03945	0	0	0	0	0	0
AT4G03950	0	0	0	0	0	0
AT4G03955	0	0	0	0	0	0
AT4G03960	301	354	248	139	155	195
AT4G03965	9	24	11	11	8	10
AT4G03985	0	0	0	0	0	0
AT4G03995	0	0	0	0	0	0
AT4G04005	3	0	1	3	2	2
AT4G04015	1	2	3	11	4	1
AT4G04020	1495	2191	1557	816	921	853
AT4G04025	6	2	2	2	0	2
AT4G04030	0	0	0	0	0	0
AT4G04035	0	0	0	2	0	0
AT4G04040	1870	1816	1670	1486	1334	1466
AT4G04055	0	1	1	0	0	0
AT4G04065	0	0	0	0	0	0
AT4G04075	0	6	3	4	3	3
AT4G04077	0	0	0	0	0	0
AT4G04078	0	0	0	0	0	0
AT4G04080	0	0	0	0	0	0
AT4G04085	0	0	0	0	0	0
AT4G04090	0	0	0	0	0	0
AT4G04095	0	0	0	0	0	0
AT4G04110	0	0	0	1	0	0
AT4G04115	0	0	0	0	0	0
AT4G04125	0	0	0	0	0	0
AT4G04135	0	2	0	0	0	0
AT4G04180	89	129	90	78	104	99
AT4G04185	0	0	0	0	0	0
AT4G04190	51	63	51	54	57	52
AT4G04195	0	0	0	0	0	0
AT4G04200	200	177	197	207	169	175
AT4G04205	0	0	0	0	0	0
AT4G04210	585	517	460	400	389	362
AT4G04215	0	0	0	0	0	0
AT4G04220	0	0	0	0	1	0
AT4G04221	1	2	1	1	6	0
AT4G04223	2	1	12	4	3	11
AT4G04225	4	6	3	3	1	2
AT4G04235	1	0	0	0	0	0
AT4G04260	1	2	1	5	2	1
AT4G04265	0	0	0	0	0	0
AT4G04275	0	0	0	0	0	0
AT4G04285	0	0	0	0	0	0
AT4G04295	0	0	0	0	0	0
AT4G04305	0	0	0	0	0	0
AT4G04315	0	0	0	0	0	0
AT4G04320	489	505	411	391	413	436
AT4G04325	0	0	0	0	0	0
AT4G04330	573	875	641	907	765	667
AT4G04335	0	0	0	0	0	0
AT4G04340	1411	1733	1328	2037	1859	1693
AT4G04345	0	0	0	0	0	0
AT4G04350	736	701	635	801	784	686
AT4G04355	0	0	0	0	0	0
AT4G04360	47	46	31	32	41	30
AT4G04365	0	0	0	0	0	0
AT4G04370	120	157	109	155	124	127
AT4G04385	0	0	0	0	0	0
AT4G04402	0	0	0	0	0	0
AT4G04404	0	0	0	0	0	0
AT4G04415	0	0	0	1	0	0
AT4G04423	1	0	0	1	1	0
AT4G04425	0	0	1	1	0	0
AT4G04435	3	4	3	9	6	9
AT4G04445	6	7	3	2	1	1
AT4G04450	39	49	45	49	55	40
AT4G04455	0	0	0	0	0	0
AT4G04460	208	158	202	127	115	133
AT4G04465	1	0	1	0	0	1
AT4G04470	310	314	263	278	268	258
AT4G04475	1	1	0	0	2	0
AT4G04480	0	1	0	0	0	1
AT4G04485	1	0	2	0	0	0
AT4G04490	212	281	157	23	74	102
AT4G04500	14	18	18	5	3	15
AT4G04505	0	0	0	0	0	0
AT4G04510	7	11	12	0	4	4
AT4G04515	0	0	0	0	0	0
AT4G04535	0	0	0	0	0	0
AT4G04540	7	14	2	0	1	7
AT4G04555	0	0	0	0	0	0
AT4G04565	4	0	5	2	0	1
AT4G04570	591	872	717	327	509	587
AT4G04580	0	0	0	0	0	0
AT4G04585	0	0	0	0	0	0
AT4G04601	0	0	0	0	0	0
AT4G04605	1	1	0	0	0	0
AT4G04610	2922	2915	2150	2242	1971	2343
AT4G04614	231	260	203	251	218	218
AT4G04615	0	1	0	0	0	0
AT4G04620	353	350	325	82	82	94
AT4G04625	0	0	0	0	0	0
AT4G04630	78	84	78	122	105	105
AT4G04632	0	0	0	0	0	0
AT4G04640	9014	9853	7795	9445	8769	8176
AT4G04645	0	0	0	0	0	0
AT4G04650	0	0	0	0	0	0
AT4G04665	0	0	0	0	0	0
AT4G04670	213	195	215	216	206	189
AT4G04675	2	2	1	0	0	1
AT4G04680	0	2	3	0	2	1
AT4G04690	0	0	0	0	0	0
AT4G04695	229	222	200	115	159	156
AT4G04700	182	233	177	134	129	133
AT4G04710	19	8	20	4	5	4
AT4G04720	939	1100	924	840	950	919
AT4G04730	0	0	0	0	0	0
AT4G04740	814	887	712	580	697	677
AT4G04745	28	35	25	19	13	19
AT4G04750	144	181	136	168	169	147
AT4G04755	0	0	0	0	0	0
AT4G04760	18	11	7	9	11	14
AT4G04765	0	0	0	0	0	0
AT4G04770	3308	3484	2729	2249	2311	2129
AT4G04775	0	0	0	0	0	0
AT4G04780	167	164	155	167	168	123
AT4G04785	0	0	0	0	0	0
AT4G04790	66	68	72	68	72	80
AT4G04795	0	0	0	0	0	0
AT4G04800	368	374	331	308	271	334
AT4G04805	0	0	0	0	0	0
AT4G04810	52	48	44	46	37	70
AT4G04815	0	0	0	0	0	0
AT4G04825	0	0	0	0	0	0
AT4G04830	930	736	730	647	486	692
AT4G04835	3	4	1	3	2	2
AT4G04840	241	234	170	95	113	147
AT4G04850	722	739	496	560	519	512
AT4G04855	0	0	0	0	1	0
AT4G04860	246	240	198	213	229	210
AT4G04865	2	2	1	2	7	5
AT4G04870	103	84	95	108	95	79
AT4G04875	0	0	0	0	0	0
AT4G04880	144	116	112	128	125	159
AT4G04885	446	439	369	432	384	381
AT4G04890	1180	1259	1140	1424	1347	1098
AT4G04895	0	0	0	1	0	0
AT4G04900	30	41	26	30	23	18
AT4G04905	0	0	0	0	0	0
AT4G04910	958	996	951	1002	965	922
AT4G04920	779	833	812	714	682	643
AT4G04925	72	85	90	84	87	76
AT4G04930	2	2	2	4	1	0
AT4G04940	222	233	229	236	213	206
AT4G04945	0	0	0	0	0	0
AT4G04950	547	538	466	516	499	466
AT4G04955	475	517	516	540	521	448
AT4G04957	0	0	0	0	0	0
AT4G04960	425	573	525	371	390	469
AT4G04965	0	0	0	0	0	0
AT4G04970	428	396	329	364	331	364
AT4G04972	14	7	13	4	11	10
AT4G04975	1	0	0	2	0	1
AT4G04980	0	2	0	0	0	0
AT4G04985	0	0	0	0	0	0
AT4G04990	194	77	129	89	83	114
AT4G04995	0	2	0	0	0	1
AT4G05000	231	254	212	210	199	194
AT4G05005	0	0	0	0	0	0
AT4G05010	122	116	90	68	56	73
AT4G05015	0	0	0	0	0	0
AT4G05018	4	2	4	0	1	5
AT4G05020	857	857	623	384	437	511
AT4G05025	0	0	0	0	0	0
AT4G05030	4	3	2	0	1	3
AT4G05040	201	205	142	164	158	175
AT4G05045	0	0	0	0	0	0
AT4G05048	0	0	0	0	0	0
AT4G05050	5228	5884	4516	3847	4036	4097
AT4G05055	0	0	0	0	0	0
AT4G05060	254	272	276	234	253	255
AT4G05065	0	0	0	0	0	0
AT4G05070	1008	1134	989	1009	1041	873
AT4G05071	1	1	1	1	1	2
AT4G05075	0	0	0	0	0	0
AT4G05080	0	0	0	0	0	0
AT4G05085	0	0	0	0	0	0
AT4G05090	240	249	207	231	205	202
AT4G05091	1	1	1	0	0	0
AT4G05095	0	0	0	3	2	0
AT4G05097	1	0	0	1	3	2
AT4G05100	63	61	50	46	38	36
AT4G05105	2	3	1	1	1	1
AT4G05110	36	38	28	19	26	17
AT4G05115	0	0	0	0	0	0
AT4G05120	90	93	95	90	88	81
AT4G05125	0	0	0	0	0	0
AT4G05130	22	23	23	30	34	22
AT4G05135	0	0	0	0	0	0
AT4G05140	0	0	0	0	0	0
AT4G05150	1454	1914	1536	1578	1775	1721
AT4G05155	0	1	2	0	2	0
AT4G05160	815	861	807	718	764	822
AT4G05170	19	5	8	8	6	5
AT4G05180	7754	11892	7668	10717	9663	9433
AT4G05190	293	334	273	294	250	233
AT4G05200	251	202	219	180	186	193
AT4G05205	0	0	0	0	0	0
AT4G05210	14	18	24	21	23	25
AT4G05215	0	0	0	0	0	0
AT4G05220	0	0	0	0	0	0
AT4G05225	0	0	0	0	0	0
AT4G05230	0	0	0	0	0	0
AT4G05235	0	0	0	0	0	0
AT4G05240	0	0	0	0	0	0
AT4G05245	0	0	0	0	0	0
AT4G05250	0	0	0	0	0	0
AT4G05255	0	1	0	1	3	0
AT4G05260	0	0	0	0	0	0
AT4G05270	0	0	0	0	0	0
AT4G05275	6	7	3	0	0	2
AT4G05285	0	0	0	0	0	0
AT4G05295	1	3	0	1	0	0
AT4G05305	0	0	0	0	0	0
AT4G05310	0	0	0	0	0	0
AT4G05315	0	2	2	0	0	4
AT4G05320	20703	19962	18455	14260	15415	15290
AT4G05330	134	160	119	174	157	160
AT4G05335	0	1	2	0	0	1
AT4G05340	0	0	0	0	0	0
AT4G05350	0	0	0	0	0	0
AT4G05355	0	0	0	0	0	0
AT4G05360	0	2	0	0	0	0
AT4G05365	0	1	0	0	0	0
AT4G05375	0	0	1	0	0	0
AT4G05380	2	2	4	1	3	1
AT4G05385	0	0	0	0	0	0
AT4G05390	651	629	645	650	672	613
AT4G05395	0	0	0	0	0	0
AT4G05400	288	287	243	271	228	238
AT4G05405	1	1	0	1	0	1
AT4G05410	295	348	321	274	303	295
AT4G05415	0	0	0	0	0	0
AT4G05420	1327	1385	1248	1140	1237	1134
AT4G05425	2	0	0	0	0	2
AT4G05430	4	7	7	15	9	13
AT4G05435	0	0	1	1	0	0
AT4G05440	138	123	149	127	123	124
AT4G05445	0	0	0	0	0	0
AT4G05450	130	133	111	109	132	105
AT4G05455	0	0	0	0	0	0
AT4G05460	151	187	134	156	159	148
AT4G05465	0	0	0	0	0	0
AT4G05470	0	0	1	4	2	3
AT4G05475	0	0	0	1	0	0
AT4G05485	0	0	0	0	0	0
AT4G05490	0	0	0	0	0	0
AT4G05497	5	6	3	2	0	3
AT4G05508	0	0	0	0	0	0
AT4G05520	183	187	170	213	169	166
AT4G05523	0	0	0	1	0	0
AT4G05525	1	3	1	0	1	1
AT4G05530	666	657	557	513	530	537
AT4G05535	1	0	0	0	1	0
AT4G05540	1	1	1	0	0	2
AT4G05545	0	0	0	0	0	0
AT4G05553	0	0	0	0	0	0
AT4G05555	0	0	0	0	0	0
AT4G05565	1	0	0	0	0	0
AT4G05590	219	190	166	114	121	125
AT4G05605	0	0	0	0	0	0
AT4G05612	0	0	0	0	0	0
AT4G05615	0	0	0	0	0	0
AT4G05620	0	0	0	0	0	0
AT4G05625	0	0	0	0	0	0
AT4G05630	0	0	0	0	0	0
AT4G05631	60	65	60	72	48	60
AT4G05632	0	0	0	0	0	0
AT4G05645	0	0	0	0	0	0
AT4G05650	1	5	4	6	1	8
AT4G05655	0	0	0	0	0	0
AT4G05660	0	0	0	0	0	0
AT4G05665	0	0	0	0	0	0
AT4G05670	0	0	0	0	0	0
AT4G05675	0	0	0	0	0	0
AT4G05680	0	0	0	0	0	0
AT4G05685	19	13	22	18	16	12
AT4G05690	0	0	0	3	0	1
AT4G05695	0	0	0	0	0	0
AT4G05700	0	0	0	0	0	0
AT4G05705	0	0	0	0	0	0
AT4G05710	0	0	0	0	0	0
AT4G05715	1	0	0	0	0	0
AT4G05720	0	0	0	0	0	0
AT4G05730	0	0	0	1	0	0
AT4G05735	0	0	0	0	0	0
AT4G05740	0	0	0	0	0	0
AT4G05745	0	0	0	2	1	0
AT4G05750	0	0	0	0	0	0
AT4G05755	0	0	0	0	0	0
AT4G05760	0	1	0	0	0	1
AT4G05765	0	0	0	0	0	0
AT4G05770	0	0	0	0	0	0
AT4G05775	0	0	0	0	1	0
AT4G05780	3	0	2	2	1	1
AT4G05785	0	0	2	0	0	1
AT4G05790	0	0	0	0	0	0
AT4G05795	0	0	0	0	0	0
AT4G05800	0	0	0	0	0	0
AT4G05805	0	0	0	0	0	0
AT4G05810	1	0	0	0	1	0
AT4G05815	0	0	0	0	0	0
AT4G05840	4	1	4	4	5	4
AT4G05845	0	0	0	0	0	0
AT4G05850	0	0	0	0	0	0
AT4G05855	0	0	0	0	0	0
AT4G05860	0	0	0	0	0	0
AT4G05865	0	0	0	0	0	0
AT4G05870	0	0	0	0	0	0
AT4G05875	0	0	0	0	0	0
AT4G05880	0	0	0	0	0	1
AT4G05885	0	0	0	0	0	0
AT4G05890	0	0	0	0	0	0
AT4G05895	0	0	0	0	0	0
AT4G05900	0	0	0	0	0	0
AT4G05905	21	12	10	6	8	10
AT4G05910	0	0	0	0	0	0
AT4G05915	2	0	0	0	0	0
AT4G05920	0	0	0	0	0	0
AT4G05925	0	0	0	0	0	0
AT4G05930	0	0	0	0	0	0
AT4G05935	0	0	0	0	0	0
AT4G05940	0	0	0	0	0	0
AT4G05945	0	0	0	0	0	0
AT4G05950	0	0	0	0	0	0
AT4G05965	0	0	0	0	0	0
AT4G05970	0	0	0	0	0	0
AT4G05975	0	0	0	0	0	0
AT4G05980	0	0	0	0	0	0
AT4G05985	0	0	0	0	0	0
AT4G05990	0	0	0	0	0	0
AT4G05995	1	0	0	0	1	0
AT4G06000	0	1	0	0	0	0
AT4G06005	0	0	0	0	0	0
AT4G06010	0	0	0	1	0	0
AT4G06015	0	0	0	0	0	0
AT4G06045	0	0	0	0	0	0
AT4G06050	0	0	0	0	0	0
AT4G06055	0	0	0	0	0	0
AT4G06060	7	7	4	9	12	7
AT4G06065	4	2	2	3	5	1
AT4G06070	0	0	0	0	0	0
AT4G06075	61	77	67	57	61	55
AT4G06080	4	2	4	6	1	8
AT4G06085	2	0	1	0	1	5
AT4G06090	0	0	0	0	0	0
AT4G06095	0	0	0	0	0	0
AT4G06105	0	0	0	0	0	0
AT4G06110	0	0	0	0	0	0
AT4G06115	6	11	4	11	11	10
AT4G06130	0	0	0	0	0	0
AT4G06135	0	0	0	0	0	0
AT4G06140	0	0	0	0	0	0
AT4G06145	0	0	0	0	0	0
AT4G06155	0	0	0	0	1	0
AT4G06160	0	1	1	0	0	2
AT4G06165	0	0	0	0	0	0
AT4G06170	0	0	0	0	0	0
AT4G06175	0	0	0	0	0	0
AT4G06185	0	0	0	0	0	0
AT4G06195	3	9	8	8	10	4
AT4G06200	0	0	0	0	0	0
AT4G06205	0	1	0	0	0	1
AT4G06210	0	0	0	0	0	0
AT4G06215	0	0	0	0	0	0
AT4G06225	1	0	3	1	1	1
AT4G06235	1	0	0	0	1	0
AT4G06240	0	0	0	0	0	0
AT4G06245	0	0	0	0	0	0
AT4G06250	0	0	1	0	2	0
AT4G06255	0	0	1	0	0	2
AT4G06260	0	0	1	0	0	0
AT4G06265	0	3	4	4	2	2
AT4G06280	0	0	0	0	0	0
AT4G06285	0	0	0	0	0	0
AT4G06290	0	0	0	0	0	0
AT4G06295	0	0	0	0	0	0
AT4G06300	0	0	0	0	0	0
AT4G06305	0	0	0	1	1	1
AT4G06310	1	0	0	0	0	0
AT4G06315	0	0	0	0	0	0
AT4G06320	2	0	1	0	0	1
AT4G06330	1	0	0	0	2	0
AT4G06335	0	0	0	0	0	0
AT4G06340	3	0	1	4	1	3
AT4G06345	0	0	0	0	0	0
AT4G06365	0	0	0	0	0	0
AT4G06370	0	0	0	0	0	0
AT4G06375	0	0	0	0	0	0
AT4G06380	0	0	0	0	0	0
AT4G06385	0	0	0	0	0	0
AT4G06390	0	0	0	0	0	0
AT4G06395	0	1	0	0	1	0
AT4G06400	0	0	0	0	0	0
AT4G06405	0	0	0	0	0	0
AT4G06410	7	6	10	7	5	3
AT4G06415	0	0	0	0	0	0
AT4G06425	0	0	0	0	0	0
AT4G06440	0	0	0	0	0	0
AT4G06445	0	0	0	0	0	0
AT4G06450	0	0	0	0	0	0
AT4G06455	0	0	0	0	0	0
AT4G06460	0	0	0	0	0	0
AT4G06479	0	0	0	0	0	0
AT4G06490	0	0	0	0	0	0
AT4G06526	0	0	0	0	0	0
AT4G06534	39	25	33	37	23	27
AT4G06536	18	11	10	11	10	13
AT4G06583	0	0	0	0	0	0
AT4G06598	81	72	62	72	77	65
AT4G06599	438	426	375	387	324	369
AT4G06634	297	271	261	273	301	311
AT4G06639	0	0	0	0	0	0
AT4G06643	0	0	0	0	0	0
AT4G06655	0	0	0	0	0	0
AT4G06665	0	0	0	0	0	0
AT4G06675	0	0	0	0	0	0
AT4G06676	218	208	181	175	159	185
AT4G06685	0	0	0	0	0	0
AT4G06688	0	0	0	0	0	0
AT4G06695	2	0	1	3	1	1
AT4G06701	74	66	56	65	65	62
AT4G06705	0	0	0	0	0	0
AT4G06715	0	0	0	0	0	0
AT4G06725	0	0	0	0	0	0
AT4G06744	707	617	661	560	594	607
AT4G06745	0	0	0	0	0	0
AT4G06746	52	40	36	29	46	22
AT4G06755	0	1	0	0	0	0
AT4G06760	0	0	0	0	0	0
AT4G06765	0	0	0	0	0	0
AT4G06770	7	2	2	6	4	2
AT4G06775	8	16	13	10	8	5
AT4G06780	0	1	0	0	0	0
AT4G06785	0	0	0	0	0	0
AT4G06795	0	0	0	0	0	0
AT4G06800	0	0	0	0	0	0
AT4G06805	0	0	0	0	0	0
AT4G06810	0	0	0	1	0	1
AT4G06815	0	0	0	1	0	0
AT4G06820	1	2	0	1	0	0
AT4G06825	0	0	0	0	0	0
AT4G06830	0	0	0	0	0	0
AT4G06835	1	1	2	3	1	4
AT4G06845	0	0	0	0	0	0
AT4G06850	0	0	0	0	0	1
AT4G06855	0	0	0	0	0	0
AT4G06860	0	0	0	0	0	0
AT4G06865	0	0	0	0	0	0
AT4G06870	0	0	0	0	0	0
AT4G06875	0	0	0	0	0	0
AT4G06880	12	19	24	13	15	15
AT4G06885	0	0	0	0	0	0
AT4G06890	0	0	0	0	0	0
AT4G06895	0	0	0	0	0	0
AT4G06900	0	0	0	0	0	0
AT4G06905	0	0	0	0	0	0
AT4G06910	0	1	0	0	0	0
AT4G06915	0	0	0	0	0	1
AT4G06920	0	0	0	0	0	0
AT4G06925	0	0	0	0	0	1
AT4G06930	0	0	0	0	0	0
AT4G06935	8	12	4	2	1	1
AT4G06945	0	0	0	0	0	0
AT4G06950	0	0	0	0	0	0
AT4G06955	3	0	0	0	0	2
AT4G06960	0	0	0	0	0	0
AT4G06965	0	0	0	0	0	0
AT4G06970	0	0	0	0	0	0
AT4G06975	0	0	1	0	0	0
AT4G06980	11	11	6	11	10	13
AT4G06985	0	0	0	0	0	0
AT4G06990	0	0	0	0	0	0
AT4G06995	0	0	0	0	0	0
AT4G07000	0	0	0	0	0	0
AT4G07005	0	0	0	0	0	0
AT4G07010	0	0	0	0	0	0
AT4G07015	1	0	0	0	0	0
AT4G07020	0	0	0	0	0	0
AT4G07025	0	0	0	0	0	0
AT4G07030	0	0	0	0	0	0
AT4G07040	0	0	0	0	0	0
AT4G07045	0	0	0	0	0	0
AT4G07050	0	0	1	0	0	0
AT4G07055	0	0	0	0	0	0
AT4G07060	0	0	0	0	0	0
AT4G07065	0	0	0	0	0	0
AT4G07070	0	2	0	0	1	1
AT4G07075	0	0	0	0	0	0
AT4G07080	0	0	0	0	0	0
AT4G07085	0	0	0	1	0	0
AT4G07090	0	0	0	0	0	0
AT4G07095	0	0	0	0	0	0
AT4G07100	0	0	0	0	0	0
AT4G07105	0	0	0	0	0	0
AT4G07110	0	0	0	0	0	0
AT4G07115	0	0	0	0	0	0
AT4G07120	0	0	0	0	0	0
AT4G07125	0	0	0	0	0	0
AT4G07130	0	0	0	0	0	0
AT4G07135	0	0	0	0	0	0
AT4G07145	0	0	0	1	0	0
AT4G07150	0	0	0	0	0	0
AT4G07160	0	0	0	0	0	0
AT4G07165	0	0	0	0	0	0
AT4G07170	5	3	0	4	5	1
AT4G07175	0	0	0	0	0	0
AT4G07180	0	1	0	0	0	0
AT4G07185	0	0	0	0	0	0
AT4G07190	0	1	0	0	0	0
AT4G07195	8	4	3	5	7	10
AT4G07200	2	1	2	0	2	2
AT4G07205	14	9	5	8	10	5
AT4G07210	1	0	0	0	1	0
AT4G07215	0	0	0	0	1	0
AT4G07220	0	0	0	0	0	0
AT4G07225	0	0	0	0	0	0
AT4G07230	0	0	0	0	0	1
AT4G07235	0	0	0	0	0	1
AT4G07240	0	0	0	0	0	0
AT4G07245	0	0	0	0	0	0
AT4G07250	0	0	0	0	0	0
AT4G07255	0	0	0	0	0	0
AT4G07260	0	0	0	0	0	0
AT4G07265	0	0	0	0	0	0
AT4G07270	0	0	0	0	0	0
AT4G07275	0	0	0	0	0	0
AT4G07280	0	0	0	0	0	0
AT4G07285	0	0	0	0	0	0
AT4G07290	3	0	0	0	0	1
AT4G07295	0	0	0	0	0	0
AT4G07300	0	0	0	0	0	0
AT4G07305	0	0	0	0	0	0
AT4G07325	0	0	0	0	0	0
AT4G07335	0	0	0	0	0	0
AT4G07345	0	0	0	0	0	0
AT4G07350	0	0	0	0	0	0
AT4G07365	4	7	4	6	1	2
AT4G07375	0	0	0	0	0	0
AT4G07380	0	0	0	0	0	0
AT4G07385	4	6	4	5	3	0
AT4G07390	457	478	462	451	445	418
AT4G07395	0	2	0	0	1	0
AT4G07400	51	46	61	61	44	57
AT4G07405	0	0	0	0	0	0
AT4G07408	0	0	0	0	0	0
AT4G07410	1000	1084	943	1001	977	876
AT4G07445	0	0	0	0	0	0
AT4G07455	58	71	68	91	62	70
AT4G07465	0	0	0	0	0	0
AT4G07505	0	0	0	0	0	0
AT4G07515	0	0	0	0	0	0
AT4G07524	0	0	0	0	0	0
AT4G07526	0	0	0	0	0	0
AT4G07535	0	0	1	0	0	0
AT4G07545	0	0	0	0	1	0
AT4G07565	0	0	0	0	0	0
AT4G07575	0	0	0	0	0	0
AT4G07625	4	2	0	2	2	1
AT4G07635	0	0	0	0	0	0
AT4G07645	0	0	0	0	0	0
AT4G07655	0	0	0	0	0	0
AT4G07665	0	0	0	0	0	0
AT4G07666	0	0	0	0	0	0
AT4G07670	0	0	0	0	0	0
AT4G07675	0	0	0	1	0	0
AT4G07715	0	0	0	0	0	0
AT4G07735	3	3	3	1	2	4
AT4G07740	0	0	0	0	0	0
AT4G07745	0	1	0	0	0	0
AT4G07765	0	0	0	0	0	0
AT4G07775	0	0	0	0	0	0
AT4G07785	0	0	0	0	0	0
AT4G07805	0	0	0	0	0	0
AT4G07815	3	2	0	1	1	5
AT4G07820	29	48	31	27	60	49
AT4G07825	362	384	409	435	384	379
AT4G07835	0	0	0	0	0	0
AT4G07845	0	0	0	0	0	0
AT4G07855	3	3	5	1	2	6
AT4G07865	0	0	0	0	0	0
AT4G07868	0	0	1	0	0	0
AT4G07875	0	0	0	0	0	0
AT4G07895	0	0	0	0	0	0
AT4G07905	0	0	0	0	0	0
AT4G07925	0	0	0	0	0	0
AT4G07932	0	0	0	0	0	0
AT4G07940	6	8	8	15	14	7
AT4G07950	157	132	162	125	122	115
AT4G07955	0	0	0	0	0	0
AT4G07960	158	76	97	60	46	31
AT4G07965	0	0	0	0	0	0
AT4G07975	4	4	3	4	3	1
AT4G07985	0	0	0	0	0	0
AT4G07990	321	316	277	238	247	245
AT4G07995	3	8	10	9	16	8
AT4G08005	0	0	0	0	0	0
AT4G08015	0	0	0	0	0	0
AT4G08025	0	0	0	0	0	0
AT4G08028	0	0	0	0	0	0
AT4G08035	352	401	344	404	363	325
AT4G08039	0	0	0	0	0	0
AT4G08040	12	33	26	42	63	52
AT4G08045	0	1	0	1	0	0
AT4G08055	0	0	0	0	0	0
AT4G08065	0	0	0	0	0	0
AT4G08075	0	0	0	1	0	0
AT4G08085	0	0	0	0	0	0
AT4G08097	0	0	0	0	0	0
AT4G08116	0	0	0	0	0	0
AT4G08125	1	1	0	4	1	0
AT4G08140	0	0	1	0	1	0
AT4G08150	207	218	181	219	218	226
AT4G08155	0	0	0	0	0	0
AT4G08160	157	160	141	147	121	131
AT4G08165	2	0	0	0	0	0
AT4G08170	195	192	168	155	164	202
AT4G08175	1	0	2	1	0	3
AT4G08180	601	618	537	524	492	543
AT4G08185	0	0	0	0	0	0
AT4G08190	0	0	0	0	0	0
AT4G08195	0	0	0	0	0	0
AT4G08205	0	0	0	0	0	0
AT4G08210	9	16	15	11	14	13
AT4G08215	0	0	0	0	0	0
AT4G08225	6	6	4	3	6	4
AT4G08230	387	460	398	317	374	339
AT4G08235	1	0	1	0	0	0
AT4G08240	116	101	90	88	89	82
AT4G08245	1	4	1	0	0	2
AT4G08250	9	8	4	9	10	4
AT4G08255	0	0	0	0	0	0
AT4G08260	0	0	0	0	0	0
AT4G08263	0	0	0	0	0	0
AT4G08265	0	0	0	1	0	0
AT4G08267	0	0	0	0	0	0
AT4G08270	0	0	0	0	0	0
AT4G08280	421	471	385	429	396	400
AT4G08285	0	0	0	0	0	0
AT4G08290	414	451	280	181	189	304
AT4G08295	3	0	1	1	0	0
AT4G08300	140	223	139	79	62	101
AT4G08305	1	1	3	7	0	2
AT4G08310	572	641	579	569	523	571
AT4G08315	0	0	0	0	0	0
AT4G08320	296	319	261	220	251	260
AT4G08325	0	0	0	0	0	0
AT4G08330	90	135	114	91	111	132
AT4G08335	0	0	0	0	0	0
AT4G08345	0	0	0	0	0	0
AT4G08350	1481	1467	1310	1335	1267	1262
AT4G08355	0	0	0	0	0	0
AT4G08360	2	1	2	0	1	2
AT4G08365	0	0	0	0	0	0
AT4G08370	0	0	0	0	0	0
AT4G08380	0	0	0	0	0	0
AT4G08385	0	0	0	0	0	0
AT4G08390	2177	2016	1997	1774	1735	1740
AT4G08395	0	0	0	0	0	0
AT4G08400	193	113	166	175	116	106
AT4G08406	0	0	0	0	0	0
AT4G08410	331	181	253	260	139	130
AT4G08415	0	0	0	0	0	0
AT4G08425	0	0	0	0	0	0
AT4G08430	0	0	0	0	0	0
AT4G08435	0	0	0	0	0	0
AT4G08445	0	0	0	0	0	0
AT4G08450	18	9	15	7	7	12
AT4G08455	89	88	84	118	75	77
AT4G08460	762	632	697	663	598	621
AT4G08465	0	0	1	0	0	0
AT4G08470	982	1215	942	506	748	655
AT4G08475	0	0	0	0	0	0
AT4G08480	506	574	467	379	445	410
AT4G08485	0	0	0	0	0	0
AT4G08495	0	0	0	0	0	0
AT4G08500	451	612	444	361	474	528
AT4G08505	8	9	6	11	11	9
AT4G08510	201	208	188	157	171	173
AT4G08515	0	0	0	0	0	0
AT4G08520	767	798	707	714	712	684
AT4G08525	0	0	0	0	0	0
AT4G08530	0	0	0	0	0	0
AT4G08535	4	6	4	12	8	9
AT4G08540	378	410	374	394	305	344
AT4G08545	0	1	0	1	0	1
AT4G08550	2	2	1	4	0	0
AT4G08555	142	268	168	55	100	122
AT4G08560	0	0	0	0	0	0
AT4G08565	0	0	0	0	0	0
AT4G08570	22	17	25	40	26	21
AT4G08575	0	0	0	0	0	0
AT4G08580	295	314	239	226	209	204
AT4G08585	0	0	0	0	0	0
AT4G08590	65	91	68	77	78	72
AT4G08593	0	0	0	0	0	0
AT4G08595	0	0	1	0	0	0
AT4G08615	0	0	0	0	1	1
AT4G08620	45	30	30	34	23	27
AT4G08625	1	1	1	2	3	1
AT4G08630	0	0	0	0	0	0
AT4G08635	0	0	0	0	0	0
AT4G08640	0	0	0	0	0	0
AT4G08665	0	0	0	0	0	0
AT4G08670	0	0	0	0	0	0
AT4G08685	328	359	340	348	376	280
AT4G08690	365	394	335	349	307	297
AT4G08691	0	0	0	0	1	0
AT4G08700	87	112	94	114	107	84
AT4G08705	13	11	8	16	9	10
AT4G08715	0	0	0	0	0	0
AT4G08725	0	0	0	0	0	0
AT4G08730	0	0	0	0	0	0
AT4G08740	0	0	0	0	0	0
AT4G08755	3	2	1	1	1	0
AT4G08760	0	0	0	0	0	0
AT4G08770	1549	1330	1232	537	950	726
AT4G08775	0	0	0	0	0	0
AT4G08780	142	163	148	128	169	154
AT4G08785	8	10	5	3	5	7
AT4G08790	73	78	58	99	88	84
AT4G08795	0	0	0	0	0	0
AT4G08800	0	0	0	0	0	0
AT4G08805	0	1	0	2	0	0
AT4G08810	805	863	807	725	727	695
AT4G08815	0	0	0	0	0	0
AT4G08825	0	4	0	0	3	3
AT4G08835	1	0	2	1	1	4
AT4G08840	0	0	0	0	0	0
AT4G08845	0	0	0	0	0	0
AT4G08850	3155	5254	4430	2558	3671	3345
AT4G08855	0	0	0	0	0	0
AT4G08865	0	0	0	0	0	0
AT4G08867	0	0	0	0	0	0
AT4G08868	5	3	2	1	0	0
AT4G08869	0	0	0	0	0	0
AT4G08870	1247	1232	751	304	402	1180
AT4G08874	6	4	2	1	1	1
AT4G08875	0	0	0	0	0	0
AT4G08876	0	0	0	0	0	0
AT4G08878	0	0	0	0	0	0
AT4G08885	0	0	0	0	0	0
AT4G08895	0	0	0	0	0	0
AT4G08900	304	312	253	302	304	294
AT4G08910	7	11	9	8	16	8
AT4G08915	0	0	0	0	0	2
AT4G08920	1872	2272	2089	1677	1969	1913
AT4G08925	2	2	0	0	0	2
AT4G08930	245	227	209	137	152	165
AT4G08935	0	0	0	0	0	0
AT4G08940	63	60	78	49	63	49
AT4G08950	1259	2351	2150	667	1606	2556
AT4G08955	0	0	0	0	0	0
AT4G08960	275	285	279	277	281	255
AT4G08965	0	0	0	0	0	0
AT4G08975	0	0	0	0	0	0
AT4G08980	663	698	606	593	545	570
AT4G08985	0	0	0	0	0	0
AT4G08990	7	5	11	6	10	4
AT4G09000	3845	4031	3807	3733	3798	3269
AT4G09005	1	0	1	0	0	0
AT4G09010	2601	3282	2363	3192	3056	2805
AT4G09012	24	24	21	34	26	22
AT4G09015	0	0	0	0	0	0
AT4G09020	1451	1684	1308	1766	1596	1559
AT4G09025	0	0	0	0	0	0
AT4G09030	1	5	5	4	1	7
AT4G09035	0	0	0	0	0	0
AT4G09040	948	966	953	1151	1057	924
AT4G09045	0	0	0	0	0	0
AT4G09055	0	0	0	0	0	0
AT4G09060	41	31	39	42	37	39
AT4G09065	0	0	0	0	0	0
AT4G09070	0	0	0	0	0	0
AT4G09075	0	0	0	0	0	0
AT4G09080	7	20	14	12	18	12
AT4G09085	0	1	0	0	0	0
AT4G09090	0	0	0	0	0	0
AT4G09100	14	9	18	15	10	5
AT4G09105	0	0	2	0	0	0
AT4G09110	1	5	7	5	4	5
AT4G09115	0	0	0	0	0	0
AT4G09120	0	0	0	0	0	0
AT4G09125	0	0	0	0	0	0
AT4G09130	7	5	2	3	1	2
AT4G09135	0	0	0	0	0	0
AT4G09140	183	190	177	191	182	184
AT4G09145	0	0	0	0	0	0
AT4G09150	1084	1182	1097	1085	1084	1062
AT4G09153	0	0	0	0	0	0
AT4G09155	0	0	0	0	0	0
AT4G09160	259	236	246	304	273	286
AT4G09165	0	0	0	0	0	0
AT4G09170	1	3	1	5	1	4
AT4G09175	0	0	0	0	0	0
AT4G09180	189	189	151	125	116	116
AT4G09185	0	0	0	0	0	0
AT4G09190	0	0	0	0	0	0
AT4G09195	0	0	0	0	0	0
AT4G09200	0	0	0	0	0	0
AT4G09210	0	0	0	0	0	0
AT4G09225	0	0	0	0	0	0
AT4G09235	0	0	0	0	0	0
AT4G09240	3	6	4	3	0	5
AT4G09250	0	0	0	0	0	0
AT4G09260	0	0	0	0	0	0
AT4G09265	1	0	0	0	0	0
AT4G09275	1	1	0	0	1	1
AT4G09285	0	0	0	0	0	0
AT4G09295	0	0	0	0	0	1
AT4G09300	16	15	16	3	12	12
AT4G09305	0	0	0	0	0	0
AT4G09310	0	0	0	0	0	0
AT4G09315	0	0	0	0	0	0
AT4G09320	2118	1875	1959	1868	1788	1573
AT4G09325	0	0	0	0	0	0
AT4G09335	0	0	0	0	0	0
AT4G09340	334	334	283	280	292	271
AT4G09350	231	202	174	128	131	99
AT4G09355	0	0	0	0	0	0
AT4G09360	0	0	0	0	0	0
AT4G09365	0	0	1	1	1	0
AT4G09375	3	7	1	2	8	5
AT4G09385	0	0	0	0	0	0
AT4G09395	0	0	0	0	0	0
AT4G09405	13	21	10	17	12	12
AT4G09415	2	3	4	3	7	3
AT4G09420	37	40	56	53	68	47
AT4G09430	0	0	1	2	1	1
AT4G09432	13	15	13	6	11	11
AT4G09435	0	0	0	0	0	0
AT4G09440	0	0	0	0	0	0
AT4G09445	1	2	1	1	1	0
AT4G09450	0	0	0	0	0	0
AT4G09460	188	224	201	105	143	124
AT4G09462	0	0	0	0	0	0
AT4G09464	0	0	0	0	0	0
AT4G09465	0	0	0	0	0	0
AT4G09466	0	0	0	0	0	0
AT4G09467	0	0	0	0	0	0
AT4G09475	0	0	1	0	1	0
AT4G09485	0	0	1	0	0	0
AT4G09490	29	19	26	28	29	27
AT4G09495	0	0	0	0	0	0
AT4G09500	220	231	171	234	191	148
AT4G09510	250	252	216	314	276	258
AT4G09515	0	0	0	0	0	0
AT4G09520	197	188	179	195	197	165
AT4G09525	0	0	0	0	0	1
AT4G09530	0	0	0	0	1	0
AT4G09535	0	2	0	0	0	0
AT4G09545	0	0	0	0	0	0
AT4G09550	72	81	72	86	67	71
AT4G09555	0	0	0	0	0	0
AT4G09560	122	152	127	119	136	153
AT4G09570	561	792	638	580	603	624
AT4G09575	2	3	1	0	3	4
AT4G09580	185	162	168	165	158	151
AT4G09585	0	0	0	0	0	0
AT4G09589	0	0	0	0	0	0
AT4G09590	0	0	0	0	0	1
AT4G09600	0	0	0	0	0	0
AT4G09605	2	3	2	0	2	3
AT4G09610	0	0	0	0	1	0
AT4G09620	334	332	289	327	315	262
AT4G09630	504	612	554	530	532	486
AT4G09635	0	0	0	0	0	0
AT4G09640	129	172	156	141	135	154
AT4G09645	1	0	0	0	0	0
AT4G09647	0	0	0	0	0	0
AT4G09649	0	0	0	0	0	2
AT4G09650	5216	5846	4659	5392	5435	4703
AT4G09655	0	0	0	0	0	0
AT4G09660	0	0	0	0	0	0
AT4G09665	0	0	0	0	0	0
AT4G09670	624	662	580	646	604	533
AT4G09675	0	0	0	0	0	0
AT4G09680	564	554	492	452	486	475
AT4G09685	0	0	0	0	0	0
AT4G09690	1	0	1	0	1	0
AT4G09695	0	0	0	0	0	0
AT4G09705	0	1	1	2	0	0
AT4G09715	0	0	0	0	0	0
AT4G09720	463	506	394	412	387	392
AT4G09725	0	0	0	0	0	0
AT4G09730	806	779	765	821	792	732
AT4G09731	0	0	0	0	0	1
AT4G09735	0	0	0	0	0	0
AT4G09740	0	0	0	0	0	0
AT4G09750	510	445	371	228	257	274
AT4G09755	0	0	0	0	0	0
AT4G09760	691	983	843	692	813	760
AT4G09765	0	0	0	0	0	1
AT4G09770	22	16	27	14	17	19
AT4G09775	0	0	0	0	0	0
AT4G09780	1	1	3	0	0	0
AT4G09784	0	0	0	0	0	0
AT4G09785	4	3	3	1	0	1
AT4G09795	0	0	0	0	0	0
AT4G09800	1906	1787	1707	1890	1811	1599
AT4G09810	52	62	56	68	56	71
AT4G09815	0	0	0	0	0	0
AT4G09820	22	25	14	22	22	21
AT4G09825	0	0	0	0	1	0
AT4G09830	620	669	632	600	626	482
AT4G09840	11	21	16	11	10	10
AT4G09845	1	3	1	3	3	2
AT4G09850	0	1	1	0	0	1
AT4G09855	0	0	0	0	0	1
AT4G09860	0	0	0	0	0	0
AT4G09865	0	0	0	0	0	0
AT4G09870	1	1	1	1	0	1
AT4G09880	0	0	0	0	0	0
AT4G09885	0	0	0	0	1	0
AT4G09890	206	210	197	289	246	252
AT4G09895	1	0	0	0	0	0
AT4G09900	215	235	187	285	244	230
AT4G09905	0	0	0	0	0	0
AT4G09915	0	0	0	0	0	0
AT4G09920	11	5	8	1	7	1
AT4G09925	0	0	0	0	0	0
AT4G09930	0	0	0	0	0	0
AT4G09935	0	0	0	0	0	0
AT4G09940	2	3	1	1	0	1
AT4G09945	0	0	0	0	0	0
AT4G09950	74	68	82	85	72	76
AT4G09955	0	0	0	0	0	0
AT4G09960	2	0	1	0	0	1
AT4G09965	2	0	1	0	0	0
AT4G09970	115	107	78	94	109	85
AT4G09975	0	0	0	0	0	0
AT4G09980	533	547	468	508	489	457
AT4G09984	0	0	0	0	0	0
AT4G09985	0	0	0	0	0	0
AT4G09990	247	133	162	133	84	73
AT4G09995	0	0	0	0	0	0
AT4G10000	235	297	229	232	227	234
AT4G10010	5	0	0	1	0	0
AT4G10020	1	0	0	0	1	0
AT4G10030	321	351	267	357	318	288
AT4G10040	397	401	292	167	196	238
AT4G10050	211	241	205	190	203	189
AT4G10060	839	924	730	945	896	904
AT4G10070	348	351	307	338	310	328
AT4G10080	1096	1139	978	1109	1140	1076
AT4G10090	115	108	116	100	109	117
AT4G10100	87	94	67	63	69	57
AT4G10110	256	267	223	196	215	226
AT4G10115	0	0	0	0	0	0
AT4G10120	3858	3811	3058	1464	1779	1802
AT4G10130	50	58	67	71	57	51
AT4G10140	108	127	118	102	106	117
AT4G10150	3	10	8	15	7	9
AT4G10160	2	2	2	3	5	4
AT4G10170	143	167	159	138	159	159
AT4G10180	621	663	578	571	598	582
AT4G10190	0	0	0	0	0	0
AT4G10200	1	2	0	2	2	3
AT4G10210	0	0	0	0	0	0
AT4G10220	7	4	2	0	0	0
AT4G10230	0	0	0	0	0	0
AT4G10240	0	0	0	0	0	0
AT4G10250	0	3	3	0	0	1
AT4G10260	0	5	1	1	1	0
AT4G10265	42	102	66	16	33	22
AT4G10270	0	0	0	0	1	0
AT4G10280	83	79	72	84	71	66
AT4G10290	0	0	0	0	0	0
AT4G10300	514	527	410	478	452	367
AT4G10305	0	0	0	0	0	0
AT4G10310	22	30	25	32	33	56
AT4G10320	2083	1913	1809	1896	1854	1758
AT4G10330	107	112	112	85	99	84
AT4G10340	17347	24213	15868	24376	21840	19785
AT4G10345	0	0	0	0	0	0
AT4G10350	31	20	24	12	10	16
AT4G10360	371	357	335	310	306	273
AT4G10370	77	33	54	26	29	25
AT4G10380	646	613	559	546	590	545
AT4G10390	100	94	78	28	27	31
AT4G10400	40	43	44	22	34	28
AT4G10410	0	1	0	0	1	0
AT4G10420	17	17	18	17	15	21
AT4G10430	513	507	418	364	362	341
AT4G10440	0	0	0	0	0	0
AT4G10450	379	356	351	385	313	278
AT4G10457	0	0	0	0	0	0
AT4G10465	2	3	0	4	1	1
AT4G10470	148	173	119	147	135	143
AT4G10480	1630	1493	1659	1658	1555	1473
AT4G10490	0	0	0	1	0	0
AT4G10500	115	105	91	8	35	74
AT4G10507	0	1	0	1	1	1
AT4G10510	42	33	68	30	69	45
AT4G10520	0	0	0	0	0	0
AT4G10530	0	0	1	1	0	0
AT4G10540	0	0	0	0	0	0
AT4G10550	136	110	102	95	96	68
AT4G10560	15	12	11	12	14	9
AT4G10570	325	336	281	302	317	284
AT4G10590	525	533	446	400	414	393
AT4G10595	0	0	0	0	0	0
AT4G10600	11	17	12	23	22	16
AT4G10603	0	0	0	0	0	0
AT4G10610	427	445	382	389	364	368
AT4G10613	0	0	0	0	0	0
AT4G10620	181	182	187	161	178	170
AT4G10630	45	38	32	49	31	27
AT4G10640	7	23	14	18	8	12
AT4G10650	19	43	36	33	29	25
AT4G10660	0	0	0	0	0	0
AT4G10670	0	0	0	0	0	0
AT4G10680	0	0	0	0	0	0
AT4G10695	8	0	1	0	0	1
AT4G10700	0	0	0	0	0	0
AT4G10710	1264	1300	1125	1084	1099	1020
AT4G10720	15	13	16	15	16	14
AT4G10730	763	839	768	640	712	732
AT4G10740	0	0	0	0	0	0
AT4G10750	161	163	167	162	154	143
AT4G10760	367	339	322	359	306	293
AT4G10767	0	0	0	0	0	0
AT4G10770	400	494	340	417	425	420
AT4G10780	6	7	2	3	1	1
AT4G10790	731	779	687	674	695	649
AT4G10800	55	67	71	65	58	64
AT4G10810	296	292	261	254	245	228
AT4G10815	0	0	0	0	0	0
AT4G10820	0	0	0	0	0	0
AT4G10840	1438	1360	1313	1265	1212	1139
AT4G10843	11	17	12	15	13	11
AT4G10850	0	0	0	2	1	1
AT4G10860	3	8	4	5	22	10
AT4G10870	0	0	0	0	0	0
AT4G10880	0	0	0	0	0	0
AT4G10890	164	178	166	175	150	171
AT4G10895	0	0	0	0	0	0
AT4G10910	1	2	4	8	6	2
AT4G10920	500	419	408	386	376	398
AT4G10925	148	166	163	129	132	166
AT4G10930	523	591	493	489	444	457
AT4G10950	2	6	2	1	7	3
AT4G10955	105	81	70	127	93	84
AT4G10960	242	219	174	95	83	150
AT4G10970	499	686	631	500	518	490
AT4G11000	74	186	138	15	68	59
AT4G11010	2052	2092	1856	1784	1707	1628
AT4G11020	0	1	1	0	0	0
AT4G11030	0	0	0	0	0	0
AT4G11040	1	0	2	0	0	0
AT4G11050	42	30	29	31	27	20
AT4G11060	150	131	140	150	150	129
AT4G11070	4	7	9	4	4	5
AT4G11080	293	307	302	327	250	272
AT4G11090	119	132	123	118	135	102
AT4G11100	247	246	235	258	226	266
AT4G11110	680	630	544	564	600	527
AT4G11120	403	340	364	378	349	349
AT4G11130	111	118	99	100	90	77
AT4G11140	21	18	21	26	22	25
AT4G11150	3647	3382	3334	2992	2934	2741
AT4G11160	692	686	643	663	633	632
AT4G11170	83	193	98	49	154	187
AT4G11175	488	496	426	494	466	459
AT4G11177	0	0	0	0	0	0
AT4G11180	0	0	0	0	0	0
AT4G11190	70	75	77	104	59	71
AT4G11210	85	36	57	45	13	12
AT4G11211	95	162	96	171	175	191
AT4G11213	0	0	0	0	0	0
AT4G11216	0	0	0	0	0	0
AT4G11220	753	683	635	546	535	564
AT4G11230	61	51	42	30	22	24
AT4G11240	563	583	548	499	506	486
AT4G11250	1	0	0	0	0	0
AT4G11260	2083	2174	1893	1710	1682	1609
AT4G11270	797	831	763	713	711	639
AT4G11280	610	1272	511	439	500	545
AT4G11290	466	423	450	335	336	264
AT4G11300	192	246	202	152	163	172
AT4G11310	1	1	1	2	1	2
AT4G11320	7540	5144	6921	5566	4729	5904
AT4G11330	225	368	276	173	207	242
AT4G11340	1	4	0	0	0	1
AT4G11350	49	48	42	52	38	49
AT4G11355	0	0	0	0	0	0
AT4G11360	712	774	669	619	637	556
AT4G11370	53	82	36	35	41	31
AT4G11373	0	0	0	0	0	0
AT4G11380	1457	1390	1306	1344	1271	1208
AT4G11385	0	0	1	0	0	0
AT4G11390	1	4	2	0	0	0
AT4G11393	0	0	0	0	0	0
AT4G11400	6	7	5	16	4	8
AT4G11402	0	0	0	0	0	0
AT4G11405	0	0	0	0	0	0
AT4G11410	322	256	236	248	223	218
AT4G11420	3007	3015	2938	2886	2691	2825
AT4G11430	0	0	0	0	0	0
AT4G11440	91	100	88	88	84	84
AT4G11450	152	158	110	183	167	174
AT4G11460	146	139	251	290	285	231
AT4G11470	10	18	16	7	17	7
AT4G11480	11	11	9	3	4	4
AT4G11485	0	0	0	0	0	0
AT4G11490	0	0	0	0	0	0
AT4G11510	1	2	1	0	0	0
AT4G11521	99	217	98	88	68	82
AT4G11530	112	111	92	98	103	99
AT4G11540	0	0	0	0	0	0
AT4G11543	1	1	0	1	0	0
AT4G11547	14	7	13	10	10	6
AT4G11550	18	14	17	18	28	26
AT4G11560	846	786	719	674	727	722
AT4G11570	1223	1344	975	853	802	768
AT4G11580	0	0	0	0	0	0
AT4G11590	3	4	3	6	8	2
AT4G11600	3947	4416	3280	2799	2547	2886
AT4G11610	124	104	102	95	72	78
AT4G11630	221	247	244	243	220	242
AT4G11640	62	77	59	86	58	59
AT4G11650	7037	6627	5507	1475	2262	3493
AT4G11653	0	0	0	0	0	0
AT4G11655	13	11	12	3	15	16
AT4G11660	165	179	109	126	118	103
AT4G11670	392	419	383	336	336	335
AT4G11680	262	243	258	230	209	189
AT4G11690	35	40	26	25	26	25
AT4G11700	4	0	1	2	0	3
AT4G11720	3	4	4	7	5	2
AT4G11730	0	0	0	0	0	0
AT4G11740	549	570	493	471	512	459
AT4G11745	0	0	0	0	0	0
AT4G11750	0	0	0	0	0	0
AT4G11760	0	0	0	0	0	0
AT4G11770	0	0	0	0	0	0
AT4G11780	44	25	44	28	27	14
AT4G11790	658	692	637	692	608	569
AT4G11800	859	900	633	497	559	563
AT4G11810	1	2	0	2	2	0
AT4G11820	928	810	799	807	726	775
AT4G11830	1135	1273	1134	1172	1191	1075
AT4G11840	324	299	305	183	258	240
AT4G11845	69	74	79	63	79	72
AT4G11850	1254	1717	1327	874	1127	1118
AT4G11860	578	641	483	460	530	493
AT4G11870	3	0	0	0	0	1
AT4G11880	137	105	137	143	119	98
AT4G11890	158	277	220	118	137	122
AT4G11900	392	430	305	140	192	173
AT4G11910	153	194	128	11	11	17
AT4G11911	3	3	1	0	0	1
AT4G11920	109	75	82	80	76	88
AT4G11930	0	0	0	0	0	0
AT4G11940	0	0	0	0	0	0
AT4G11950	9	9	2	9	11	7
AT4G11960	695	865	608	530	525	561
AT4G11970	142	138	111	123	121	102
AT4G11980	165	183	128	168	166	143
AT4G11985	0	0	0	0	0	0
AT4G11990	36	53	28	43	47	37
AT4G12000	80	107	52	46	35	46
AT4G12005	7	4	2	6	4	5
AT4G12010	292	293	240	197	238	224
AT4G12020	638	607	549	462	471	510
AT4G12030	618	571	440	506	547	556
AT4G12040	862	1010	829	726	751	844
AT4G12050	120	119	120	104	82	102
AT4G12060	624	703	566	668	626	635
AT4G12065	2	2	3	1	1	0
AT4G12070	213	248	190	166	204	178
AT4G12080	301	243	262	231	227	219
AT4G12090	210	279	191	81	92	145
AT4G12100	1	1	0	0	0	0
AT4G12110	390	364	345	348	346	336
AT4G12115	0	0	0	0	0	0
AT4G12120	194	193	198	125	181	172
AT4G12130	143	143	111	124	92	112
AT4G12140	0	0	0	0	0	0
AT4G12150	0	0	0	0	0	0
AT4G12170	0	0	0	1	2	0
AT4G12190	0	0	0	0	0	0
AT4G12210	0	0	0	0	0	0
AT4G12220	0	0	0	0	0	0
AT4G12230	510	499	490	469	449	504
AT4G12240	42	44	32	37	39	45
AT4G12250	149	164	163	119	124	121
AT4G12270	11	20	23	15	17	24
AT4G12280	0	0	0	0	0	0
AT4G12290	3205	3230	2838	1496	2236	2277
AT4G12300	358	362	292	203	224	201
AT4G12310	558	480	488	437	318	252
AT4G12320	901	738	622	585	501	377
AT4G12330	61	56	62	46	56	61
AT4G12334	0	0	0	0	0	0
AT4G12340	689	724	670	603	569	585
AT4G12350	14	24	20	23	29	18
AT4G12360	3	1	4	2	2	0
AT4G12370	0	0	2	0	0	2
AT4G12380	0	0	0	0	0	0
AT4G12382	3	5	1	3	4	7
AT4G12390	571	444	453	365	361	361
AT4G12400	493	560	490	362	510	454
AT4G12405	0	0	0	0	0	0
AT4G12410	10	8	8	5	6	11
AT4G12420	1399	1506	1490	1552	1576	1450
AT4G12430	42	54	48	39	31	25
AT4G12440	28	30	25	8	10	10
AT4G12450	60	39	36	27	34	38
AT4G12460	455	506	454	452	459	413
AT4G12470	5776	9437	9059	2647	3266	4901
AT4G12480	3288	5856	7160	2292	3403	3509
AT4G12485	0	0	0	0	0	0
AT4G12490	500	1445	927	277	790	1149
AT4G12495	0	0	0	0	0	0
AT4G12500	268	745	561	269	424	793
AT4G12510	12	0	3	3	1	0
AT4G12520	13	8	6	5	3	1
AT4G12530	3	1	1	0	0	1
AT4G12540	33	14	21	28	20	18
AT4G12543	0	0	0	0	0	0
AT4G12545	9	8	1	2	3	1
AT4G12550	6	24	13	6	3	10
AT4G12555	0	0	0	0	0	0
AT4G12560	745	696	684	619	622	599
AT4G12570	417	472	425	364	363	408
AT4G12580	16	13	7	11	16	5
AT4G12590	832	847	877	768	803	758
AT4G12600	731	729	693	693	701	666
AT4G12610	730	752	714	652	621	667
AT4G12617	0	0	0	0	0	0
AT4G12620	83	90	84	80	86	71
AT4G12640	369	341	318	295	309	313
AT4G12650	1709	1728	1571	1540	1515	1425
AT4G12670	253	254	217	261	236	211
AT4G12680	120	136	85	95	81	88
AT4G12690	53	69	58	62	67	72
AT4G12700	255	220	195	240	205	191
AT4G12710	112	130	95	91	94	119
AT4G12720	485	1074	629	391	587	776
AT4G12730	985	940	1002	737	755	731
AT4G12731	0	0	1	1	0	0
AT4G12735	78	177	48	6	31	58
AT4G12740	16	25	18	28	20	24
AT4G12750	315	342	325	333	311	334
AT4G12760	159	163	151	121	137	126
AT4G12770	836	858	769	763	714	689
AT4G12780	1013	992	921	811	837	832
AT4G12790	549	606	483	463	437	536
AT4G12800	17790	25036	17932	23441	21685	20139
AT4G12810	0	0	0	0	0	0
AT4G12820	0	0	0	0	0	0
AT4G12825	0	0	0	0	0	0
AT4G12830	298	175	149	273	245	177
AT4G12840	82	84	59	81	54	44
AT4G12850	22	16	23	28	23	25
AT4G12860	0	0	0	0	0	0
AT4G12870	82	123	91	98	90	109
AT4G12880	388	414	362	472	353	360
AT4G12890	3	5	3	6	7	5
AT4G12900	144	173	109	163	116	137
AT4G12910	243	235	177	179	169	164
AT4G12917	45	55	18	34	28	36
AT4G12920	0	0	0	0	0	0
AT4G12930	0	0	0	0	0	0
AT4G12940	0	0	0	0	0	0
AT4G12950	0	0	0	0	0	0
AT4G12960	0	0	1	0	0	0
AT4G12970	153	151	142	143	143	134
AT4G12980	140	145	123	235	174	139
AT4G12990	84	82	59	72	68	82
AT4G13000	66	73	48	22	19	26
AT4G13010	784	861	606	620	587	579
AT4G13020	811	802	676	695	672	652
AT4G13030	195	176	142	142	143	170
AT4G13040	496	518	474	399	414	434
AT4G13050	436	458	409	447	356	306
AT4G13060	0	0	0	0	0	0
AT4G13070	83	105	97	108	99	94
AT4G13075	0	0	0	0	0	0
AT4G13080	0	0	0	0	0	0
AT4G13090	0	0	0	0	0	0
AT4G13095	0	0	0	1	0	0
AT4G13100	275	306	262	307	236	223
AT4G13110	199	177	165	101	119	148
AT4G13130	45	39	41	15	27	27
AT4G13150	281	298	245	246	216	239
AT4G13160	0	0	0	0	0	0
AT4G13170	547	478	505	523	523	483
AT4G13180	990	998	839	676	725	700
AT4G13190	32	26	15	17	14	27
AT4G13195	77	106	63	54	65	69
AT4G13200	547	590	515	570	527	493
AT4G13210	25	22	28	29	28	35
AT4G13220	174	146	120	163	135	140
AT4G13230	7	8	3	3	2	4
AT4G13235	54	72	63	65	56	44
AT4G13240	0	0	0	0	0	1
AT4G13245	1	0	0	0	0	0
AT4G13250	3826	4113	3273	3066	2851	2700
AT4G13260	34	20	22	33	27	27
AT4G13261	0	0	0	0	0	0
AT4G13263	0	0	0	0	0	0
AT4G13265	0	0	0	0	0	0
AT4G13266	0	0	0	0	0	0
AT4G13270	257	240	235	198	215	226
AT4G13280	155	132	166	184	153	207
AT4G13290	184	140	222	214	170	264
AT4G13300	5	1	1	0	1	0
AT4G13310	54	34	27	14	11	35
AT4G13320	0	0	0	0	0	0
AT4G13330	67	74	100	73	77	67
AT4G13340	764	1190	1035	643	1031	1421
AT4G13345	258	272	223	205	203	258
AT4G13350	1329	1358	1342	1082	1184	1166
AT4G13360	794	913	716	757	771	747
AT4G13370	111	110	100	110	109	82
AT4G13380	0	0	0	0	0	0
AT4G13390	1347	781	1189	1037	771	662
AT4G13395	249	221	176	101	88	210
AT4G13400	124	127	111	81	87	128
AT4G13410	148	80	44	39	58	103
AT4G13420	88	50	97	322	337	364
AT4G13430	4149	4497	3696	3724	3706	3896
AT4G13440	13	7	16	7	7	3
AT4G13445	0	0	0	0	0	0
AT4G13450	0	2	0	4	2	1
AT4G13460	604	532	506	498	484	460
AT4G13480	0	0	0	0	0	0
AT4G13490	0	0	0	0	0	0
AT4G13493	121	138	146	156	136	176
AT4G13494	25	38	21	21	42	31
AT4G13495	2599	3121	2718	2985	3110	2974
AT4G13500	443	445	396	520	416	350
AT4G13505	1	6	0	2	1	1
AT4G13510	1	0	0	0	0	2
AT4G13520	428	412	420	408	402	386
AT4G13530	1009	1079	947	956	937	875
AT4G13540	117	97	86	119	106	86
AT4G13550	475	509	434	411	480	440
AT4G13554	14	16	7	11	6	9
AT4G13555	1	1	0	2	3	2
AT4G13560	64	80	51	89	102	109
AT4G13564	1	4	2	1	3	2
AT4G13570	47	66	30	58	66	47
AT4G13572	66	73	72	113	104	122
AT4G13575	215	252	203	329	403	369
AT4G13577	1	1	1	12	16	16
AT4G13580	219	149	136	153	90	92
AT4G13590	948	964	845	977	855	827
AT4G13600	9	7	12	21	9	7
AT4G13610	0	0	0	0	0	0
AT4G13615	814	824	726	675	677	592
AT4G13620	28	15	18	26	9	13
AT4G13630	295	298	245	268	252	238
AT4G13640	364	424	381	445	441	382
AT4G13650	63	57	59	49	58	54
AT4G13660	659	538	613	573	523	512
AT4G13670	932	989	817	955	884	774
AT4G13680	4	13	6	10	9	5
AT4G13690	72	29	41	48	33	22
AT4G13700	62	40	51	2	1	6
AT4G13710	69	90	79	79	80	73
AT4G13720	145	132	136	146	130	128
AT4G13730	328	320	279	325	306	302
AT4G13750	224	232	230	245	265	221
AT4G13760	0	0	0	0	0	0
AT4G13770	2245	2518	1777	2079	2008	2017
AT4G13780	1611	1690	1494	1511	1492	1447
AT4G13790	0	3	1	0	0	0
AT4G13800	64	72	36	14	16	37
AT4G13810	269	265	174	135	195	135
AT4G13820	29	16	14	7	10	19
AT4G13830	711	834	769	910	913	821
AT4G13840	949	1070	963	1066	974	811
AT4G13850	1653	1826	1906	1618	1690	1513
AT4G13860	166	174	134	105	87	93
AT4G13870	66	63	57	64	43	50
AT4G13880	68	60	46	54	33	37
AT4G13885	22	15	14	23	22	25
AT4G13890	36	18	17	23	27	15
AT4G13918	6	7	9	9	7	7
AT4G13920	0	0	0	0	0	0
AT4G13930	2907	2485	2442	2577	2132	1971
AT4G13940	15053	15145	13941	13005	12464	11265
AT4G13950	78	64	55	81	70	55
AT4G13955	0	0	0	0	0	0
AT4G13960	0	0	0	0	0	0
AT4G13965	0	0	0	0	0	0
AT4G13968	0	0	0	0	0	0
AT4G13970	306	305	289	290	290	245
AT4G13980	232	258	228	203	230	228
AT4G13985	0	0	0	0	0	0
AT4G13990	87	83	85	98	66	79
AT4G13992	6	6	8	12	6	8
AT4G14000	195	252	228	246	235	217
AT4G14010	0	0	0	0	0	0
AT4G14020	450	669	459	370	358	542
AT4G14030	2750	2701	2602	2317	2331	2266
AT4G14040	2015	2267	1794	2465	3021	2775
AT4G14050	61	67	44	45	49	53
AT4G14060	386	260	316	180	122	261
AT4G14070	1538	1912	1377	1327	1449	1364
AT4G14080	1	2	0	0	0	0
AT4G14090	53	38	18	67	47	63
AT4G14096	74	82	76	111	101	81
AT4G14100	256	280	223	209	228	198
AT4G14103	35	37	38	40	21	25
AT4G14104	1	0	1	0	1	0
AT4G14105	0	0	0	0	0	0
AT4G14110	333	309	350	290	295	312
AT4G14120	29	22	25	23	26	26
AT4G14130	178	117	170	142	123	108
AT4G14140	15	12	7	27	16	39
AT4G14145	160	168	166	154	166	137
AT4G14147	133	147	130	107	127	105
AT4G14150	93	85	70	122	93	67
AT4G14160	1284	1362	1097	1127	1093	1013
AT4G14165	3	0	2	0	1	0
AT4G14170	23	29	18	25	22	24
AT4G14180	10	13	17	5	9	18
AT4G14190	89	86	66	95	69	78
AT4G14200	166	184	196	236	180	166
AT4G14210	953	1056	789	943	829	737
AT4G14220	505	597	478	371	397	365
AT4G14225	0	0	0	1	0	0
AT4G14226	0	0	0	0	0	0
AT4G14230	867	916	756	825	778	724
AT4G14240	434	359	359	314	344	287
AT4G14245	3	1	1	0	0	0
AT4G14250	0	0	0	0	0	0
AT4G14260	0	0	0	0	0	0
AT4G14270	1030	1157	961	1183	1037	1003
AT4G14272	0	0	0	0	0	0
AT4G14276	0	0	0	0	0	0
AT4G14280	19	4	10	6	3	3
AT4G14290	131	135	102	107	96	123
AT4G14300	791	721	735	678	652	628
AT4G14301	0	0	0	0	0	0
AT4G14305	44	34	20	20	28	24
AT4G14310	238	221	235	254	174	203
AT4G14315	0	0	0	0	0	0
AT4G14320	1331	1067	1180	1315	1150	1098
AT4G14330	192	190	181	207	182	198
AT4G14340	410	430	386	386	390	368
AT4G14342	211	215	215	209	167	197
AT4G14345	0	0	0	0	0	0
AT4G14350	748	901	756	702	725	788
AT4G14358	0	0	0	0	0	0
AT4G14360	834	814	679	778	724	676
AT4G14365	637	1750	869	346	522	714
AT4G14368	28	35	28	2	17	20
AT4G14370	171	262	178	86	144	227
AT4G14380	8	11	10	11	7	9
AT4G14385	273	329	272	246	266	246
AT4G14390	40	46	41	7	19	21
AT4G14400	4636	5131	3839	1142	1796	1445
AT4G14410	880	779	770	811	735	736
AT4G14415	0	0	0	0	0	0
AT4G14420	828	909	805	725	682	709
AT4G14430	602	670	626	596	598	628
AT4G14440	454	564	512	502	484	445
AT4G14450	15	42	29	11	15	20
AT4G14455	217	225	213	157	184	156
AT4G14465	259	251	231	217	195	203
AT4G14480	152	129	96	126	121	122
AT4G14490	51	58	59	73	50	53
AT4G14500	460	562	464	390	447	493
AT4G14504	3	0	2	1	1	0
AT4G14510	515	502	452	531	503	484
AT4G14520	112	164	122	141	112	140
AT4G14530	1	0	1	2	0	0
AT4G14540	471	511	393	474	435	371
AT4G14548	21	24	18	28	24	29
AT4G14550	101	184	117	109	88	91
AT4G14560	130	148	128	175	146	138
AT4G14570	586	596	543	554	536	561
AT4G14580	534	496	468	246	282	337
AT4G14590	33	41	28	37	46	38
AT4G14600	107	112	88	103	100	106
AT4G14605	147	178	154	169	155	133
AT4G14615	476	594	462	455	438	469
AT4G14620	224	241	202	231	184	208
AT4G14630	590	536	459	112	195	380
AT4G14640	50	29	37	30	27	21
AT4G14650	55	41	59	43	34	33
AT4G14660	68	74	54	93	87	55
AT4G14670	0	0	0	0	0	0
AT4G14675	0	0	0	0	0	0
AT4G14680	370	438	497	319	411	459
AT4G14690	107	89	80	105	71	45
AT4G14695	14	9	10	10	8	6
AT4G14700	6	5	7	6	9	2
AT4G14710	1045	960	777	824	770	787
AT4G14713	72	85	85	74	71	79
AT4G14716	1289	1334	1096	1117	1075	915
AT4G14720	254	301	237	247	238	228
AT4G14723	12	3	7	6	8	10
AT4G14730	0	0	0	1	0	0
AT4G14740	243	250	219	250	249	260
AT4G14746	151	185	186	183	198	184
AT4G14750	161	139	120	128	100	100
AT4G14760	712	820	647	664	659	628
AT4G14770	213	242	173	251	174	202
AT4G14780	11	17	19	13	14	10
AT4G14785	0	0	0	0	0	0
AT4G14790	179	179	159	151	154	146
AT4G14800	687	696	609	593	575	597
AT4G14805	2	0	1	0	0	0
AT4G14810	0	0	0	0	0	0
AT4G14811	0	0	0	0	0	0
AT4G14815	0	0	0	0	0	0
AT4G14819	0	0	0	0	0	0
AT4G14820	42	56	56	34	54	41
AT4G14830	43	40	33	58	44	38
AT4G14840	60	68	48	88	61	83
AT4G14850	60	59	58	66	67	68
AT4G14860	19	15	17	11	11	11
AT4G14870	429	437	367	487	468	406
AT4G14880	5516	5637	4691	5185	5255	5341
AT4G14890	0	0	0	0	0	0
AT4G14900	1061	960	904	793	781	782
AT4G14905	152	191	150	179	149	117
AT4G14910	346	372	328	366	344	295
AT4G14920	615	649	561	568	509	529
AT4G14930	467	526	445	526	481	565
AT4G14940	128	102	95	90	77	70
AT4G14950	382	315	300	266	243	253
AT4G14960	5967	5943	5546	6014	5570	4686
AT4G14965	267	277	251	242	226	209
AT4G14970	98	103	81	75	75	77
AT4G14980	76	90	67	34	58	45
AT4G14990	837	840	745	727	707	720
AT4G15000	2191	1773	1948	2160	1750	1853
AT4G15010	274	275	211	225	256	253
AT4G15020	330	295	265	260	251	252
AT4G15025	0	0	0	0	0	0
AT4G15030	386	387	392	345	365	312
AT4G15040	0	0	0	0	0	0
AT4G15050	0	0	0	0	0	0
AT4G15053	0	0	0	0	0	0
AT4G15056	0	0	0	0	0	0
AT4G15060	0	0	0	0	0	0
AT4G15070	95	83	91	42	63	57
AT4G15075	0	0	0	0	0	1
AT4G15080	549	529	478	527	456	455
AT4G15090	328	370	317	336	323	310
AT4G15093	579	566	564	421	453	464
AT4G15096	0	0	0	0	0	0
AT4G15100	35	14	15	12	6	49
AT4G15110	1320	1546	1174	1359	1349	1226
AT4G15120	53	50	51	31	54	42
AT4G15130	292	257	235	214	223	207
AT4G15140	117	123	105	128	115	106
AT4G15150	83	109	86	116	86	113
AT4G15160	402	420	419	385	318	362
AT4G15165	23	12	20	15	14	16
AT4G15180	1553	1389	1283	1303	1268	1199
AT4G15200	12	3	2	1	0	13
AT4G15210	1353	1738	626	199	223	1608
AT4G15215	109	106	101	109	100	83
AT4G15230	381	239	289	358	347	335
AT4G15233	317	429	386	229	329	266
AT4G15236	26	32	29	21	31	22
AT4G15240	194	213	166	151	151	156
AT4G15242	0	0	0	0	0	0
AT4G15245	0	0	0	0	0	0
AT4G15248	16	13	9	2	1	4
AT4G15250	0	0	0	0	0	0
AT4G15258	0	4	4	3	1	1
AT4G15260	294	303	329	198	192	248
AT4G15270	25	29	19	21	14	22
AT4G15280	27	19	22	7	6	14
AT4G15290	30	12	11	13	3	5
AT4G15300	17	11	16	9	8	11
AT4G15310	0	1	0	0	0	0
AT4G15320	26	19	8	17	12	24
AT4G15330	121	49	60	58	33	45
AT4G15340	125	92	87	102	100	79
AT4G15350	12	1	6	1	6	2
AT4G15360	0	0	0	0	0	0
AT4G15370	9	5	4	4	6	6
AT4G15380	92	66	84	34	45	42
AT4G15390	1741	1451	1354	833	812	779
AT4G15393	740	602	475	234	300	347
AT4G15396	197	124	151	79	70	112
AT4G15400	39	35	38	27	27	13
AT4G15410	372	334	280	299	281	279
AT4G15415	421	464	355	397	368	395
AT4G15417	12	19	16	21	36	33
AT4G15420	308	302	292	229	245	261
AT4G15430	64	61	55	63	57	43
AT4G15440	57	69	34	32	17	58
AT4G15450	180	203	150	166	143	138
AT4G15460	2	2	0	1	2	1
AT4G15470	1640	1653	1557	1303	1296	1309
AT4G15475	335	358	304	286	257	276
AT4G15480	55	47	35	56	37	23
AT4G15490	702	870	676	492	635	670
AT4G15500	110	119	101	104	73	72
AT4G15510	279	312	274	301	262	219
AT4G15520	103	88	92	88	57	82
AT4G15530	2266	2519	1863	479	708	930
AT4G15540	2079	2579	2097	1297	1355	1397
AT4G15545	3664	3477	3169	3457	2991	2761
AT4G15550	1273	1177	1075	785	656	654
AT4G15560	5040	6449	5058	4380	4543	4421
AT4G15562	0	0	0	0	0	0
AT4G15563	53	62	48	49	46	57
AT4G15570	288	293	267	264	277	256
AT4G15610	1471	1071	1141	682	843	925
AT4G15620	97	170	94	126	117	121
AT4G15630	277	297	211	245	198	183
AT4G15640	275	255	239	269	253	256
AT4G15650	0	0	0	0	0	0
AT4G15660	18	14	12	30	23	31
AT4G15670	22	18	11	37	22	18
AT4G15680	45	51	59	68	56	53
AT4G15690	25	16	21	65	41	38
AT4G15700	42	27	46	57	54	53
AT4G15710	7	5	8	6	7	5
AT4G15715	0	0	0	0	0	0
AT4G15720	15	8	10	10	12	11
AT4G15730	44	61	47	59	63	69
AT4G15733	0	0	0	0	0	0
AT4G15735	0	0	0	0	0	0
AT4G15740	100	67	81	43	30	39
AT4G15750	0	5	1	1	1	2
AT4G15755	0	0	0	0	0	0
AT4G15760	1063	1521	1232	643	995	1151
AT4G15765	112	115	110	107	88	134
AT4G15770	447	463	502	460	469	429
AT4G15775	0	0	0	0	0	0
AT4G15780	935	1062	904	839	845	786
AT4G15790	123	132	120	134	120	111
AT4G15800	323	461	332	215	289	377
AT4G15802	712	748	746	656	687	573
AT4G15810	206	208	163	216	224	170
AT4G15820	119	145	100	105	91	102
AT4G15830	94	89	107	127	92	115
AT4G15840	531	516	412	476	459	427
AT4G15850	106	152	116	126	127	91
AT4G15870	0	0	0	0	0	0
AT4G15880	493	482	450	408	387	411
AT4G15885	1	0	0	0	0	0
AT4G15890	121	97	90	92	87	74
AT4G15900	996	1095	928	1014	1035	913
AT4G15910	1498	2128	1664	1231	1524	1254
AT4G15920	391	418	400	384	408	401
AT4G15930	206	233	193	220	202	202
AT4G15940	312	298	299	261	219	238
AT4G15950	72	80	85	87	77	69
AT4G15953	3	7	7	3	3	6
AT4G15955	132	145	137	133	126	145
AT4G15960	104	75	101	96	68	65
AT4G15970	1	0	0	0	0	2
AT4G15975	20	51	56	30	31	47
AT4G15980	0	0	0	0	0	0
AT4G15990	39	14	42	36	30	36
AT4G16000	50	70	38	20	28	30
AT4G16008	113	116	98	73	64	100
AT4G16015	1	1	1	0	0	2
AT4G16024	0	0	0	0	0	0
AT4G16030	1	0	1	1	0	1
AT4G16040	0	0	0	0	0	0
AT4G16045	0	0	0	0	0	0
AT4G16050	0	0	2	2	0	0
AT4G16060	286	383	300	344	359	314
AT4G16070	293	276	280	274	201	204
AT4G16080	0	0	0	0	1	0
AT4G16090	0	0	0	0	0	0
AT4G16095	0	0	0	0	0	0
AT4G16100	160	142	156	154	145	140
AT4G16105	0	0	0	0	0	0
AT4G16110	317	288	272	236	267	244
AT4G16120	210	202	196	207	210	214
AT4G16130	516	593	534	529	517	524
AT4G16140	205	188	170	132	135	143
AT4G16141	380	394	326	345	318	329
AT4G16143	1429	1498	1355	1320	1317	1232
AT4G16144	307	337	285	314	274	323
AT4G16146	588	676	458	578	532	489
AT4G16150	1615	1790	1630	1424	1457	1382
AT4G16155	1134	1153	982	1232	1126	1014
AT4G16160	0	1	0	2	1	0
AT4G16162	1	2	2	1	1	0
AT4G16165	0	0	0	0	1	0
AT4G16180	886	931	838	775	758	726
AT4G16190	8907	9384	7641	7118	7509	7903
AT4G16195	0	0	0	0	0	0
AT4G16200	0	0	0	0	0	0
AT4G16210	363	428	330	296	333	319
AT4G16215	2	1	0	1	3	3
AT4G16220	11	31	17	29	23	19
AT4G16230	10	6	2	13	6	12
AT4G16233	4	1	1	3	2	3
AT4G16235	0	0	0	0	0	0
AT4G16240	3	9	8	5	10	13
AT4G16250	386	384	409	332	335	331
AT4G16260	7738	6015	5166	1621	2827	3161
AT4G16265	84	81	83	77	68	79
AT4G16270	28	25	21	13	12	14
AT4G16280	545	573	431	545	470	432
AT4G16295	0	0	0	0	0	0
AT4G16310	585	572	539	496	516	475
AT4G16330	328	338	322	336	323	348
AT4G16340	1130	1098	1058	1096	1110	1022
AT4G16350	75	49	64	48	50	36
AT4G16355	0	0	2	2	6	4
AT4G16360	533	492	459	513	464	413
AT4G16370	677	861	660	596	788	561
AT4G16380	1140	1067	1001	839	947	833
AT4G16390	613	562	563	619	573	569
AT4G16400	33	30	27	20	15	24
AT4G16410	13	7	10	15	10	13
AT4G16420	489	543	560	432	507	494
AT4G16430	485	536	519	433	450	477
AT4G16440	205	181	179	181	148	166
AT4G16442	116	113	90	131	115	105
AT4G16444	165	174	157	145	140	129
AT4G16447	67	100	79	88	86	81
AT4G16450	766	744	689	688	620	606
AT4G16451	0	0	0	0	0	0
AT4G16460	1	0	2	0	0	0
AT4G16465	0	0	0	0	0	0
AT4G16470	79	76	59	73	59	59
AT4G16475	0	0	0	0	0	0
AT4G16480	115	165	108	168	131	164
AT4G16490	1156	1037	984	937	898	771
AT4G16500	345	369	407	359	384	358
AT4G16510	98	94	123	102	84	103
AT4G16515	0	0	0	0	0	0
AT4G16520	1841	1979	1703	1524	1531	1674
AT4G16530	0	0	0	0	0	1
AT4G16535	3	1	0	2	2	1
AT4G16540	77	100	48	17	26	37
AT4G16545	0	0	0	1	0	0
AT4G16550	0	0	0	0	0	0
AT4G16555	0	0	0	0	0	0
AT4G16560	0	0	0	0	0	0
AT4G16563	206	239	216	206	192	209
AT4G16566	82	56	68	81	69	77
AT4G16570	108	98	109	125	110	96
AT4G16580	352	311	298	262	261	260
AT4G16590	0	0	0	0	0	0
AT4G16600	42	27	33	35	14	10
AT4G16610	12	3	5	7	8	6
AT4G16620	48	31	38	17	18	24
AT4G16630	668	727	758	643	705	663
AT4G16640	11	9	11	8	8	10
AT4G16650	487	497	425	488	429	400
AT4G16660	2986	3578	2848	2273	2405	2368
AT4G16670	72	89	49	54	47	51
AT4G16680	136	127	118	44	39	55
AT4G16690	178	123	88	45	39	81
AT4G16695	190	203	156	169	174	139
AT4G16700	62	63	71	55	58	59
AT4G16710	310	356	331	311	326	319
AT4G16720	2920	2702	2807	2838	2659	2533
AT4G16730	0	0	0	1	0	0
AT4G16740	4	7	0	6	1	10
AT4G16745	71	65	56	16	14	20
AT4G16748	0	0	1	0	0	0
AT4G16750	60	85	54	38	43	34
AT4G16760	2243	2021	1768	1496	1504	1788
AT4G16765	237	223	191	216	223	223
AT4G16770	136	182	127	151	190	175
AT4G16780	128	184	161	104	102	110
AT4G16790	169	222	145	129	106	136
AT4G16800	132	108	111	121	98	101
AT4G16807	23	20	18	22	25	24
AT4G16810	0	1	1	0	0	1
AT4G16820	11	9	1	4	2	5
AT4G16830	1213	1179	1151	1196	1185	1125
AT4G16835	32	33	43	58	44	39
AT4G16840	47	43	57	36	44	36
AT4G16845	434	458	407	399	386	404
AT4G16850	147	128	131	133	118	106
AT4G16855	0	1	0	1	0	2
AT4G16857	43	50	30	64	78	61
AT4G16860	1578	2321	1740	1631	1691	1663
AT4G16880	183	216	118	174	145	132
AT4G16890	2680	3549	2532	1768	2195	2355
AT4G16892	23	28	19	16	25	16
AT4G16900	321	403	352	333	330	390
AT4G16915	0	0	0	0	0	0
AT4G16920	42	64	52	39	48	46
AT4G16930	0	0	0	0	0	0
AT4G16940	19	22	8	5	10	10
AT4G16950	1736	2531	1946	1542	1956	1877
AT4G16955	0	0	0	0	0	0
AT4G16957	193	250	180	151	154	197
AT4G16960	139	170	143	103	93	128
AT4G16970	116	119	94	128	98	97
AT4G16980	0	2	4	1	1	1
AT4G16983	0	0	0	0	0	0
AT4G16990	3406	3768	3878	2072	2628	2367
AT4G17000	97	88	92	127	98	103
AT4G17010	175	175	187	130	157	156
AT4G17020	185	204	152	180	158	151
AT4G17030	260	250	260	208	200	267
AT4G17040	1695	1810	1437	1887	1642	1565
AT4G17050	717	748	641	691	672	639
AT4G17060	291	256	235	269	271	215
AT4G17070	451	462	423	265	355	318
AT4G17080	529	450	546	406	457	430
AT4G17085	39	46	46	73	62	54
AT4G17090	4860	5144	3694	1298	1699	1633
AT4G17098	7	8	7	6	4	6
AT4G17100	298	343	271	349	284	267
AT4G17140	2987	2430	2146	2487	2285	2132
AT4G17150	427	493	410	424	404	428
AT4G17160	2	3	1	4	5	2
AT4G17170	1132	1061	947	953	913	967
AT4G17180	62	82	58	59	67	66
AT4G17190	294	289	238	305	264	254
AT4G17200	0	0	0	0	0	0
AT4G17210	0	0	2	0	0	0
AT4G17215	133	152	130	133	126	103
AT4G17220	54	53	59	50	42	44
AT4G17230	779	1461	1010	699	989	1268
AT4G17240	161	192	172	204	209	202
AT4G17243	1	0	1	0	1	2
AT4G17245	400	357	343	414	366	348
AT4G17250	411	631	418	283	310	373
AT4G17260	260	338	309	270	338	283
AT4G17270	747	800	673	619	636	694
AT4G17280	132	118	114	99	83	76
AT4G17300	630	628	584	559	566	544
AT4G17310	81	78	75	86	66	73
AT4G17330	3161	3015	2751	2816	2705	2767
AT4G17340	765	607	507	764	653	596
AT4G17350	83	66	71	62	61	52
AT4G17360	85	94	84	120	93	93
AT4G17370	387	386	309	336	291	285
AT4G17380	13	20	14	9	19	11
AT4G17390	2378	2130	2291	2614	2061	1987
AT4G17410	286	239	210	226	183	188
AT4G17420	160	129	148	145	122	130
AT4G17430	108	108	100	97	113	98
AT4G17440	46	48	50	45	49	41
AT4G17460	260	354	346	354	477	427
AT4G17470	129	108	39	37	31	132
AT4G17480	23	31	29	25	26	29
AT4G17483	24	21	24	13	12	16
AT4G17486	369	407	350	419	375	338
AT4G17490	442	1140	690	357	478	746
AT4G17500	913	1230	907	485	699	1005
AT4G17505	0	0	0	0	0	0
AT4G17510	344	348	356	334	341	332
AT4G17520	2901	2641	2720	2979	2697	2674
AT4G17530	1216	1238	1038	819	842	900
AT4G17540	131	133	116	135	142	136
AT4G17550	258	267	212	155	154	165
AT4G17560	2248	2253	1894	2436	2159	2119
AT4G17565	0	0	0	0	0	0
AT4G17570	439	484	370	352	330	353
AT4G17580	0	0	0	0	1	0
AT4G17585	0	0	0	0	0	0
AT4G17590	0	0	0	0	0	0
AT4G17600	1285	1318	1077	1644	1348	1229
AT4G17610	271	299	247	285	250	274
AT4G17612	0	0	0	0	0	0
AT4G17615	349	493	337	280	303	355
AT4G17616	132	126	111	111	105	94
AT4G17620	517	527	475	435	402	362
AT4G17640	623	618	592	558	622	545
AT4G17650	294	268	266	229	233	245
AT4G17660	4	10	3	2	6	5
AT4G17670	150	202	184	104	161	146
AT4G17680	77	113	88	62	46	43
AT4G17690	0	0	0	0	0	0
AT4G17695	115	163	111	110	129	91
AT4G17700	0	0	0	0	0	0
AT4G17710	0	0	0	0	0	0
AT4G17713	0	0	0	0	0	0
AT4G17718	0	0	0	0	0	0
AT4G17720	550	629	549	413	488	470
AT4G17730	580	604	493	477	396	435
AT4G17740	327	438	312	385	389	363
AT4G17750	108	104	86	74	100	84
AT4G17760	20	9	19	26	17	18
AT4G17765	0	0	0	0	0	0
AT4G17770	462	549	436	511	461	424
AT4G17780	0	0	0	0	1	0
AT4G17785	11	9	8	8	13	12
AT4G17788	2	5	2	5	3	2
AT4G17790	462	482	395	280	269	298
AT4G17800	225	170	174	154	123	125
AT4G17810	79	80	80	85	76	76
AT4G17830	960	938	860	749	776	811
AT4G17840	996	908	760	498	548	616
AT4G17850	0	0	0	0	0	0
AT4G17860	4	1	5	12	11	11
AT4G17870	706	892	883	777	937	822
AT4G17880	493	485	408	271	266	251
AT4G17890	658	733	637	615	600	571
AT4G17895	189	166	154	150	128	156
AT4G17900	870	1154	908	730	848	914
AT4G17905	22	29	20	24	25	22
AT4G17910	169	139	160	177	149	153
AT4G17920	4	11	12	6	8	9
AT4G17940	703	702	661	571	646	625
AT4G17950	340	415	422	346	404	404
AT4G17960	111	131	85	112	99	101
AT4G17970	374	399	309	233	261	321
AT4G17975	0	0	0	0	0	0
AT4G17980	1	1	1	5	1	0
AT4G17990	0	0	0	0	0	0
AT4G18010	1468	2255	1679	758	1057	1440
AT4G18020	619	667	557	499	558	576
AT4G18030	1501	1619	1582	1557	1537	1414
AT4G18040	548	509	436	416	440	435
AT4G18050	130	140	104	119	107	122
AT4G18060	462	506	416	491	412	409
AT4G18070	388	420	397	390	399	388
AT4G18080	0	0	0	0	0	0
AT4G18090	0	2	0	1	0	0
AT4G18100	1131	970	1069	1032	956	914
AT4G18110	0	0	0	0	0	0
AT4G18130	655	734	560	598	525	495
AT4G18140	257	252	247	233	214	250
AT4G18150	0	0	0	0	0	0
AT4G18160	138	151	165	131	155	144
AT4G18170	65	79	84	65	73	100
AT4G18180	1	0	0	0	0	0
AT4G18190	0	1	0	0	0	0
AT4G18195	17	26	21	19	15	14
AT4G18197	302	665	416	255	255	317
AT4G18203	0	0	0	0	0	0
AT4G18205	669	1255	897	561	648	672
AT4G18210	139	184	143	75	85	98
AT4G18215	0	0	0	0	0	0
AT4G18220	42	67	72	41	58	81
AT4G18230	184	161	144	210	140	153
AT4G18240	1799	1927	1527	1935	1718	1551
AT4G18250	180	309	247	121	194	174
AT4G18253	97	131	85	57	83	95
AT4G18255	0	0	0	0	0	0
AT4G18260	39	38	37	39	40	29
AT4G18270	115	163	99	117	120	139
AT4G18280	86	156	95	99	112	94
AT4G18290	202	205	205	148	112	140
AT4G18300	138	127	143	121	87	121
AT4G18310	0	0	0	0	0	0
AT4G18320	1	0	0	0	0	1
AT4G18330	1	1	0	0	0	0
AT4G18335	2	0	0	0	0	1
AT4G18340	204	175	172	132	130	186
AT4G18350	29	38	15	1	4	19
AT4G18360	475	403	364	276	272	266
AT4G18370	497	459	409	511	478	463
AT4G18372	45	42	41	35	39	45
AT4G18375	29	23	22	28	30	27
AT4G18380	212	203	212	213	160	193
AT4G18390	387	411	378	413	374	361
AT4G18395	0	0	0	0	0	0
AT4G18400	24	24	19	22	22	24
AT4G18422	5	5	3	2	3	4
AT4G18425	101	105	94	53	55	61
AT4G18430	176	189	210	104	129	124
AT4G18440	859	1150	690	514	676	953
AT4G18450	10	6	7	9	9	8
AT4G18460	69	73	77	75	72	69
AT4G18465	300	290	247	250	255	226
AT4G18470	41	44	39	35	30	29
AT4G18480	4231	4420	3814	4170	3995	3703
AT4G18490	45	60	60	48	51	50
AT4G18500	1	1	0	0	1	0
AT4G18501	4	1	3	4	5	1
AT4G18510	23	14	20	15	8	15
AT4G18520	185	185	172	189	181	175
AT4G18530	119	169	125	121	121	136
AT4G18540	1	2	1	1	0	0
AT4G18550	116	55	129	83	67	77
AT4G18570	378	470	434	464	487	406
AT4G18580	196	175	169	125	127	135
AT4G18590	130	136	126	120	132	125
AT4G18593	177	217	150	170	178	165
AT4G18596	0	0	2	1	0	2
AT4G18600	254	253	212	194	200	229
AT4G18610	71	67	86	73	62	56
AT4G18620	0	0	0	0	0	0
AT4G18630	95	103	92	101	77	82
AT4G18640	401	321	332	244	190	184
AT4G18650	1	0	0	1	0	0
AT4G18660	0	0	0	0	3	0
AT4G18670	534	571	516	724	663	585
AT4G18680	0	0	0	0	1	1
AT4G18690	1	4	1	2	1	0
AT4G18692	0	0	0	0	0	0
AT4G18700	2020	2695	1838	1310	1332	1579
AT4G18710	1607	1765	1674	1731	1730	1654
AT4G18720	0	0	0	0	0	0
AT4G18725	0	0	0	0	1	0
AT4G18730	2149	2022	2294	1775	1934	1647
AT4G18740	137	162	134	136	109	100
AT4G18750	64	51	45	36	36	35
AT4G18760	160	195	191	176	175	173
AT4G18770	0	0	0	0	0	0
AT4G18780	160	138	157	122	111	108
AT4G18790	0	0	1	0	0	0
AT4G18800	250	211	183	163	177	156
AT4G18810	1734	1975	1461	1022	1045	947
AT4G18815	0	0	0	0	0	0
AT4G18820	541	551	503	576	485	541
AT4G18823	0	0	1	0	0	0
AT4G18830	28	21	17	20	15	16
AT4G18840	56	41	36	47	45	44
AT4G18860	0	0	0	0	0	0
AT4G18870	1	0	1	1	0	0
AT4G18880	423	853	468	164	193	254
AT4G18890	215	244	171	170	170	184
AT4G18900	0	1	0	2	1	1
AT4G18905	586	684	578	587	620	564
AT4G18910	134	177	150	146	121	123
AT4G18920	1	0	0	0	0	0
AT4G18930	633	796	686	576	759	650
AT4G18940	27	33	17	13	17	12
AT4G18950	1105	1305	1136	565	806	976
AT4G18960	8	6	11	2	2	5
AT4G18970	593	764	602	527	549	509
AT4G18975	302	359	274	303	270	291
AT4G18980	15	7	5	2	6	11
AT4G18990	14	15	10	6	9	8
AT4G19000	2	1	1	0	0	0
AT4G19003	269	269	254	311	306	288
AT4G19006	551	562	518	484	473	478
AT4G19010	130	133	115	112	113	145
AT4G19020	546	618	545	562	558	521
AT4G19030	488	315	355	330	246	218
AT4G19035	0	0	0	0	0	0
AT4G19038	0	0	0	0	0	0
AT4G19040	550	530	463	471	459	406
AT4G19045	141	125	128	110	113	107
AT4G19050	37	52	33	53	53	49
AT4G19060	213	203	222	231	212	188
AT4G19070	166	194	157	224	186	148
AT4G19080	23	22	22	20	29	19
AT4G19090	50	55	38	43	50	49
AT4G19095	13	7	11	4	8	9
AT4G19100	233	209	188	302	246	212
AT4G19110	3848	3691	3269	3326	3139	2903
AT4G19120	824	966	801	1085	906	820
AT4G19130	49	53	45	41	52	53
AT4G19140	162	175	146	139	166	155
AT4G19150	252	237	200	219	214	210
AT4G19160	1574	1438	1686	1237	1594	1692
AT4G19170	719	673	606	449	394	371
AT4G19180	316	299	247	217	243	271
AT4G19185	165	176	154	154	158	153
AT4G19190	499	499	470	381	383	390
AT4G19191	18	24	22	22	15	21
AT4G19200	1796	1821	1653	1742	1798	1909
AT4G19210	1981	2065	1819	1847	1881	1794
AT4G19220	18	23	17	21	28	15
AT4G19230	221	197	156	44	43	65
AT4G19240	0	0	0	0	0	0
AT4G19250	0	0	0	0	0	0
AT4G19260	0	0	0	0	0	0
AT4G19270	0	0	0	0	0	0
AT4G19275	0	0	0	0	0	0
AT4G19330	0	0	0	0	0	0
AT4G19340	0	0	0	0	0	0
AT4G19350	208	266	240	246	219	211
AT4G19360	0	0	0	0	0	0
AT4G19370	125	135	92	57	86	77
AT4G19380	87	87	83	100	77	78
AT4G19390	244	303	240	172	206	208
AT4G19395	7	4	4	3	1	2
AT4G19400	2	1	0	3	0	1
AT4G19410	2499	2260	2124	2125	2051	1941
AT4G19420	791	1002	1321	651	1143	1293
AT4G19430	106	228	202	48	226	116
AT4G19440	198	190	172	165	176	178
AT4G19450	686	652	679	426	521	531
AT4G19460	73	82	75	25	30	36
AT4G19470	0	0	0	0	0	0
AT4G19480	0	0	0	0	0	0
AT4G19485	0	0	0	0	0	0
AT4G19490	1091	1137	1084	969	945	966
AT4G19500	1157	1107	988	830	889	911
AT4G19510	834	1026	845	660	749	812
AT4G19520	385	848	476	241	509	721
AT4G19530	711	984	954	748	1106	852
AT4G19540	116	116	101	116	100	107
AT4G19550	52	51	51	44	36	40
AT4G19560	25	15	20	19	17	17
AT4G19570	0	2	1	0	2	1
AT4G19580	0	0	0	0	0	0
AT4G19590	10	10	18	10	7	10
AT4G19600	498	542	453	397	371	423
AT4G19610	436	414	430	402	374	400
AT4G19620	0	0	0	0	0	0
AT4G19630	1	2	0	2	2	3
AT4G19640	1085	1160	1011	851	952	942
AT4G19645	65	61	56	27	36	37
AT4G19650	63	59	68	61	60	52
AT4G19660	534	664	565	345	449	425
AT4G19670	615	673	597	490	504	526
AT4G19680	125	41	62	57	41	36
AT4G19690	0	0	0	3	1	0
AT4G19700	376	283	331	279	332	284
AT4G19710	1094	1107	969	969	895	841
AT4G19720	46	54	29	38	27	17
AT4G19730	0	0	0	0	0	0
AT4G19740	1	0	1	5	3	4
AT4G19750	1	0	0	1	1	0
AT4G19760	0	0	0	0	0	0
AT4G19770	0	0	0	0	0	0
AT4G19800	0	0	1	0	0	0
AT4G19810	2519	2990	2105	679	909	1537
AT4G19820	21	16	22	16	16	12
AT4G19830	111	107	111	122	125	90
AT4G19840	1600	1974	1763	2377	2363	2452
AT4G19850	2	6	4	5	7	4
AT4G19860	1353	1230	1291	1318	1264	1276
AT4G19865	55	62	51	56	57	49
AT4G19870	89	89	102	78	86	110
AT4G19880	1990	2174	1978	1741	1786	1970
AT4G19890	84	93	88	126	104	112
AT4G19900	220	256	216	222	189	189
AT4G19905	0	0	1	0	1	0
AT4G19910	0	0	0	0	0	0
AT4G19920	28	12	23	10	29	21
AT4G19925	3	1	3	0	1	5
AT4G19930	0	0	0	0	0	0
AT4G19940	0	1	0	0	1	0
AT4G19950	81	85	74	6	1	6
AT4G19960	504	700	479	249	286	315
AT4G19970	57	109	46	38	47	46
AT4G19975	89	54	50	20	24	15
AT4G19980	18	23	12	15	17	21
AT4G19985	268	242	207	280	215	222
AT4G19990	357	439	337	276	308	307
AT4G20000	108	216	157	99	136	123
AT4G20010	316	394	311	349	339	331
AT4G20020	428	424	398	524	464	414
AT4G20030	87	51	55	71	68	56
AT4G20040	11	20	11	13	9	12
AT4G20050	22	28	32	19	20	25
AT4G20060	104	81	96	78	72	78
AT4G20070	358	335	384	344	313	257
AT4G20080	0	0	0	0	0	0
AT4G20090	92	110	82	92	89	86
AT4G20095	0	0	1	0	0	0
AT4G20100	0	0	0	0	0	0
AT4G20110	1097	1022	896	472	658	662
AT4G20115	0	0	0	0	0	0
AT4G20130	605	713	589	731	620	660
AT4G20140	290	242	228	284	269	243
AT4G20150	825	827	755	693	642	602
AT4G20160	50	24	34	9	12	2
AT4G20170	362	450	296	172	179	196
AT4G20190	20	11	10	12	7	8
AT4G20200	0	0	0	0	0	0
AT4G20210	33	36	31	24	17	22
AT4G20220	0	0	0	0	0	0
AT4G20230	74	67	78	72	74	84
AT4G20235	25	14	24	21	19	19
AT4G20240	53	68	86	100	85	84
AT4G20250	0	0	0	0	0	0
AT4G20260	3790	3461	3643	2638	2988	2967
AT4G20270	766	646	663	802	686	621
AT4G20280	202	204	188	203	185	200
AT4G20290	0	0	0	0	0	0
AT4G20300	722	681	693	750	638	626
AT4G20310	104	108	97	91	95	81
AT4G20320	283	239	218	357	262	269
AT4G20325	93	108	75	93	72	78
AT4G20330	516	543	500	464	464	464
AT4G20340	204	169	161	148	156	125
AT4G20350	45	32	33	52	44	41
AT4G20360	0	1	0	0	1	0
AT4G20362	18	12	16	16	16	15
AT4G20370	0	0	1	3	1	1
AT4G20380	352	395	315	320	318	332
AT4G20390	183	278	184	228	175	148
AT4G20400	768	782	693	740	725	660
AT4G20410	475	465	415	500	517	435
AT4G20420	0	0	0	0	0	0
AT4G20430	253	289	237	343	295	270
AT4G20440	349	328	310	324	273	288
AT4G20450	69	38	47	14	7	14
AT4G20460	181	130	161	145	125	125
AT4G20470	1	0	0	0	1	0
AT4G20480	540	610	550	457	561	531
AT4G20520	0	0	0	0	0	0
AT4G20530	0	0	0	0	0	0
AT4G20535	0	0	0	0	0	0
AT4G20540	0	0	0	0	0	0
AT4G20545	0	0	0	0	0	0
AT4G20550	0	0	0	0	0	0
AT4G20555	0	0	0	0	0	0
AT4G20560	0	0	0	0	0	0
AT4G20565	0	0	0	0	0	0
AT4G20570	0	0	0	0	0	0
AT4G20575	0	0	0	0	0	0
AT4G20580	0	0	0	0	0	0
AT4G20590	0	0	0	0	0	0
AT4G20600	0	0	0	0	0	0
AT4G20610	0	0	0	0	0	0
AT4G20620	0	0	0	0	0	0
AT4G20630	0	0	0	0	0	0
AT4G20640	0	0	0	0	0	0
AT4G20645	0	0	0	0	0	0
AT4G20650	0	0	0	0	0	0
AT4G20670	0	0	0	0	0	0
AT4G20680	0	0	0	0	0	0
AT4G20690	3	4	2	1	4	4
AT4G20700	0	1	0	1	0	0
AT4G20703	0	0	0	0	0	0
AT4G20707	0	0	0	0	0	0
AT4G20720	8	10	15	5	10	13
AT4G20735	0	0	0	0	0	0
AT4G20740	70	83	82	117	124	102
AT4G20760	166	205	142	198	195	172
AT4G20770	11	15	16	11	19	20
AT4G20780	175	221	198	141	172	158
AT4G20790	0	0	0	0	0	0
AT4G20800	0	0	0	0	0	1
AT4G20810	0	0	0	0	0	0
AT4G20820	166	200	168	176	170	170
AT4G20830	940	1546	957	718	954	1069
AT4G20835	0	0	0	0	0	0
AT4G20840	309	258	275	316	269	292
AT4G20850	4563	4595	4183	4064	4060	3907
AT4G20860	1625	1949	1527	885	1181	1358
AT4G20870	279	258	240	275	242	246
AT4G20880	312	371	291	297	288	332
AT4G20890	2244	2422	2236	2064	2108	2020
AT4G20900	0	0	1	0	0	0
AT4G20910	137	136	133	146	140	133
AT4G20920	6	3	2	5	2	3
AT4G20930	88	111	78	82	84	122
AT4G20935	10	21	15	12	20	17
AT4G20940	169	175	158	231	210	176
AT4G20947	0	0	0	0	0	0
AT4G20953	2	1	1	0	1	0
AT4G20960	456	468	388	470	424	401
AT4G20970	4	6	3	8	5	6
AT4G20980	996	965	936	959	942	936
AT4G20990	0	2	0	1	2	0
AT4G21000	0	0	0	0	0	0
AT4G21010	0	0	0	0	0	0
AT4G21020	0	1	1	0	0	0
AT4G21030	0	0	0	0	0	0
AT4G21040	0	0	0	0	0	0
AT4G21050	0	0	0	0	0	0
AT4G21060	175	154	103	145	131	101
AT4G21063	4	7	4	2	4	2
AT4G21065	21	35	25	23	43	25
AT4G21070	145	128	108	120	104	121
AT4G21080	0	0	0	1	0	0
AT4G21090	136	147	143	113	118	106
AT4G21100	477	524	443	480	418	373
AT4G21105	1096	1022	960	899	900	797
AT4G21110	390	463	374	386	355	340
AT4G21120	89	108	93	42	39	54
AT4G21130	0	0	0	0	0	0
AT4G21140	157	152	151	184	173	142
AT4G21150	1508	1591	1427	1330	1345	1216
AT4G21160	458	480	418	428	412	398
AT4G21170	41	48	49	41	53	43
AT4G21180	327	391	258	282	312	300
AT4G21190	211	230	205	283	256	222
AT4G21192	58	76	92	58	58	60
AT4G21200	43	32	39	40	41	21
AT4G21210	1641	1709	1421	1439	1511	1323
AT4G21213	0	0	0	0	0	0
AT4G21215	309	362	312	204	252	245
AT4G21220	35	46	42	34	43	41
AT4G21230	121	116	117	97	105	103
AT4G21240	0	0	0	0	0	0
AT4G21250	13	7	7	6	1	12
AT4G21260	0	0	0	0	0	0
AT4G21270	175	155	164	142	144	160
AT4G21280	5649	7078	5209	7153	6398	5513
AT4G21300	39	36	18	32	34	23
AT4G21310	14	14	14	11	10	6
AT4G21320	55	72	67	55	60	63
AT4G21323	6	12	9	17	11	9
AT4G21326	161	199	148	188	182	181
AT4G21330	0	0	0	0	0	0
AT4G21340	35	34	23	19	20	27
AT4G21350	179	210	195	195	167	177
AT4G21362	0	0	0	0	0	0
AT4G21366	0	0	0	0	0	0
AT4G21380	542	712	430	137	273	277
AT4G21390	179	303	193	73	104	108
AT4G21400	247	230	222	225	244	219
AT4G21410	697	723	801	781	815	783
AT4G21430	281	313	286	288	299	266
AT4G21440	13	4	6	3	4	2
AT4G21445	205	227	153	206	187	159
AT4G21450	1192	1225	1105	1035	1087	992
AT4G21460	256	319	204	252	235	227
AT4G21470	709	672	558	408	390	440
AT4G21480	16	24	21	15	22	15
AT4G21490	3	4	4	2	1	2
AT4G21500	19	21	24	35	16	19
AT4G21510	70	92	101	97	101	93
AT4G21515	0	0	0	0	0	0
AT4G21520	135	127	107	115	109	109
AT4G21530	108	104	108	113	111	109
AT4G21534	321	315	266	211	218	234
AT4G21540	363	373	327	305	276	282
AT4G21550	61	69	58	75	76	65
AT4G21560	276	349	289	251	270	259
AT4G21570	678	772	567	555	641	697
AT4G21580	943	1088	839	631	840	871
AT4G21585	77	88	71	64	61	62
AT4G21590	35	28	22	35	38	45
AT4G21595	0	0	0	0	0	0
AT4G21600	281	233	249	202	199	184
AT4G21610	48	48	51	47	44	57
AT4G21620	680	893	753	685	755	690
AT4G21630	0	0	0	0	0	0
AT4G21640	0	0	0	0	0	0
AT4G21650	486	382	205	380	451	500
AT4G21660	2119	2079	1943	2079	1909	1899
AT4G21670	468	444	464	445	464	442
AT4G21680	332	209	144	34	48	135
AT4G21690	0	0	0	0	1	1
AT4G21700	129	148	154	152	138	147
AT4G21705	99	90	79	101	86	88
AT4G21710	1181	1333	1122	1149	1177	1180
AT4G21720	72	77	48	53	53	56
AT4G21740	167	257	189	127	122	123
AT4G21745	11	12	7	5	8	5
AT4G21750	859	956	843	1061	923	826
AT4G21760	8	11	13	40	30	20
AT4G21770	202	190	181	225	222	193
AT4G21780	12	9	10	8	8	4
AT4G21790	1261	1191	1050	1002	1017	1039
AT4G21800	383	400	365	347	335	309
AT4G21810	399	424	378	370	422	393
AT4G21820	95	84	83	78	74	77
AT4G21830	813	274	308	119	107	344
AT4G21840	67	31	27	6	11	23
AT4G21850	1079	662	756	494	462	680
AT4G21860	1391	1651	1327	1571	1468	1422
AT4G21865	48	46	46	38	45	47
AT4G21870	205	220	271	335	324	214
AT4G21880	138	132	115	133	126	145
AT4G21890	92	100	65	78	65	54
AT4G21895	0	0	0	0	0	0
AT4G21900	99	103	109	135	111	109
AT4G21902	4	3	4	2	3	1
AT4G21903	69	83	60	54	58	64
AT4G21910	857	861	643	690	730	865
AT4G21920	23	41	25	10	17	19
AT4G21926	2	1	1	1	0	2
AT4G21930	9	6	3	3	2	5
AT4G21940	46	62	29	9	9	13
AT4G21950	0	0	0	0	0	0
AT4G21960	37907	47189	40088	31294	33106	29948
AT4G21970	3	2	2	10	7	6
AT4G21980	791	828	755	552	648	573
AT4G21990	3998	3779	3204	2473	2240	2719
AT4G22000	434	468	454	429	385	418
AT4G22010	674	661	627	677	584	627
AT4G22030	1	2	4	0	1	0
AT4G22035	2	1	1	0	0	0
AT4G22050	3	0	1	2	1	1
AT4G22060	0	0	0	0	0	0
AT4G22070	230	161	176	151	167	184
AT4G22080	263	141	172	107	76	55
AT4G22090	4	0	1	3	3	2
AT4G22100	0	0	0	0	0	0
AT4G22105	0	0	0	0	0	0
AT4G22110	30	28	20	12	7	15
AT4G22115	0	0	0	0	0	0
AT4G22120	550	410	397	475	463	404
AT4G22130	462	465	471	519	442	473
AT4G22140	399	446	449	447	377	386
AT4G22150	365	388	325	378	309	318
AT4G22160	114	97	90	71	78	84
AT4G22165	0	0	0	0	0	0
AT4G22170	0	2	1	0	0	1
AT4G22180	0	0	0	0	0	0
AT4G22190	469	514	410	334	377	344
AT4G22200	287	311	222	179	166	158
AT4G22210	0	0	0	0	0	0
AT4G22212	46	32	38	42	27	47
AT4G22214	218	76	76	55	37	56
AT4G22217	21	26	16	13	3	7
AT4G22220	1183	1164	1001	1053	907	964
AT4G22230	33	36	25	32	16	20
AT4G22233	1	1	0	3	0	1
AT4G22235	0	0	0	0	0	0
AT4G22240	2620	2801	2006	1872	1934	2091
AT4G22250	71	78	59	74	58	58
AT4G22260	531	580	440	421	400	438
AT4G22265	1	0	0	1	1	2
AT4G22270	94	71	72	60	46	60
AT4G22280	18	15	19	15	28	6
AT4G22285	342	314	315	287	291	326
AT4G22290	212	227	220	238	226	196
AT4G22300	221	268	223	199	226	204
AT4G22305	110	109	107	79	78	83
AT4G22310	1075	1139	1083	1090	1061	952
AT4G22320	128	114	125	97	109	112
AT4G22330	565	625	566	584	543	481
AT4G22340	201	207	183	162	152	154
AT4G22350	155	144	144	147	125	151
AT4G22360	328	338	304	301	315	337
AT4G22370	9	9	4	7	8	4
AT4G22380	112	91	97	112	111	99
AT4G22390	5	12	6	9	3	4
AT4G22400	0	0	0	0	0	0
AT4G22410	0	0	0	0	0	0
AT4G22430	0	0	0	0	0	0
AT4G22440	0	0	0	0	0	0
AT4G22460	0	0	0	0	0	0
AT4G22463	0	0	0	0	0	0
AT4G22467	0	4	4	1	4	3
AT4G22470	42	60	54	26	33	59
AT4G22475	19	13	4	19	6	14
AT4G22485	135	89	70	131	82	77
AT4G22490	1018	952	754	973	959	986
AT4G22495	0	0	0	0	0	0
AT4G22505	6	1	4	6	3	3
AT4G22510	0	1	0	0	0	0
AT4G22513	10	8	12	7	4	9
AT4G22517	890	858	833	866	882	753
AT4G22520	0	0	0	0	0	0
AT4G22530	184	257	175	145	184	178
AT4G22540	1104	1226	1083	1176	1125	1064
AT4G22550	80	72	72	79	67	72
AT4G22560	27	24	24	27	33	23
AT4G22570	256	234	235	215	193	201
AT4G22580	192	197	159	155	170	147
AT4G22590	310	312	257	214	196	220
AT4G22600	1	0	2	0	0	0
AT4G22610	182	95	106	36	19	58
AT4G22620	4	1	1	1	1	0
AT4G22630	0	0	0	0	0	0
AT4G22635	0	0	0	0	0	0
AT4G22640	8	1	3	4	2	3
AT4G22650	0	0	0	0	0	0
AT4G22660	1	0	0	1	0	1
AT4G22666	317	116	154	129	69	47
AT4G22670	1392	1473	1523	1324	1375	1198
AT4G22680	13	27	13	12	9	12
AT4G22690	2244	3361	2885	1308	1899	1549
AT4G22700	0	0	0	0	0	0
AT4G22710	23	53	42	25	33	35
AT4G22720	328	370	302	300	298	285
AT4G22730	41	53	40	61	52	41
AT4G22740	670	691	569	551	530	552
AT4G22745	200	221	173	167	194	193
AT4G22750	429	464	410	407	437	419
AT4G22754	0	0	0	0	0	0
AT4G22755	96	67	49	71	81	84
AT4G22756	195	237	149	189	165	149
AT4G22758	49	50	44	35	27	28
AT4G22760	44	47	47	39	60	30
AT4G22770	76	75	74	73	67	77
AT4G22780	237	418	302	169	234	279
AT4G22790	72	58	53	40	52	58
AT4G22810	152	102	88	100	85	104
AT4G22820	429	449	391	298	338	368
AT4G22830	134	124	109	125	113	100
AT4G22840	160	144	136	127	173	170
AT4G22850	159	123	151	112	131	93
AT4G22860	108	90	103	107	111	110
AT4G22870	0	0	0	0	0	0
AT4G22880	63	78	28	68	44	127
AT4G22890	1981	2253	1518	2204	1904	1831
AT4G22900	21	22	15	23	6	15
AT4G22910	229	260	204	223	186	186
AT4G22920	540	557	421	196	233	247
AT4G22930	603	645	566	613	524	521
AT4G22940	9	8	9	8	5	7
AT4G22950	28	26	21	33	36	45
AT4G22960	14	14	9	5	12	9
AT4G22970	129	121	133	131	119	83
AT4G22980	139	166	111	33	49	63
AT4G22990	102	136	105	176	177	186
AT4G23000	609	615	454	295	246	326
AT4G23010	710	795	641	384	565	541
AT4G23015	0	0	0	0	0	0
AT4G23020	48	58	32	55	44	45
AT4G23030	37	40	44	25	33	29
AT4G23040	212	256	178	222	198	204
AT4G23050	531	498	450	370	368	367
AT4G23060	175	189	156	295	207	209
AT4G23070	14	9	6	8	4	3
AT4G23080	0	0	0	0	0	0
AT4G23090	0	0	0	0	0	0
AT4G23100	6610	5831	5196	4386	5179	5257
AT4G23110	0	0	0	0	0	0
AT4G23120	0	0	0	0	0	0
AT4G23130	254	333	293	104	154	132
AT4G23140	124	286	139	32	51	68
AT4G23150	58	76	19	8	31	35
AT4G23160	13	20	12	3	4	6
AT4G23170	697	998	622	323	386	434
AT4G23180	1033	2680	1318	690	1230	1509
AT4G23190	570	1157	790	357	497	592
AT4G23200	69	138	74	19	17	13
AT4G23205	2	3	3	5	2	0
AT4G23210	28	81	77	46	38	37
AT4G23220	103	299	161	41	60	74
AT4G23230	82	129	90	6	17	17
AT4G23240	35	29	23	12	14	22
AT4G23250	383	545	299	115	187	265
AT4G23260	1080	1183	1062	523	800	705
AT4G23270	1064	1302	1163	392	579	571
AT4G23271	0	0	0	0	0	0
AT4G23280	24	44	41	13	16	12
AT4G23290	148	222	265	116	127	112
AT4G23300	262	379	357	238	305	253
AT4G23310	49	34	17	0	1	7
AT4G23320	83	136	57	10	21	20
AT4G23330	193	255	174	170	181	169
AT4G23340	11	11	27	12	11	8
AT4G23350	0	0	1	0	1	1
AT4G23355	0	0	0	0	0	0
AT4G23360	0	0	0	0	0	0
AT4G23365	0	0	0	0	0	0
AT4G23370	0	0	0	0	0	0
AT4G23373	0	0	0	0	0	0
AT4G23375	0	0	0	0	0	0
AT4G23380	0	0	0	0	0	0
AT4G23387	0	0	0	0	0	0
AT4G23390	0	0	0	0	0	0
AT4G23400	1359	1213	1282	1014	1047	966
AT4G23410	53	50	69	45	49	54
AT4G23420	116	75	92	85	72	102
AT4G23430	833	807	704	623	618	653
AT4G23440	260	251	258	259	211	232
AT4G23450	72	53	64	35	16	22
AT4G23460	1055	1034	992	903	943	942
AT4G23470	1598	1731	1586	1378	1409	1508
AT4G23490	178	196	149	172	161	152
AT4G23493	18	24	33	26	27	15
AT4G23496	26	17	20	29	26	36
AT4G23500	195	279	174	278	214	238
AT4G23510	233	191	250	142	138	124
AT4G23515	14	15	16	14	13	13
AT4G23520	0	0	0	0	0	0
AT4G23530	132	196	156	96	107	125
AT4G23540	377	408	357	315	360	345
AT4G23550	106	87	134	115	154	156
AT4G23560	0	0	0	0	0	0
AT4G23570	751	952	753	455	575	542
AT4G23580	0	0	0	0	0	0
AT4G23590	42	27	31	39	28	41
AT4G23600	463	837	392	314	502	822
AT4G23610	4	5	3	3	3	1
AT4G23620	178	204	165	207	155	179
AT4G23630	2793	2647	2434	1898	1864	1780
AT4G23635	0	0	0	0	0	0
AT4G23640	841	914	725	752	673	614
AT4G23650	2126	2310	2019	1724	1846	1599
AT4G23660	132	109	98	113	126	103
AT4G23670	14832	17929	14746	13445	12772	17304
AT4G23680	1190	990	1098	608	617	934
AT4G23690	362	431	386	353	411	357
AT4G23700	912	1032	852	387	695	842
AT4G23710	579	523	537	442	397	433
AT4G23713	2	0	0	0	0	0
AT4G23720	6	14	4	6	12	12
AT4G23730	348	349	313	279	280	274
AT4G23740	366	383	330	428	378	374
AT4G23750	125	185	164	175	168	197
AT4G23760	95	102	92	94	89	79
AT4G23770	42	30	31	19	29	17
AT4G23780	0	1	1	1	0	1
AT4G23790	222	230	187	200	184	145
AT4G23800	1118	1034	1088	1374	1067	1149
AT4G23810	384	1629	652	168	300	453
AT4G23820	534	535	650	657	776	661
AT4G23840	137	155	148	135	138	119
AT4G23850	3615	3859	3535	2914	3177	3296
AT4G23860	317	325	276	257	274	272
AT4G23870	95	165	139	151	210	219
AT4G23880	76	113	100	67	87	82
AT4G23882	0	0	1	0	0	1
AT4G23885	299	292	274	231	259	266
AT4G23890	699	937	706	776	771	710
AT4G23895	155	152	130	136	125	124
AT4G23900	1	1	1	1	0	0
AT4G23910	235	265	217	203	194	202
AT4G23915	0	0	0	0	0	0
AT4G23920	191	202	142	120	118	122
AT4G23930	35	23	16	30	32	23
AT4G23940	650	735	560	669	649	633
AT4G23950	93	96	81	86	89	70
AT4G23960	0	0	0	0	0	0
AT4G23970	0	0	0	0	0	0
AT4G23980	733	584	569	536	448	474
AT4G23990	238	265	124	108	103	133
AT4G24000	161	147	44	4	19	34
AT4G24010	29	29	20	11	12	23
AT4G24015	57	60	84	77	92	116
AT4G24020	1083	1178	1042	835	983	924
AT4G24025	0	0	0	0	0	0
AT4G24026	4	4	1	2	3	1
AT4G24030	0	1	0	0	0	0
AT4G24040	159	204	152	104	137	120
AT4G24050	105	97	72	107	90	74
AT4G24060	391	439	428	451	438	429
AT4G24070	0	0	0	0	0	0
AT4G24080	12	15	16	22	5	10
AT4G24090	301	305	244	318	273	238
AT4G24100	407	408	389	331	352	330
AT4G24110	216	490	377	182	314	358
AT4G24120	678	675	722	332	466	450
AT4G24130	200	219	171	179	155	176
AT4G24140	211	344	236	209	252	185
AT4G24150	13	15	11	7	5	12
AT4G24160	590	679	556	480	537	551
AT4G24170	10	6	5	12	2	2
AT4G24175	105	107	95	124	108	94
AT4G24180	8	9	6	15	9	7
AT4G24190	7396	8778	7496	6782	7116	6661
AT4G24200	435	435	378	319	328	341
AT4G24204	1	0	0	1	0	0
AT4G24210	350	339	318	272	276	299
AT4G24220	3165	3461	3020	2549	2805	2709
AT4G24230	662	951	888	652	845	874
AT4G24231	1	0	0	0	0	0
AT4G24240	398	629	604	494	569	530
AT4G24250	28	21	19	28	20	23
AT4G24260	19	17	10	3	3	3
AT4G24265	35	30	28	37	26	28
AT4G24270	446	491	451	389	431	412
AT4G24275	101	99	96	114	101	100
AT4G24280	4825	5099	4249	4523	4616	4128
AT4G24290	1148	1256	1189	1015	1108	1059
AT4G24300	0	0	0	0	0	0
AT4G24310	70	55	97	48	39	53
AT4G24320	21	50	41	21	30	43
AT4G24330	1482	1392	1345	1181	1172	1173
AT4G24340	155	132	131	130	106	161
AT4G24350	2662	1912	1809	742	1006	1128
AT4G24370	85	113	100	87	91	103
AT4G24380	147	236	124	85	128	186
AT4G24390	188	190	187	195	190	193
AT4G24400	672	676	554	491	492	532
AT4G24410	7	9	7	5	5	3
AT4G24413	0	1	0	1	1	0
AT4G24415	8	14	12	15	10	7
AT4G24420	3	3	3	0	0	0
AT4G24430	35	50	32	31	24	29
AT4G24440	293	314	311	277	262	245
AT4G24450	440	662	450	433	437	477
AT4G24460	271	286	215	206	228	204
AT4G24470	287	302	256	265	245	244
AT4G24480	463	337	326	300	272	296
AT4G24490	397	370	368	361	369	334
AT4G24500	160	182	145	177	153	133
AT4G24510	182	245	278	277	278	182
AT4G24520	2644	2724	2439	2423	2350	2227
AT4G24530	170	209	171	194	157	195
AT4G24540	216	229	216	233	199	257
AT4G24550	1237	1295	1078	1150	1107	1028
AT4G24560	571	592	582	515	542	553
AT4G24565	0	0	0	0	0	0
AT4G24570	590	1534	801	384	381	881
AT4G24580	159	82	105	105	79	63
AT4G24590	286	235	240	210	177	175
AT4G24600	0	0	1	1	0	0
AT4G24610	329	348	344	423	364	352
AT4G24615	0	0	0	0	0	0
AT4G24620	2320	2367	2174	2180	2061	1937
AT4G24630	262	280	266	218	219	202
AT4G24640	0	0	0	0	0	0
AT4G24644	0	0	0	0	0	0
AT4G24650	0	0	0	0	0	0
AT4G24660	51	55	63	67	84	105
AT4G24670	92	99	87	132	122	118
AT4G24680	1543	1728	1440	1401	1463	1437
AT4G24690	5470	5749	5438	4307	5102	4670
AT4G24700	42	32	22	11	8	12
AT4G24710	61	40	51	70	47	50
AT4G24715	0	0	0	0	0	1
AT4G24730	125	154	120	132	143	128
AT4G24740	1171	1290	1044	984	908	934
AT4G24750	788	965	788	999	1003	818
AT4G24760	324	278	282	279	264	223
AT4G24770	6201	6210	5456	6679	5962	5566
AT4G24780	879	925	910	1129	929	867
AT4G24790	221	217	170	195	206	184
AT4G24800	933	1058	959	1040	938	1011
AT4G24805	188	223	196	152	191	205
AT4G24810	283	220	219	230	246	212
AT4G24820	1716	1662	1588	1503	1480	1446
AT4G24830	1295	1220	1140	1136	1110	1146
AT4G24840	741	723	727	622	677	593
AT4G24860	12	4	8	10	12	8
AT4G24880	164	167	150	150	141	141
AT4G24890	84	127	81	32	35	64
AT4G24900	132	133	119	155	131	125
AT4G24910	23	20	21	25	13	21
AT4G24920	625	642	571	604	547	553
AT4G24930	859	810	677	848	723	666
AT4G24940	389	398	384	324	313	293
AT4G24950	0	0	0	0	0	0
AT4G24960	438	473	326	342	295	326
AT4G24970	165	197	150	141	150	146
AT4G24972	284	206	264	238	187	184
AT4G24973	1	0	2	1	0	0
AT4G24974	0	0	0	0	0	0
AT4G24975	0	0	0	0	0	0
AT4G24980	0	0	1	0	0	0
AT4G24990	813	891	786	625	670	610
AT4G25000	52	58	30	3	2	2
AT4G25010	2	3	4	6	0	4
AT4G25020	59	76	39	22	18	25
AT4G25030	2146	2597	2147	1710	1984	1984
AT4G25040	0	0	0	0	0	0
AT4G25050	1987	2070	1912	1949	1888	1728
AT4G25070	196	143	141	86	96	81
AT4G25080	2075	2226	1881	2636	2501	2214
AT4G25090	226	212	239	138	182	166
AT4G25100	13675	15639	14400	13187	14333	13803
AT4G25110	142	191	220	107	232	205
AT4G25120	176	229	199	184	197	174
AT4G25130	2288	2561	2182	2057	2078	2061
AT4G25140	2	0	0	1	0	0
AT4G25150	90	110	58	75	43	64
AT4G25160	239	188	166	56	59	112
AT4G25170	1040	980	814	1315	1115	1158
AT4G25180	197	221	189	156	169	160
AT4G25190	36	22	19	21	17	14
AT4G25200	0	3	1	0	1	2
AT4G25210	608	643	573	544	599	642
AT4G25220	196	75	94	88	42	34
AT4G25225	61	63	37	56	46	44
AT4G25230	759	844	701	589	619	626
AT4G25240	163	169	151	164	134	128
AT4G25250	52	26	28	31	10	11
AT4G25260	334	385	328	309	327	284
AT4G25270	89	117	76	124	91	90
AT4G25280	241	264	197	206	221	201
AT4G25290	435	442	341	333	275	248
AT4G25300	79	92	100	53	60	78
AT4G25310	13	25	15	9	16	10
AT4G25315	68	58	57	57	63	59
AT4G25320	267	226	240	275	214	230
AT4G25330	0	0	1	0	0	1
AT4G25340	694	649	728	655	690	686
AT4G25350	25	28	30	32	23	18
AT4G25360	354	368	300	291	317	303
AT4G25370	1288	1319	1103	1229	1210	1176
AT4G25380	2	3	6	7	10	4
AT4G25390	275	329	252	223	214	277
AT4G25400	63	29	56	56	57	48
AT4G25410	38	22	35	30	24	22
AT4G25420	13	18	12	16	6	11
AT4G25430	0	0	2	0	0	1
AT4G25433	2	5	5	5	6	3
AT4G25434	72	65	52	36	37	38
AT4G25435	0	0	0	0	0	0
AT4G25440	202	240	205	212	202	219
AT4G25450	555	576	464	445	440	413
AT4G25470	55	61	33	9	13	11
AT4G25480	21	25	10	8	2	1
AT4G25490	22	27	12	2	6	13
AT4G25500	1031	1064	982	1007	895	941
AT4G25510	0	0	0	0	0	0
AT4G25515	155	196	163	145	133	141
AT4G25520	591	640	542	465	503	520
AT4G25530	1	0	0	0	0	0
AT4G25540	38	30	39	35	27	33
AT4G25550	486	501	444	482	413	415
AT4G25560	17	7	15	6	10	6
AT4G25570	1785	1647	1576	1645	1526	1380
AT4G25580	0	0	1	0	0	0
AT4G25585	0	0	0	0	0	0
AT4G25590	0	0	0	0	0	0
AT4G25600	66	76	53	77	69	83
AT4G25610	224	245	217	168	186	222
AT4G25620	537	559	567	381	450	499
AT4G25630	559	552	634	657	512	606
AT4G25631	0	0	0	0	2	1
AT4G25635	0	0	0	0	0	0
AT4G25640	1904	2119	1618	1101	948	1062
AT4G25650	1191	1387	1093	1132	1240	1177
AT4G25660	354	407	344	290	358	303
AT4G25670	740	841	670	465	560	630
AT4G25680	392	342	304	324	323	314
AT4G25690	464	390	355	333	358	384
AT4G25700	418	359	267	238	209	201
AT4G25707	31	39	34	29	31	30
AT4G25710	220	200	183	216	186	193
AT4G25719	4	4	8	6	2	3
AT4G25720	269	316	271	228	266	234
AT4G25730	973	957	988	948	921	860
AT4G25740	934	891	836	982	931	764
AT4G25750	22	28	35	43	30	32
AT4G25760	88	68	69	40	37	56
AT4G25770	267	260	241	234	255	263
AT4G25780	10	11	19	18	12	17
AT4G25790	192	111	132	70	57	52
AT4G25800	74	83	60	56	77	81
AT4G25810	740	316	336	152	251	321
AT4G25820	1662	977	1137	833	643	517
AT4G25830	75	93	86	129	89	114
AT4G25835	129	137	191	199	199	177
AT4G25840	342	344	326	300	290	316
AT4G25845	0	0	0	0	1	0
AT4G25850	13	30	26	16	17	23
AT4G25860	17	19	9	8	20	8
AT4G25870	428	391	318	374	329	292
AT4G25880	1037	1039	963	1037	1013	1035
AT4G25885	7	5	9	6	4	6
AT4G25890	241	192	214	233	230	221
AT4G25900	1095	1151	889	618	761	737
AT4G25910	381	453	354	436	406	345
AT4G25920	0	0	0	0	0	0
AT4G25930	0	0	0	0	0	1
AT4G25940	558	685	642	349	499	505
AT4G25950	0	1	1	3	0	3
AT4G25960	601	756	706	638	713	678
AT4G25970	1584	1753	1613	1567	1582	1505
AT4G25980	8	10	9	12	12	16
AT4G25990	88	117	147	175	147	125
AT4G26000	349	413	403	395	383	326
AT4G26010	1644	977	1083	831	565	470
AT4G26020	2	5	4	3	3	3
AT4G26030	0	0	0	0	0	0
AT4G26040	0	0	0	0	0	0
AT4G26050	2	3	3	4	2	0
AT4G26055	15	10	13	16	18	11
AT4G26060	230	256	257	131	185	189
AT4G26070	376	481	362	129	202	190
AT4G26080	1805	1692	1455	1476	1131	1225
AT4G26090	0	0	0	0	0	3
AT4G26095	0	0	1	0	0	0
AT4G26100	560	615	506	569	493	538
AT4G26110	1682	1849	1722	1551	1565	1471
AT4G26120	104	102	86	68	94	78
AT4G26130	1252	1436	1296	1368	1321	1277
AT4G26140	241	188	186	240	185	174
AT4G26145	0	0	0	0	0	0
AT4G26150	84	47	50	53	51	70
AT4G26160	129	139	127	102	117	107
AT4G26170	4	3	5	8	6	7
AT4G26180	87	84	63	68	64	69
AT4G26190	1114	1197	1154	1102	1110	1093
AT4G26200	189	302	282	115	198	201
AT4G26210	252	273	261	201	227	239
AT4G26220	315	241	260	189	175	168
AT4G26225	0	0	0	0	0	0
AT4G26230	1297	1108	1363	1337	1283	1300
AT4G26240	146	160	155	105	108	120
AT4G26250	0	0	0	0	0	0
AT4G26255	21	35	16	35	31	31
AT4G26260	1	4	1	5	10	6
AT4G26270	400	502	313	269	312	347
AT4G26280	0	0	0	0	0	0
AT4G26288	11	24	14	10	17	18
AT4G26290	0	0	0	0	0	0
AT4G26300	983	1041	953	1001	1031	922
AT4G26310	255	303	236	241	260	248
AT4G26320	22	7	9	7	8	5
AT4G26330	0	2	3	3	2	0
AT4G26340	0	0	0	0	0	0
AT4G26350	0	0	0	0	0	0
AT4G26365	0	0	0	0	0	0
AT4G26370	560	542	491	700	571	584
AT4G26375	0	0	0	0	0	0
AT4G26380	0	2	5	0	0	0
AT4G26385	0	0	0	0	0	0
AT4G26390	1	2	0	1	3	2
AT4G26400	302	545	376	355	324	378
AT4G26410	478	476	430	425	375	369
AT4G26415	29	39	25	47	27	24
AT4G26420	0	0	0	0	0	0
AT4G26430	85	110	88	77	90	73
AT4G26440	1	0	2	0	1	0
AT4G26450	671	702	637	642	658	617
AT4G26455	492	451	424	380	411	375
AT4G26460	1	6	1	0	3	1
AT4G26466	0	0	0	0	2	2
AT4G26470	240	184	230	170	195	188
AT4G26480	707	728	632	644	640	569
AT4G26483	0	0	0	0	0	0
AT4G26485	0	0	0	0	0	0
AT4G26488	1	1	2	2	3	2
AT4G26490	0	0	0	0	0	0
AT4G26500	0	0	0	0	0	0
AT4G26510	491	581	580	598	576	518
AT4G26520	393	386	326	487	382	312
AT4G26530	4350	4207	2838	4196	2803	2243
AT4G26540	132	131	116	177	118	135
AT4G26542	0	0	0	0	0	0
AT4G26550	148	126	106	127	112	110
AT4G26555	374	389	354	480	490	434
AT4G26560	2	0	3	1	1	1
AT4G26570	466	428	407	445	415	368
AT4G26580	17	21	19	10	12	10
AT4G26582	1	6	6	5	12	4
AT4G26590	0	0	0	0	1	1
AT4G26600	260	277	301	278	258	270
AT4G26610	401	464	409	424	436	420
AT4G26620	516	603	532	409	406	430
AT4G26630	3978	4208	3835	3332	3395	3433
AT4G26640	646	715	661	617	620	568
AT4G26650	594	594	550	524	462	457
AT4G26660	211	195	227	221	193	209
AT4G26670	585	747	603	762	647	587
AT4G26675	0	1	0	0	0	0
AT4G26680	34	37	29	39	26	30
AT4G26690	987	1028	882	843	888	993
AT4G26700	749	817	669	818	817	797
AT4G26701	0	0	0	0	1	0
AT4G26710	1059	1144	977	926	911	908
AT4G26720	360	428	350	330	330	315
AT4G26730	0	0	0	0	1	0
AT4G26740	0	1	0	2	0	0
AT4G26750	267	304	298	251	293	305
AT4G26760	497	491	443	591	504	526
AT4G26770	44	29	28	30	11	22
AT4G26780	258	238	218	216	209	235
AT4G26790	21	21	10	19	15	4
AT4G26795	7	13	12	4	5	7
AT4G26800	18	30	17	22	29	30
AT4G26810	36	49	37	34	38	45
AT4G26820	1	3	1	0	0	0
AT4G26830	16	36	33	26	29	35
AT4G26840	923	901	861	823	745	748
AT4G26850	6217	5495	4012	1734	1785	1812
AT4G26860	531	469	416	275	283	244
AT4G26870	966	966	833	888	902	754
AT4G26880	8	7	24	19	14	12
AT4G26890	47	52	37	21	21	30
AT4G26900	730	772	744	772	735	740
AT4G26910	1521	1596	1378	1099	1275	1152
AT4G26920	0	0	0	0	0	0
AT4G26930	1	0	3	0	0	0
AT4G26940	890	840	749	594	631	598
AT4G26950	72	45	48	16	16	19
AT4G26960	41	40	34	30	27	27
AT4G26965	98	77	88	91	88	76
AT4G26970	4380	4660	4357	3648	4040	3707
AT4G26980	125	146	108	122	129	123
AT4G26990	119	113	106	74	98	100
AT4G27000	1547	1556	1500	1455	1414	1378
AT4G27010	309	284	277	233	297	256
AT4G27020	405	411	379	333	352	366
AT4G27030	290	225	210	143	162	116
AT4G27040	534	530	459	442	439	435
AT4G27050	210	219	203	205	190	208
AT4G27060	545	608	569	550	521	500
AT4G27070	248	254	213	170	167	190
AT4G27080	562	517	488	552	510	437
AT4G27090	4321	4315	3833	4241	3814	3673
AT4G27100	198	203	201	179	189	207
AT4G27110	0	0	0	0	0	0
AT4G27120	600	575	486	589	506	480
AT4G27130	1815	1967	1757	1645	1602	1634
AT4G27140	0	0	0	0	0	1
AT4G27150	0	0	0	0	0	0
AT4G27160	0	0	0	0	0	0
AT4G27170	5	0	1	0	1	0
AT4G27180	885	1000	770	884	806	767
AT4G27190	1	1	0	2	1	1
AT4G27220	6	3	5	0	1	1
AT4G27230	272	225	229	232	216	205
AT4G27240	107	116	110	215	153	132
AT4G27250	4	2	3	6	10	5
AT4G27260	676	879	659	478	526	651
AT4G27270	153	120	131	118	103	94
AT4G27280	934	1446	759	713	620	848
AT4G27290	100	54	66	40	40	21
AT4G27300	1358	1814	1385	723	934	743
AT4G27310	296	354	295	196	181	171
AT4G27320	611	580	517	479	503	487
AT4G27330	0	0	0	0	0	0
AT4G27340	235	249	263	256	275	223
AT4G27350	144	137	125	92	94	94
AT4G27360	1	0	1	0	1	0
AT4G27370	172	163	140	178	161	156
AT4G27380	294	298	290	285	280	246
AT4G27390	247	275	217	244	234	249
AT4G27395	0	0	0	0	0	0
AT4G27400	23	23	33	39	32	22
AT4G27410	488	501	436	246	397	532
AT4G27415	0	0	0	0	0	0
AT4G27420	0	0	0	0	0	0
AT4G27430	1398	1543	1296	1224	1194	1169
AT4G27435	73	96	65	72	69	79
AT4G27440	10253	14927	10399	12156	12654	11663
AT4G27450	1047	2189	1356	720	1296	1169
AT4G27460	24	22	25	13	11	10
AT4G27470	327	296	320	192	228	228
AT4G27480	81	71	57	26	33	30
AT4G27490	85	84	86	87	93	110
AT4G27500	3738	3977	3680	3068	3273	3264
AT4G27510	6	7	11	8	10	11
AT4G27520	1796	1958	1426	1585	1375	1431
AT4G27530	1	1	0	4	6	1
AT4G27540	97	120	104	95	91	98
AT4G27550	0	0	0	1	1	1
AT4G27560	1085	961	735	528	488	552
AT4G27565	0	0	0	0	0	0
AT4G27570	0	0	5	1	3	3
AT4G27580	0	0	0	1	0	1
AT4G27585	429	478	429	375	384	452
AT4G27590	6	6	3	5	6	6
AT4G27595	276	275	216	266	218	208
AT4G27600	1393	1414	1165	1373	1358	1240
AT4G27610	278	293	272	319	289	276
AT4G27620	216	235	206	258	237	195
AT4G27630	119	125	133	122	142	113
AT4G27640	1070	1078	1046	1006	986	1021
AT4G27650	386	437	367	357	373	358
AT4G27652	75	92	66	21	24	53
AT4G27654	8	21	12	2	2	16
AT4G27657	103	71	67	28	20	48
AT4G27660	15	22	19	13	12	21
AT4G27670	1	5	0	2	0	2
AT4G27680	396	348	307	300	264	300
AT4G27690	192	194	187	201	186	181
AT4G27700	875	1207	852	1108	977	902
AT4G27710	444	534	434	517	538	526
AT4G27720	436	567	452	529	570	578
AT4G27730	134	123	170	150	179	117
AT4G27740	191	240	217	142	203	219
AT4G27745	218	220	186	161	180	170
AT4G27750	279	292	280	253	231	256
AT4G27760	377	415	398	438	405	372
AT4G27765	0	0	0	1	0	1
AT4G27780	214	215	185	160	187	184
AT4G27790	0	2	0	0	1	0
AT4G27800	1869	2351	1694	2136	1916	1746
AT4G27810	6	9	3	6	9	10
AT4G27820	572	513	455	453	366	312
AT4G27830	972	1137	809	583	771	797
AT4G27840	112	113	90	102	87	106
AT4G27845	1	0	1	0	0	1
AT4G27850	6	5	9	4	5	5
AT4G27852	6	12	16	10	6	7
AT4G27860	914	754	733	617	481	720
AT4G27870	1287	1248	1197	1325	1104	1155
AT4G27875	0	0	0	0	0	0
AT4G27880	204	251	210	226	184	196
AT4G27885	0	0	0	0	0	0
AT4G27890	0	0	1	0	0	0
AT4G27900	471	470	498	577	464	373
AT4G27910	312	271	240	313	248	235
AT4G27920	2	1	0	1	1	2
AT4G27940	185	210	123	119	108	127
AT4G27950	117	139	149	152	137	133
AT4G27960	1497	1710	1498	1387	1495	1444
AT4G27970	42	59	43	45	31	28
AT4G27980	3	6	3	3	9	10
AT4G27990	351	364	325	342	373	369
AT4G28000	0	0	0	0	0	0
AT4G28005	1	1	4	6	3	3
AT4G28010	84	65	68	71	78	77
AT4G28020	57	59	69	63	75	43
AT4G28025	846	846	774	818	719	744
AT4G28030	985	1113	932	947	922	863
AT4G28040	563	558	381	158	157	228
AT4G28050	246	263	206	235	209	201
AT4G28060	979	910	858	723	730	717
AT4G28068	0	0	0	0	0	0
AT4G28070	87	121	103	90	105	97
AT4G28080	6926	6175	5708	5757	5686	5196
AT4G28085	64	77	44	13	34	40
AT4G28088	2	1	0	1	1	0
AT4G28090	0	0	0	0	0	0
AT4G28100	304	275	250	216	195	233
AT4G28110	23	17	13	26	21	15
AT4G28130	0	0	0	0	0	0
AT4G28140	22	33	5	4	14	20
AT4G28150	38	42	38	38	38	41
AT4G28160	0	0	0	0	0	0
AT4G28162	15	14	14	20	11	16
AT4G28170	2	2	3	2	8	0
AT4G28180	32	37	41	36	35	47
AT4G28190	118	111	154	120	116	122
AT4G28200	492	544	481	440	477	429
AT4G28210	261	301	237	292	280	247
AT4G28220	295	287	254	290	266	248
AT4G28230	122	134	122	118	107	86
AT4G28240	341	356	337	558	442	384
AT4G28250	455	537	454	820	634	598
AT4G28260	1427	1577	1383	1023	1093	1112
AT4G28270	299	296	312	245	279	245
AT4G28280	3	5	4	2	3	1
AT4G28290	0	0	0	0	0	0
AT4G28300	962	1031	993	749	856	1009
AT4G28310	107	81	72	88	76	64
AT4G28320	81	54	78	71	78	68
AT4G28330	14	24	22	14	19	17
AT4G28340	1	2	1	0	1	1
AT4G28350	200	263	228	122	168	148
AT4G28360	344	364	345	362	315	326
AT4G28362	0	0	0	0	0	0
AT4G28365	0	0	1	2	0	0
AT4G28370	313	299	309	258	251	248
AT4G28380	35	33	41	38	25	25
AT4G28390	196	227	189	134	166	170
AT4G28395	0	0	0	0	0	0
AT4G28397	0	0	0	0	0	0
AT4G28400	384	696	498	401	469	502
AT4G28405	0	0	0	0	0	0
AT4G28410	30	28	29	43	28	27
AT4G28420	35	38	59	27	20	33
AT4G28430	52	42	47	52	53	49
AT4G28440	455	470	413	453	420	366
AT4G28450	353	387	347	365	421	345
AT4G28460	20	34	18	10	23	22
AT4G28470	915	978	840	886	857	825
AT4G28480	580	556	490	488	437	429
AT4G28485	1	1	3	1	1	3
AT4G28490	453	591	376	215	252	321
AT4G28500	29	28	24	31	25	35
AT4G28510	403	476	385	367	396	381
AT4G28520	0	0	0	0	0	0
AT4G28530	107	47	67	45	27	32
AT4G28540	955	885	863	805	795	811
AT4G28550	175	135	117	97	120	89
AT4G28556	1	2	1	1	3	0
AT4G28560	4	5	3	12	4	9
AT4G28570	561	544	530	466	503	489
AT4G28580	0	0	0	0	0	0
AT4G28590	181	129	172	159	135	153
AT4G28600	625	633	561	480	518	512
AT4G28610	718	729	694	662	629	562
AT4G28620	1	0	0	0	0	0
AT4G28630	261	286	238	346	306	295
AT4G28640	119	130	98	143	127	105
AT4G28650	38	26	31	28	20	24
AT4G28652	0	0	0	0	0	0
AT4G28660	880	734	624	853	691	634
AT4G28670	1	0	1	0	1	0
AT4G28680	45	54	50	52	52	51
AT4G28690	35	38	31	36	37	28
AT4G28700	5	13	13	7	6	5
AT4G28703	50	92	84	84	80	84
AT4G28706	520	586	493	618	557	518
AT4G28710	1249	1271	1197	994	1170	1059
AT4G28720	49	42	41	49	37	25
AT4G28730	184	225	154	165	173	170
AT4G28740	405	371	284	380	316	267
AT4G28750	2695	3806	2437	3570	3123	3036
AT4G28755	0	0	0	0	0	1
AT4G28760	766	855	803	813	861	810
AT4G28770	718	685	612	551	563	539
AT4G28775	0	0	0	0	0	0
AT4G28780	203	298	203	159	225	208
AT4G28790	79	72	86	15	12	16
AT4G28800	5	0	4	0	0	0
AT4G28811	1	3	1	0	0	0
AT4G28815	2	0	4	0	0	1
AT4G28820	47	51	36	40	44	38
AT4G28830	103	98	108	116	124	107
AT4G28840	97	53	69	78	57	64
AT4G28850	432	151	252	192	89	88
AT4G28860	499	512	451	436	493	441
AT4G28870	0	0	0	0	0	0
AT4G28880	840	892	793	749	767	753
AT4G28890	113	87	89	73	50	73
AT4G28910	1218	1213	1035	962	910	960
AT4G28915	0	0	0	0	0	0
AT4G28920	0	0	0	1	0	0
AT4G28930	9	13	11	4	5	7
AT4G28940	377	356	279	230	182	243
AT4G28950	29	39	37	37	46	25
AT4G28980	333	332	311	344	249	295
AT4G28990	118	108	111	107	103	94
AT4G29000	200	222	181	161	186	168
AT4G29010	2431	2676	2201	2219	2373	2323
AT4G29020	574	651	564	664	653	557
AT4G29030	245	233	200	251	239	264
AT4G29033	0	0	0	0	0	0
AT4G29035	0	0	0	0	0	0
AT4G29037	0	1	0	0	0	0
AT4G29040	1758	1687	1536	1515	1554	1453
AT4G29050	132	153	142	82	113	110
AT4G29060	7332	6655	5753	6930	6504	5866
AT4G29070	487	498	393	440	399	368
AT4G29080	326	276	302	393	324	291
AT4G29090	0	0	0	0	0	0
AT4G29100	639	617	580	582	492	581
AT4G29103	0	0	0	0	0	0
AT4G29110	130	125	95	131	129	79
AT4G29120	255	262	250	256	256	194
AT4G29130	1028	1018	910	783	815	739
AT4G29140	453	447	389	368	379	382
AT4G29150	18	19	18	17	27	17
AT4G29160	1488	1652	1385	1369	1418	1500
AT4G29170	73	58	61	62	51	61
AT4G29180	262	123	129	94	59	50
AT4G29190	954	1178	1013	871	954	863
AT4G29200	0	0	0	0	0	0
AT4G29210	798	818	716	538	595	678
AT4G29220	1410	1420	1295	1343	1299	1242
AT4G29230	113	112	84	84	71	70
AT4G29240	46	55	42	60	53	54
AT4G29250	0	0	0	0	0	0
AT4G29260	505	511	447	392	390	393
AT4G29270	657	704	744	637	533	624
AT4G29273	0	0	0	0	0	0
AT4G29280	0	0	0	0	0	0
AT4G29283	0	0	0	0	0	0
AT4G29285	0	0	0	0	0	0
AT4G29290	0	0	0	0	0	0
AT4G29300	0	0	0	0	0	0
AT4G29305	0	0	0	1	1	1
AT4G29310	244	330	307	264	348	393
AT4G29330	538	606	485	428	439	429
AT4G29340	46	26	26	40	19	26
AT4G29350	3868	3745	3555	2722	2868	2738
AT4G29360	176	188	150	270	160	167
AT4G29370	3	2	1	0	2	0
AT4G29380	786	659	610	545	611	576
AT4G29390	247	189	202	243	174	207
AT4G29400	108	136	104	138	140	170
AT4G29410	1368	1254	1425	1390	1269	1275
AT4G29415	0	0	0	0	0	0
AT4G29420	87	94	85	85	74	79
AT4G29430	125	131	113	128	115	106
AT4G29440	333	425	342	327	336	367
AT4G29450	5	1	2	1	0	0
AT4G29460	0	0	0	0	0	0
AT4G29470	1	3	0	3	1	0
AT4G29480	1285	1262	1146	1070	1053	988
AT4G29490	686	736	672	657	634	655
AT4G29510	430	498	450	487	465	436
AT4G29520	524	636	507	507	525	474
AT4G29530	52	56	42	40	52	38
AT4G29540	44	37	36	44	43	34
AT4G29548	1	1	0	1	0	0
AT4G29550	6	3	4	4	5	4
AT4G29560	41	37	43	34	34	42
AT4G29570	2	1	2	2	0	1
AT4G29580	0	0	0	0	0	0
AT4G29590	390	418	278	467	387	378
AT4G29600	0	0	0	0	0	0
AT4G29610	14	56	23	29	31	37
AT4G29620	0	0	0	0	0	0
AT4G29630	0	0	0	0	0	0
AT4G29640	0	0	1	0	0	1
AT4G29650	0	2	0	1	0	0
AT4G29654	0	0	0	0	0	0
AT4G29658	0	0	0	0	0	0
AT4G29660	109	109	101	79	70	97
AT4G29670	852	1083	748	842	829	899
AT4G29680	487	405	398	466	339	385
AT4G29690	455	308	272	210	131	187
AT4G29700	1069	884	697	529	421	648
AT4G29710	6	6	3	6	0	5
AT4G29720	286	313	307	316	322	293
AT4G29730	69	67	82	69	68	76
AT4G29735	225	201	176	215	156	181
AT4G29740	132	137	122	71	64	78
AT4G29750	714	747	665	714	655	665
AT4G29760	2	1	2	1	2	0
AT4G29770	2	3	1	0	2	0
AT4G29780	636	1504	660	467	360	679
AT4G29790	598	675	553	529	570	536
AT4G29800	123	82	86	79	67	68
AT4G29810	702	729	630	460	521	483
AT4G29820	110	140	140	104	124	128
AT4G29830	134	138	133	145	128	129
AT4G29840	865	972	769	857	824	741
AT4G29850	2	1	3	1	2	1
AT4G29860	89	109	82	86	87	95
AT4G29870	462	409	491	469	478	438
AT4G29880	6	15	11	10	8	7
AT4G29890	223	308	250	287	253	236
AT4G29900	1650	1874	1532	1444	1675	1659
AT4G29905	478	399	417	614	544	546
AT4G29910	116	132	124	125	141	127
AT4G29920	96	78	82	90	68	65
AT4G29930	154	89	106	87	45	86
AT4G29940	352	373	362	358	297	339
AT4G29950	1617	1701	1543	856	1220	1301
AT4G29960	372	412	385	343	328	314
AT4G29970	0	0	0	0	0	0
AT4G29980	0	0	0	0	1	0
AT4G29990	53	34	43	51	38	40
AT4G30000	118	119	97	105	95	107
AT4G30010	1863	1988	1821	1641	1574	1406
AT4G30020	953	1060	837	1184	1044	885
AT4G30030	0	0	0	0	0	0
AT4G30040	0	0	0	0	0	0
AT4G30050	0	0	0	0	0	0
AT4G30060	360	390	372	241	291	310
AT4G30064	0	0	0	1	0	0
AT4G30067	0	0	0	0	0	0
AT4G30070	0	3	0	2	1	2
AT4G30074	0	0	0	0	0	0
AT4G30080	465	440	380	365	349	340
AT4G30090	26	36	36	46	35	28
AT4G30097	0	0	0	0	0	0
AT4G30100	1617	1604	1417	1351	1235	1166
AT4G30110	183	252	187	147	192	156
AT4G30120	9	4	3	10	12	11
AT4G30130	52	63	56	56	60	69
AT4G30140	1084	1012	730	950	1012	1093
AT4G30150	324	277	238	279	279	285
AT4G30160	1477	1444	1327	1168	1070	1182
AT4G30170	2271	1357	1640	1124	789	804
AT4G30180	17	6	16	14	20	13
AT4G30190	10496	11167	10263	9755	10767	9417
AT4G30200	933	1002	875	940	840	808
AT4G30210	2684	3626	2898	2346	2794	3185
AT4G30220	494	487	490	477	514	488
AT4G30230	29	48	16	19	16	15
AT4G30240	300	282	238	219	222	254
AT4G30250	53	37	22	36	28	27
AT4G30260	592	547	497	439	484	489
AT4G30270	5796	5468	4880	941	1485	2422
AT4G30280	828	726	747	658	1095	964
AT4G30290	582	702	539	310	414	385
AT4G30300	2	0	0	0	2	1
AT4G30310	1079	1107	1035	1046	1055	1024
AT4G30320	77	41	51	37	12	17
AT4G30330	205	217	181	212	178	200
AT4G30340	231	226	197	212	207	243
AT4G30350	629	845	520	440	494	558
AT4G30360	336	385	343	319	323	293
AT4G30370	80	71	58	51	55	53
AT4G30380	0	1	0	0	1	0
AT4G30390	218	180	182	134	151	172
AT4G30400	130	117	131	131	122	108
AT4G30410	80	65	49	95	70	59
AT4G30420	46	29	35	41	19	14
AT4G30430	6	5	1	4	3	2
AT4G30440	1949	2974	2045	1723	2010	2428
AT4G30450	80	54	52	50	39	51
AT4G30460	268	183	169	164	103	153
AT4G30470	532	469	452	329	325	319
AT4G30480	429	437	426	431	443	369
AT4G30490	887	921	732	502	534	625
AT4G30500	134	133	112	109	115	124
AT4G30510	102	103	88	108	107	100
AT4G30520	181	198	150	166	177	167
AT4G30530	4598	4947	4120	2835	3457	3584
AT4G30540	1	0	0	0	0	0
AT4G30550	555	668	600	467	557	565
AT4G30560	270	211	174	212	183	153
AT4G30570	28	30	31	47	32	35
AT4G30580	718	673	589	773	699	662
AT4G30590	0	0	0	0	0	0
AT4G30600	2216	2267	2004	1756	1788	1885
AT4G30610	161	144	154	157	153	134
AT4G30620	453	450	442	531	484	505
AT4G30630	291	279	284	286	289	255
AT4G30640	24	25	21	14	15	13
AT4G30650	845	1190	738	722	649	622
AT4G30660	493	604	401	728	574	658
AT4G30662	1	2	3	0	1	3
AT4G30670	1022	588	638	487	338	396
AT4G30680	63	80	75	95	95	93
AT4G30690	729	887	729	1098	891	824
AT4G30700	57	51	46	40	53	34
AT4G30710	266	231	215	328	219	193
AT4G30720	589	599	575	727	645	634
AT4G30730	0	0	0	1	0	0
AT4G30740	1	0	2	0	0	0
AT4G30750	288	317	287	247	274	261
AT4G30760	464	484	443	472	441	383
AT4G30770	0	0	0	0	0	0
AT4G30780	322	309	278	269	265	265
AT4G30790	776	767	654	615	622	685
AT4G30800	160	164	182	177	189	126
AT4G30810	802	796	707	714	660	681
AT4G30820	120	152	141	135	113	127
AT4G30825	320	353	284	360	370	268
AT4G30830	11	8	12	5	8	9
AT4G30840	156	137	152	157	134	111
AT4G30845	27	35	18	36	29	39
AT4G30850	311	334	313	301	321	301
AT4G30860	82	76	81	68	48	70
AT4G30870	118	96	91	123	123	132
AT4G30872	0	0	0	0	0	0
AT4G30880	2	0	0	0	1	1
AT4G30890	800	789	698	775	690	685
AT4G30900	219	234	209	193	154	191
AT4G30910	338	388	392	371	429	397
AT4G30920	1241	1373	1251	1196	1325	1363
AT4G30930	313	301	280	270	290	298
AT4G30935	253	275	211	245	218	221
AT4G30940	47	52	51	59	70	49
AT4G30950	3148	3082	2558	2876	2448	2438
AT4G30960	6616	7216	5836	3966	4661	4476
AT4G30970	0	0	0	0	0	0
AT4G30972	0	0	0	0	0	0
AT4G30975	14	9	14	16	11	13
AT4G30980	118	104	119	100	91	98
AT4G30990	816	749	674	693	711	690
AT4G30993	431	460	420	379	416	326
AT4G30996	262	294	241	263	205	236
AT4G31000	147	178	169	98	121	125
AT4G31010	102	135	93	93	96	101
AT4G31020	35	56	35	38	43	36
AT4G31030	0	0	0	0	0	0
AT4G31040	880	924	881	918	912	875
AT4G31050	140	167	110	190	167	127
AT4G31060	79	106	77	112	103	81
AT4G31070	36	42	24	20	29	32
AT4G31073	0	0	0	0	0	0
AT4G31075	0	0	0	0	0	0
AT4G31080	825	884	741	651	717	699
AT4G31100	103	85	91	79	70	76
AT4G31110	54	45	36	52	42	58
AT4G31115	190	170	152	188	161	179
AT4G31120	413	516	430	500	500	414
AT4G31130	368	364	361	330	339	337
AT4G31140	178	168	167	173	158	164
AT4G31150	128	102	112	121	129	131
AT4G31160	683	792	687	706	718	677
AT4G31170	1215	1261	1048	888	975	943
AT4G31180	1616	1532	1475	1325	1363	1239
AT4G31196	0	0	0	0	0	0
AT4G31200	282	285	261	301	271	295
AT4G31210	659	713	676	736	707	640
AT4G31230	26	13	14	5	11	19
AT4G31240	676	618	538	230	309	369
AT4G31248	0	2	0	1	0	1
AT4G31250	41	35	31	19	20	13
AT4G31260	0	0	0	0	0	0
AT4G31265	0	0	0	0	0	0
AT4G31270	94	116	103	104	106	93
AT4G31280	0	0	0	0	0	0
AT4G31290	1830	2000	1640	1937	1591	1473
AT4G31300	1340	1321	1187	1187	1155	1095
AT4G31310	430	386	343	332	269	335
AT4G31320	180	152	143	107	88	74
AT4G31330	54	62	45	72	56	69
AT4G31340	2048	2029	1817	1718	1682	1466
AT4G31350	220	255	226	222	227	218
AT4G31351	8	2	8	7	2	4
AT4G31354	7	8	8	6	7	11
AT4G31355	16	10	14	15	15	13
AT4G31360	95	78	90	89	85	96
AT4G31370	1	1	4	0	0	3
AT4G31380	4	1	2	2	3	3
AT4G31390	857	748	627	599	550	542
AT4G31398	4	8	8	4	6	7
AT4G31400	34	25	21	21	30	23
AT4G31405	16	20	13	16	15	15
AT4G31408	17	25	23	30	23	24
AT4G31410	350	325	327	307	328	265
AT4G31420	568	606	517	517	546	583
AT4G31430	611	585	677	673	592	537
AT4G31440	95	78	69	87	75	63
AT4G31441	12	15	12	10	10	14
AT4G31450	367	341	294	281	310	287
AT4G31460	395	379	383	363	335	309
AT4G31470	37	41	39	31	21	16
AT4G31480	2279	2206	2069	1940	1922	1784
AT4G31490	1614	1609	1469	1435	1418	1283
AT4G31500	5962	7371	6524	3580	5277	4714
AT4G31510	276	304	269	254	278	323
AT4G31520	20	11	11	3	5	6
AT4G31530	769	852	742	770	799	724
AT4G31540	0	0	0	0	0	0
AT4G31550	1044	1727	1238	889	1063	1078
AT4G31560	391	427	349	459	344	361
AT4G31570	988	893	791	860	871	782
AT4G31580	557	483	527	515	452	504
AT4G31590	530	508	434	521	425	387
AT4G31600	85	79	70	63	77	71
AT4G31610	1	3	3	3	9	7
AT4G31615	1	4	4	3	3	6
AT4G31620	15	19	13	8	13	11
AT4G31630	0	0	1	0	0	0
AT4G31640	1	1	1	1	1	0
AT4G31650	150	170	174	212	204	196
AT4G31660	0	0	0	0	0	0
AT4G31670	255	254	210	223	238	223
AT4G31680	2	2	0	0	1	1
AT4G31685	0	0	0	0	1	0
AT4G31690	0	0	0	0	0	0
AT4G31695	0	0	0	0	0	0
AT4G31700	3731	3361	3605	3907	3601	3447
AT4G31710	10	4	7	13	10	14
AT4G31715	0	0	0	0	0	0
AT4G31720	390	367	394	410	358	372
AT4G31730	196	164	155	139	105	132
AT4G31740	0	0	0	0	0	0
AT4G31750	360	329	338	315	305	267
AT4G31760	3	6	2	2	4	2
AT4G31770	138	137	137	144	137	136
AT4G31780	1148	1290	1010	1073	1061	1025
AT4G31790	211	260	260	237	221	203
AT4G31800	984	1702	1426	332	745	1295
AT4G31805	49	57	54	47	36	57
AT4G31810	235	244	235	229	223	209
AT4G31820	407	369	372	419	371	395
AT4G31830	1	0	0	1	0	0
AT4G31840	330	330	333	404	320	360
AT4G31850	526	519	447	627	522	435
AT4G31860	935	914	769	586	652	722
AT4G31870	32	21	18	5	9	10
AT4G31875	0	0	0	0	0	0
AT4G31877	4	1	9	2	1	2
AT4G31880	1030	1135	956	995	976	1013
AT4G31890	104	104	119	98	112	117
AT4G31895	0	0	0	0	0	0
AT4G31900	0	0	0	2	0	1
AT4G31910	449	295	397	335	295	318
AT4G31920	389	380	333	372	337	322
AT4G31930	83	62	89	79	71	82
AT4G31940	0	0	0	1	0	0
AT4G31950	0	3	1	2	0	3
AT4G31960	0	1	1	0	2	0
AT4G31970	178	182	180	104	269	348
AT4G31980	163	201	209	139	151	158
AT4G31985	687	535	579	550	510	485
AT4G31990	2510	2502	2205	2265	2165	2113
AT4G32000	69	58	62	66	65	53
AT4G32010	662	701	672	564	526	617
AT4G32020	3667	4462	3367	3260	3195	3631
AT4G32030	452	558	487	420	491	495
AT4G32040	525	534	518	404	430	465
AT4G32050	150	174	135	138	120	125
AT4G32060	2850	3579	2774	3246	3073	3325
AT4G32070	1187	965	960	676	666	766
AT4G32080	1	1	0	2	1	0
AT4G32090	0	0	0	0	0	0
AT4G32100	0	0	0	0	0	0
AT4G32105	0	0	0	0	0	1
AT4G32110	0	0	0	0	0	0
AT4G32120	253	267	240	216	201	200
AT4G32130	498	489	486	401	359	384
AT4G32140	232	280	244	188	198	191
AT4G32150	1300	1340	1244	1038	1064	1036
AT4G32160	554	691	562	506	490	516
AT4G32170	0	0	0	0	0	0
AT4G32175	61	60	63	62	71	66
AT4G32180	1153	1229	1185	1109	1159	1068
AT4G32190	615	677	566	429	454	418
AT4G32200	88	107	79	72	92	86
AT4G32208	0	0	0	2	1	0
AT4G32210	53	72	60	49	39	48
AT4G32230	0	0	0	0	0	0
AT4G32240	479	446	390	432	404	369
AT4G32250	519	590	441	382	374	380
AT4G32260	8154	8987	7351	8324	7759	7000
AT4G32265	0	0	0	0	0	0
AT4G32270	228	233	163	169	134	138
AT4G32272	178	156	154	156	160	173
AT4G32280	19	35	50	54	45	46
AT4G32285	1328	1408	1250	1226	1193	1124
AT4G32290	171	150	176	153	138	139
AT4G32295	72	73	51	58	52	50
AT4G32300	430	558	485	373	459	458
AT4G32320	305	294	273	328	273	257
AT4G32330	1187	1346	1162	1374	1183	1164
AT4G32340	1008	1140	957	1054	891	798
AT4G32342	1	0	2	0	0	0
AT4G32350	189	204	195	201	187	221
AT4G32360	221	220	191	208	188	193
AT4G32370	0	0	0	0	0	0
AT4G32375	0	0	0	0	0	0
AT4G32380	0	0	0	0	0	0
AT4G32390	1037	973	1017	970	864	801
AT4G32400	496	535	486	477	475	414
AT4G32410	6060	5915	5285	5387	5282	4746
AT4G32420	738	827	743	779	709	777
AT4G32430	31	39	25	19	29	29
AT4G32440	449	460	395	386	370	351
AT4G32445	1	4	4	5	3	0
AT4G32450	131	127	125	92	100	105
AT4G32460	322	325	318	469	360	292
AT4G32470	2089	2366	2049	1801	1676	1726
AT4G32475	0	0	0	0	0	0
AT4G32480	1484	1711	1451	483	784	1192
AT4G32490	0	0	0	0	1	0
AT4G32500	1	0	0	0	0	0
AT4G32510	0	2	2	2	4	1
AT4G32520	927	900	855	873	862	829
AT4G32530	762	689	618	653	563	580
AT4G32535	7	8	14	11	14	12
AT4G32540	4	2	0	4	3	2
AT4G32551	1130	1174	1079	1087	976	930
AT4G32560	181	197	166	165	168	158
AT4G32570	435	486	381	494	422	348
AT4G32580	0	1	0	1	1	0
AT4G32590	601	639	553	574	597	518
AT4G32600	523	452	422	344	397	322
AT4G32605	107	137	113	119	108	85
AT4G32610	720	662	709	671	634	592
AT4G32620	724	730	593	594	615	616
AT4G32630	1	1	0	1	0	0
AT4G32640	1561	1571	1415	1316	1378	1282
AT4G32650	470	476	432	366	408	438
AT4G32660	551	487	406	429	421	431
AT4G32670	205	242	198	224	200	188
AT4G32680	269	242	252	255	266	241
AT4G32690	290	367	264	205	246	244
AT4G32700	211	174	176	206	180	179
AT4G32710	207	180	152	237	200	172
AT4G32714	0	0	0	0	0	0
AT4G32717	0	0	0	0	0	0
AT4G32720	904	999	891	898	925	834
AT4G32730	582	581	543	525	516	470
AT4G32750	140	140	115	103	97	102
AT4G32760	1698	1856	1726	1496	1572	1559
AT4G32765	0	0	0	0	0	0
AT4G32770	213	238	163	166	151	152
AT4G32780	72	28	57	51	35	52
AT4G32790	121	156	120	119	132	126
AT4G32800	55	78	61	57	59	77
AT4G32810	172	144	110	28	50	75
AT4G32820	625	622	540	504	480	490
AT4G32830	144	136	132	162	132	107
AT4G32840	158	151	147	162	146	163
AT4G32850	1424	1501	1370	1241	1286	1199
AT4G32860	59	54	64	43	38	50
AT4G32870	122	73	93	71	83	61
AT4G32880	491	447	409	501	428	439
AT4G32890	105	124	106	148	131	124
AT4G32900	213	251	231	219	239	221
AT4G32910	522	497	490	510	472	493
AT4G32915	281	244	222	256	266	252
AT4G32920	657	550	527	541	471	542
AT4G32930	327	363	304	339	314	320
AT4G32940	4149	4110	3909	3032	3619	2992
AT4G32950	7	13	10	16	18	19
AT4G32960	121	128	114	103	116	83
AT4G32970	135	153	159	184	143	147
AT4G32980	396	418	311	365	279	309
AT4G32990	1	4	6	1	2	5
AT4G33000	269	294	266	352	279	256
AT4G33010	21627	17006	14197	12885	11782	10269
AT4G33020	13	13	6	6	9	13
AT4G33030	3718	4635	3135	2359	2096	2645
AT4G33040	124	105	64	71	52	50
AT4G33050	2102	3956	2532	826	1629	1939
AT4G33060	344	434	350	393	336	386
AT4G33070	524	2268	1077	398	874	656
AT4G33080	1025	954	893	813	720	734
AT4G33090	2395	2471	2158	2259	2222	2162
AT4G33100	87	94	74	73	66	61
AT4G33110	323	401	367	418	409	356
AT4G33120	51	25	33	38	22	32
AT4G33130	77	62	58	77	66	69
AT4G33140	249	247	214	234	200	213
AT4G33145	0	1	3	1	1	0
AT4G33150	1266	1245	977	659	672	863
AT4G33160	89	90	87	60	69	63
AT4G33170	30	37	36	30	29	23
AT4G33180	198	187	183	210	159	177
AT4G33200	789	774	641	762	711	676
AT4G33210	946	1013	866	882	932	834
AT4G33220	551	698	682	626	791	614
AT4G33230	0	0	0	0	1	0
AT4G33240	1127	1004	903	849	808	805
AT4G33250	1147	1279	1071	1165	1108	1092
AT4G33260	124	101	126	151	121	109
AT4G33270	314	308	301	356	263	268
AT4G33280	7	3	6	7	2	7
AT4G33290	0	0	0	0	0	0
AT4G33300	1937	2635	2174	1383	1917	1878
AT4G33310	0	0	0	0	0	0
AT4G33320	0	0	0	0	0	0
AT4G33330	108	69	60	42	28	31
AT4G33350	476	539	402	438	533	475
AT4G33355	2	3	1	1	1	3
AT4G33360	813	726	711	642	640	562
AT4G33370	0	0	0	0	0	1
AT4G33380	1011	940	926	979	942	847
AT4G33390	1	2	0	4	0	3
AT4G33400	226	183	215	218	197	188
AT4G33410	228	243	231	212	184	205
AT4G33420	158	168	159	231	240	257
AT4G33430	1000	1107	998	892	925	1010
AT4G33440	155	181	153	151	126	107
AT4G33450	27	24	14	16	21	15
AT4G33460	195	179	155	153	144	163
AT4G33465	2	0	2	0	0	0
AT4G33467	81	79	38	14	12	23
AT4G33470	554	507	448	559	517	441
AT4G33480	683	720	655	710	673	565
AT4G33490	310	419	370	503	453	442
AT4G33495	203	195	190	214	220	178
AT4G33500	727	821	603	699	671	660
AT4G33510	2948	3148	2596	2729	2497	2489
AT4G33520	720	718	588	620	596	662
AT4G33530	1014	1006	865	897	906	862
AT4G33540	678	738	534	633	573	623
AT4G33550	75	74	65	53	32	82
AT4G33560	253	564	356	206	297	249
AT4G33565	385	399	433	251	273	257
AT4G33580	898	700	658	743	601	573
AT4G33585	1	0	0	0	0	0
AT4G33590	1	2	5	2	4	0
AT4G33600	0	0	0	0	0	1
AT4G33610	306	296	329	386	309	244
AT4G33620	150	171	144	163	116	123
AT4G33625	584	681	639	715	678	632
AT4G33630	992	1124	888	923	885	813
AT4G33640	193	168	147	176	148	161
AT4G33650	712	701	602	543	556	558
AT4G33660	84	96	58	85	69	80
AT4G33666	28	31	23	40	30	27
AT4G33670	437	471	380	522	387	459
AT4G33680	1260	1314	1158	1285	1231	1140
AT4G33690	190	201	184	156	186	160
AT4G33700	711	666	539	594	553	556
AT4G33710	0	0	0	0	0	0
AT4G33720	1443	635	353	18	51	123
AT4G33730	155	84	84	51	16	24
AT4G33735	0	2	0	0	0	0
AT4G33740	745	736	719	725	656	661
AT4G33760	435	458	419	531	474	417
AT4G33770	302	276	246	145	128	151
AT4G33780	385	328	295	259	266	261
AT4G33790	30	18	14	16	15	7
AT4G33800	17	16	12	13	15	12
AT4G33810	49	42	50	38	37	58
AT4G33820	1	1	0	0	1	0
AT4G33830	0	0	0	0	0	0
AT4G33840	0	0	0	0	0	0
AT4G33860	0	0	0	0	0	0
AT4G33865	1189	1088	1090	1144	1110	922
AT4G33870	1	0	1	1	0	0
AT4G33880	193	128	149	70	74	67
AT4G33885	0	1	0	0	0	0
AT4G33890	392	401	328	295	282	285
AT4G33900	0	0	0	0	0	0
AT4G33905	6	4	5	2	2	8
AT4G33910	422	507	465	432	427	358
AT4G33920	615	1080	651	562	713	869
AT4G33925	29	23	24	27	20	21
AT4G33930	14	12	11	9	13	16
AT4G33940	332	389	345	258	345	360
AT4G33945	353	315	320	372	287	316
AT4G33950	526	578	435	347	379	407
AT4G33960	35	33	28	40	27	38
AT4G33970	7	10	13	8	9	13
AT4G33980	482	658	664	545	578	493
AT4G33985	91	134	119	82	89	111
AT4G33990	60	43	66	67	56	47
AT4G34000	891	855	725	601	580	525
AT4G34020	394	452	416	456	450	402
AT4G34030	697	780	772	843	794	856
AT4G34035	0	0	0	0	0	0
AT4G34040	669	627	558	562	573	532
AT4G34050	6363	5462	5484	5281	5439	5215
AT4G34060	27	43	30	45	44	44
AT4G34070	288	348	244	287	257	225
AT4G34071	4	0	0	0	0	0
AT4G34080	0	0	0	0	0	0
AT4G34090	424	386	302	438	395	322
AT4G34100	1505	1576	1434	1448	1507	1412
AT4G34110	7002	6975	6367	6208	5824	5505
AT4G34120	1189	1548	1106	1045	1244	1150
AT4G34131	426	382	390	335	339	341
AT4G34135	1828	2312	1674	952	1251	1356
AT4G34138	709	854	920	680	874	814
AT4G34139	3	2	3	2	1	1
AT4G34140	430	471	390	374	343	361
AT4G34150	757	1682	931	551	886	1172
AT4G34160	381	431	334	366	342	317
AT4G34170	0	0	0	0	0	0
AT4G34180	2034	2018	1699	1211	1394	1527
AT4G34190	1371	1311	1079	1312	1084	1040
AT4G34200	6551	5925	4722	2942	3447	4170
AT4G34210	4	2	1	0	2	3
AT4G34215	428	458	403	465	392	418
AT4G34220	437	529	397	712	587	497
AT4G34230	1961	1856	1538	797	1122	1195
AT4G34240	864	898	730	724	729	648
AT4G34250	199	213	147	242	233	290
AT4G34260	814	849	745	780	820	866
AT4G34265	270	281	214	279	260	262
AT4G34270	440	528	445	433	409	414
AT4G34280	256	296	245	215	249	212
AT4G34290	420	361	356	408	426	359
AT4G34300	0	0	0	0	0	1
AT4G34310	588	634	472	326	316	396
AT4G34320	37	36	44	17	15	28
AT4G34330	1	0	0	0	0	0
AT4G34332	0	0	0	0	0	0
AT4G34340	41	47	43	37	40	35
AT4G34345	0	0	0	0	0	0
AT4G34350	5064	5215	4028	2340	2217	2549
AT4G34360	41	48	38	42	54	40
AT4G34370	497	539	490	452	493	498
AT4G34380	76	79	53	27	39	37
AT4G34390	647	1039	736	423	633	768
AT4G34400	12	9	8	3	7	3
AT4G34410	10	44	35	1	9	71
AT4G34412	148	139	128	127	143	126
AT4G34415	0	0	0	0	0	0
AT4G34419	7	7	12	4	5	5
AT4G34420	28	19	22	23	21	17
AT4G34430	579	579	535	443	478	529
AT4G34440	0	1	0	0	0	0
AT4G34450	4325	4616	4170	4344	4329	3952
AT4G34460	949	1247	985	875	926	1010
AT4G34470	0	0	0	0	1	0
AT4G34480	491	673	495	392	462	525
AT4G34490	845	800	711	697	593	565
AT4G34500	201	202	188	221	187	195
AT4G34510	21	18	19	25	20	16
AT4G34520	0	0	0	0	0	1
AT4G34530	0	0	0	0	0	0
AT4G34540	150	168	120	121	121	127
AT4G34550	11	10	9	1	1	3
AT4G34555	241	172	204	230	181	189
AT4G34560	192	155	167	142	135	123
AT4G34570	181	214	211	201	166	184
AT4G34580	566	302	379	309	224	154
AT4G34590	286	276	256	206	152	185
AT4G34600	393	341	315	288	210	249
AT4G34610	284	293	226	190	175	164
AT4G34620	3257	2934	3101	3179	2978	2639
AT4G34630	580	526	434	336	321	308
AT4G34640	1217	1237	1077	1062	966	916
AT4G34650	45	56	26	70	71	61
AT4G34660	508	462	468	433	438	430
AT4G34670	4263	3911	4043	4265	3965	3806
AT4G34680	146	139	129	123	88	79
AT4G34690	0	0	0	0	0	0
AT4G34695	0	0	0	0	0	0
AT4G34700	1511	1462	1363	1393	1238	1244
AT4G34710	4839	5221	4487	5542	5100	6193
AT4G34720	1427	1327	1130	1192	1088	1014
AT4G34730	388	349	328	467	390	349
AT4G34740	505	414	448	397	412	349
AT4G34750	94	76	80	81	87	81
AT4G34760	61	108	80	112	101	117
AT4G34770	73	58	91	80	87	70
AT4G34780	0	0	0	0	0	0
AT4G34790	34	24	46	45	49	39
AT4G34800	22	7	7	8	5	5
AT4G34810	21	22	28	14	20	11
AT4G34830	1384	1243	1093	1365	1271	1183
AT4G34840	102	79	91	76	74	75
AT4G34850	4	3	1	2	5	2
AT4G34860	161	154	159	156	136	145
AT4G34870	4231	4259	3924	4126	3595	3483
AT4G34880	24	23	24	21	17	18
AT4G34881	8	10	4	3	4	6
AT4G34890	1587	1534	1311	1103	1194	1192
AT4G34900	256	253	243	393	278	271
AT4G34910	336	316	287	303	306	315
AT4G34920	895	848	716	688	670	632
AT4G34930	53	39	40	26	32	30
AT4G34940	0	0	0	0	0	0
AT4G34950	851	897	571	847	786	692
AT4G34960	320	311	239	276	269	242
AT4G34970	47	46	59	51	50	65
AT4G34975	0	0	0	0	0	0
AT4G34980	1004	1183	909	1019	949	954
AT4G34990	60	54	43	30	18	25
AT4G35000	1636	1689	1508	1534	1568	1330
AT4G35010	2	2	2	1	3	1
AT4G35020	307	349	307	322	256	288
AT4G35025	0	0	0	0	0	0
AT4G35030	192	196	185	123	121	110
AT4G35040	382	357	314	331	310	318
AT4G35050	214	218	190	179	172	181
AT4G35060	283	224	212	160	100	136
AT4G35070	98	88	66	70	72	63
AT4G35080	555	472	452	471	448	464
AT4G35090	10427	7530	6865	2466	2400	2774
AT4G35100	3147	3038	2940	2881	2501	2748
AT4G35110	175	157	158	128	126	136
AT4G35120	0	0	0	0	0	0
AT4G35130	39	47	43	43	38	40
AT4G35140	188	207	194	178	185	188
AT4G35150	0	0	0	0	0	0
AT4G35160	506	287	381	383	278	281
AT4G35165	0	1	0	1	0	0
AT4G35170	2	5	4	1	10	4
AT4G35180	139	267	134	16	87	90
AT4G35190	71	73	76	10	27	22
AT4G35200	14	12	16	12	8	10
AT4G35210	4	4	6	3	0	2
AT4G35220	419	432	346	320	337	348
AT4G35230	1050	1012	997	800	842	922
AT4G35240	321	405	338	278	279	295
AT4G35250	791	782	594	648	577	533
AT4G35260	1290	1160	1015	1006	1029	925
AT4G35270	385	336	319	222	290	229
AT4G35280	0	0	0	0	0	0
AT4G35290	68	42	41	60	55	67
AT4G35295	12	19	14	7	22	6
AT4G35300	850	954	725	810	784	719
AT4G35310	1760	2370	1949	1465	1741	1553
AT4G35320	141	182	127	100	124	137
AT4G35335	205	217	202	222	191	206
AT4G35350	582	641	567	520	477	409
AT4G35360	578	603	553	505	532	489
AT4G35370	1	0	1	0	0	0
AT4G35375	0	0	0	0	0	0
AT4G35380	341	217	287	173	170	177
AT4G35390	25	30	37	29	23	28
AT4G35410	184	199	181	157	166	168
AT4G35420	103	134	112	147	109	110
AT4G35430	0	0	0	0	0	0
AT4G35440	255	249	224	295	247	250
AT4G35450	2636	2451	2162	2444	2227	2032
AT4G35460	229	259	236	217	201	205
AT4G35470	367	446	365	396	388	414
AT4G35480	61	80	72	60	64	79
AT4G35485	0	0	0	0	0	0
AT4G35490	292	306	275	312	285	266
AT4G35500	201	213	172	155	176	149
AT4G35510	191	167	198	116	142	129
AT4G35519	0	0	0	0	0	0
AT4G35520	33	46	35	21	39	28
AT4G35530	114	98	87	77	104	103
AT4G35540	68	83	83	74	77	77
AT4G35550	152	169	161	162	160	173
AT4G35560	221	232	223	236	210	197
AT4G35570	727	704	774	729	653	657
AT4G35580	668	713	652	596	576	583
AT4G35590	13	16	11	11	3	4
AT4G35600	418	554	413	253	292	334
AT4G35610	0	0	0	0	0	0
AT4G35620	127	137	143	137	102	118
AT4G35630	1971	1695	1435	1122	1364	1444
AT4G35640	22	22	28	37	18	29
AT4G35650	3	2	1	0	0	0
AT4G35655	0	1	0	0	0	0
AT4G35660	3	5	2	2	3	1
AT4G35670	0	0	0	0	0	0
AT4G35680	0	0	0	2	0	2
AT4G35685	9	14	16	4	17	11
AT4G35690	4	3	0	2	0	2
AT4G35700	0	0	0	0	0	0
AT4G35710	1	1	0	0	0	0
AT4G35720	36	38	25	75	28	35
AT4G35725	0	0	0	0	3	0
AT4G35730	167	175	193	190	177	175
AT4G35733	0	0	0	0	0	0
AT4G35740	183	199	200	169	174	172
AT4G35750	5739	5882	5240	3906	4202	4176
AT4G35760	465	416	377	422	393	357
AT4G35770	607	744	1207	1085	1119	1241
AT4G35780	445	472	447	370	366	384
AT4G35783	4	10	10	10	5	8
AT4G35785	606	567	559	570	493	482
AT4G35790	2342	2435	2129	1844	1917	1825
AT4G35800	2936	2819	2584	2578	2551	2317
AT4G35810	50	33	25	55	24	41
AT4G35820	0	0	0	0	0	0
AT4G35830	8040	8549	7925	7205	7746	6950
AT4G35840	66	70	67	76	49	60
AT4G35850	740	821	756	823	834	744
AT4G35860	651	620	570	478	494	446
AT4G35870	209	195	210	151	205	162
AT4G35880	310	302	272	308	289	279
AT4G35890	1028	1055	944	909	917	881
AT4G35900	120	156	186	88	145	124
AT4G35905	75	97	70	100	65	77
AT4G35910	143	130	111	139	133	126
AT4G35920	619	647	577	646	565	558
AT4G35930	100	116	102	142	125	114
AT4G35940	193	226	176	169	142	162
AT4G35950	290	277	252	243	240	203
AT4G35970	37	35	40	42	33	21
AT4G35980	224	266	209	211	228	205
AT4G35985	171	144	180	142	156	154
AT4G35987	106	125	119	136	116	91
AT4G36000	6	10	12	3	7	8
AT4G36010	171	232	122	119	186	199
AT4G36020	402	453	371	323	335	345
AT4G36030	0	0	0	0	0	0
AT4G36032	0	0	0	0	0	0
AT4G36040	2519	2607	2313	2187	2286	2141
AT4G36050	128	110	110	109	111	120
AT4G36052	0	1	0	0	0	1
AT4G36060	28	14	19	33	20	20
AT4G36070	0	0	1	0	0	0
AT4G36080	889	664	672	653	671	604
AT4G36090	285	272	215	183	194	184
AT4G36100	0	0	0	0	1	0
AT4G36105	0	0	1	1	1	0
AT4G36110	19	33	33	27	27	35
AT4G36120	78	79	76	72	60	62
AT4G36130	1821	1651	1801	1904	1720	1616
AT4G36140	423	399	422	321	312	334
AT4G36150	255	300	248	152	192	206
AT4G36160	19	14	27	17	15	23
AT4G36170	0	0	0	0	0	0
AT4G36180	576	480	481	579	493	451
AT4G36190	514	570	449	591	533	476
AT4G36195	1153	1165	1050	989	1031	1071
AT4G36197	1	0	1	0	0	0
AT4G36210	1467	1670	1337	1165	1202	1201
AT4G36220	1652	1610	1415	1611	1609	1493
AT4G36230	6	11	6	13	15	9
AT4G36240	64	64	87	82	63	65
AT4G36245	0	0	0	0	0	0
AT4G36250	1667	1858	1696	1802	1732	1553
AT4G36260	46	44	43	48	31	38
AT4G36270	65	58	53	81	70	80
AT4G36280	48	47	36	36	38	51
AT4G36290	239	250	220	242	211	215
AT4G36350	32	41	24	9	2	27
AT4G36360	1709	1763	1475	1658	1417	1354
AT4G36370	0	0	0	0	0	0
AT4G36380	282	267	312	232	251	222
AT4G36390	894	939	790	907	925	794
AT4G36400	448	422	393	382	421	435
AT4G36410	192	164	187	174	185	146
AT4G36420	494	452	474	430	450	420
AT4G36430	393	793	688	792	905	804
AT4G36440	454	498	408	399	390	380
AT4G36450	12	7	14	7	4	6
AT4G36460	0	0	0	0	0	0
AT4G36470	167	103	113	76	47	65
AT4G36480	421	427	372	334	353	376
AT4G36490	0	0	1	0	0	0
AT4G36500	1365	2496	1665	756	974	1214
AT4G36510	1	1	0	0	0	1
AT4G36515	87	74	80	88	84	82
AT4G36520	804	798	766	753	686	768
AT4G36530	584	586	417	528	518	478
AT4G36540	481	436	460	610	509	411
AT4G36550	174	322	243	186	218	245
AT4G36560	0	0	0	0	0	0
AT4G36570	61	87	69	74	55	43
AT4G36580	121	137	104	91	126	115
AT4G36590	0	0	0	0	0	0
AT4G36600	0	0	0	2	0	2
AT4G36610	218	209	204	193	237	165
AT4G36620	22	24	11	22	19	13
AT4G36630	651	719	588	594	568	564
AT4G36635	0	0	0	0	0	0
AT4G36640	671	516	470	341	345	347
AT4G36648	3012	2925	2601	1631	1731	1908
AT4G36650	216	266	222	211	180	236
AT4G36660	256	224	208	249	209	201
AT4G36670	532	903	1168	544	970	910
AT4G36680	194	227	203	206	212	219
AT4G36690	2105	2257	2045	2191	2006	1989
AT4G36700	0	0	3	0	1	1
AT4G36710	173	155	158	124	118	130
AT4G36720	105	120	107	76	89	101
AT4G36730	586	758	606	631	631	692
AT4G36740	24	19	16	14	22	15
AT4G36750	408	346	341	302	298	275
AT4G36760	1216	1346	1154	1078	1305	1167
AT4G36770	3	1	7	2	3	1
AT4G36780	904	950	940	834	952	833
AT4G36790	256	209	206	170	215	181
AT4G36791	4	3	3	1	3	3
AT4G36795	1	0	0	0	1	0
AT4G36800	1337	1440	1244	1273	1260	1207
AT4G36808	0	1	0	0	0	2
AT4G36810	0	0	1	1	0	1
AT4G36820	8	11	6	0	2	4
AT4G36830	23	31	26	22	14	21
AT4G36840	98	101	90	89	77	102
AT4G36850	351	478	333	134	153	334
AT4G36860	573	612	589	570	547	524
AT4G36870	403	521	443	474	481	582
AT4G36880	47	64	57	57	71	43
AT4G36890	546	567	575	469	513	495
AT4G36900	61	77	78	52	64	60
AT4G36910	278	252	233	222	186	226
AT4G36920	480	412	424	457	440	339
AT4G36925	0	0	0	0	0	0
AT4G36930	165	177	165	144	107	142
AT4G36940	399	388	364	390	375	352
AT4G36945	95	114	114	116	103	129
AT4G36950	53	45	11	0	4	22
AT4G36960	432	452	443	419	362	331
AT4G36970	482	451	487	526	490	438
AT4G36980	2150	2132	1914	2138	1879	1949
AT4G36990	1697	1549	1344	1034	1175	1299
AT4G37000	622	696	482	606	515	567
AT4G37010	484	303	347	227	243	255
AT4G37020	190	200	164	171	152	155
AT4G37022	27	22	12	12	15	15
AT4G37030	53	88	52	36	50	65
AT4G37040	559	547	490	529	550	540
AT4G37050	9	13	14	5	5	5
AT4G37060	3	3	1	0	3	5
AT4G37070	891	507	646	513	488	491
AT4G37080	262	239	201	354	271	282
AT4G37090	268	250	208	259	233	214
AT4G37095	6	5	1	7	1	6
AT4G37100	268	315	254	209	215	211
AT4G37110	185	205	171	204	167	166
AT4G37120	1823	1913	1856	1343	1628	1530
AT4G37130	232	220	196	229	202	212
AT4G37140	4	7	3	3	0	4
AT4G37150	296	260	168	35	20	56
AT4G37160	177	98	121	95	59	67
AT4G37170	31	40	36	33	25	34
AT4G37175	0	0	0	0	0	0
AT4G37180	438	522	380	381	501	574
AT4G37190	179	240	223	209	229	273
AT4G37200	744	709	596	614	597	523
AT4G37210	328	319	310	347	340	285
AT4G37220	54	31	19	10	8	11
AT4G37225	8	0	2	5	1	3
AT4G37230	1	0	0	0	0	1
AT4G37235	6	1	1	2	4	0
AT4G37240	62	124	79	97	125	121
AT4G37250	289	379	364	370	352	409
AT4G37260	1064	1907	1397	1230	1555	1798
AT4G37270	1114	1176	931	874	884	921
AT4G37280	320	322	295	337	263	303
AT4G37290	24	42	21	13	16	28
AT4G37295	14	12	7	8	17	12
AT4G37300	1520	1733	1530	2828	2258	2201
AT4G37310	953	995	734	593	620	705
AT4G37320	441	352	310	276	215	275
AT4G37330	512	427	459	408	375	408
AT4G37340	48	31	37	33	25	20
AT4G37360	0	0	0	0	0	0
AT4G37370	1031	2189	809	77	227	383
AT4G37380	58	69	65	54	60	59
AT4G37390	131	95	109	92	101	128
AT4G37400	110	95	102	88	81	86
AT4G37409	0	0	0	0	0	0
AT4G37410	944	870	942	828	705	839
AT4G37420	2	1	5	1	0	1
AT4G37430	0	0	0	0	0	0
AT4G37432	0	0	0	0	0	0
AT4G37435	0	0	0	0	0	0
AT4G37440	658	650	641	574	629	577
AT4G37445	15	20	13	20	17	11
AT4G37450	371	365	396	495	439	468
AT4G37460	1331	1350	1196	1076	942	946
AT4G37470	832	889	733	760	730	633
AT4G37480	303	316	262	285	251	221
AT4G37483	46	45	39	48	31	27
AT4G37490	85	88	75	103	78	82
AT4G37500	0	0	0	0	0	0
AT4G37510	1236	1399	1124	1450	1330	1260
AT4G37520	2423	2203	2257	1281	1842	2019
AT4G37530	616	478	473	221	306	341
AT4G37540	381	390	440	535	522	611
AT4G37550	491	596	504	514	503	509
AT4G37553	7	5	9	8	8	13
AT4G37560	218	206	175	127	150	124
AT4G37580	38	39	37	43	32	40
AT4G37590	846	852	840	869	840	858
AT4G37608	44	49	33	35	40	31
AT4G37610	734	995	680	843	953	1079
AT4G37630	85	80	78	80	82	72
AT4G37640	1060	1127	907	748	747	762
AT4G37650	220	186	189	200	177	160
AT4G37660	72	79	58	64	52	42
AT4G37670	152	134	138	121	153	123
AT4G37680	435	631	427	227	251	269
AT4G37682	15	13	9	15	4	9
AT4G37685	10	14	12	10	6	12
AT4G37690	9	8	9	14	7	9
AT4G37700	27	11	16	21	12	15
AT4G37710	1	4	3	4	5	6
AT4G37720	0	0	0	0	0	0
AT4G37730	73	48	42	71	53	57
AT4G37740	127	118	115	174	140	118
AT4G37750	205	260	224	355	301	223
AT4G37760	726	780	584	424	456	405
AT4G37770	6	5	2	5	4	2
AT4G37780	11	7	6	4	10	6
AT4G37790	587	528	456	372	471	453
AT4G37800	1703	1613	1578	1677	1413	1373
AT4G37810	18	11	12	19	8	8
AT4G37820	655	711	645	641	600	556
AT4G37830	2091	2084	1909	1768	1726	1664
AT4G37840	0	0	0	0	0	0
AT4G37850	8	5	6	2	3	6
AT4G37860	0	0	1	0	1	0
AT4G37870	5465	5860	4771	4869	5076	5297
AT4G37880	442	429	365	421	354	387
AT4G37890	15	18	8	19	17	24
AT4G37895	0	0	0	0	0	0
AT4G37900	120	127	129	87	111	119
AT4G37910	1557	1855	1597	1533	1663	1483
AT4G37920	412	457	367	470	444	422
AT4G37925	1004	925	707	852	722	619
AT4G37930	13292	13606	10219	12907	12174	10604
AT4G37940	37	41	40	42	43	48
AT4G37950	1	1	1	1	0	0
AT4G37970	39	30	35	24	53	48
AT4G37980	648	909	491	834	841	893
AT4G37990	1212	1130	623	28	39	340
AT4G38000	1	1	3	0	0	1
AT4G38005	0	0	0	0	0	0
AT4G38010	23	21	22	31	24	27
AT4G38020	154	147	113	132	112	135
AT4G38030	0	1	1	0	0	0
AT4G38040	395	428	376	359	391	393
AT4G38050	85	86	51	83	100	91
AT4G38060	462	345	348	282	254	237
AT4G38062	121	104	108	128	104	106
AT4G38065	0	0	0	0	0	0
AT4G38070	8	2	1	3	2	0
AT4G38080	816	1170	849	1080	879	741
AT4G38090	207	259	218	217	203	220
AT4G38092	3	2	0	4	2	1
AT4G38100	218	220	200	192	179	175
AT4G38120	428	483	423	468	441	470
AT4G38130	1338	1344	1246	1381	1281	1288
AT4G38140	3	0	1	1	3	1
AT4G38150	90	113	96	84	94	102
AT4G38160	489	512	509	679	548	535
AT4G38170	148	156	129	133	123	128
AT4G38180	40	48	44	33	31	25
AT4G38190	0	0	0	0	0	0
AT4G38200	886	927	751	738	771	746
AT4G38210	4	3	4	3	1	2
AT4G38213	1	0	1	1	0	2
AT4G38215	0	2	1	1	1	1
AT4G38220	994	998	925	767	782	762
AT4G38225	482	489	457	569	529	498
AT4G38230	244	231	187	190	161	171
AT4G38240	546	563	479	514	519	441
AT4G38250	0	0	0	0	0	0
AT4G38260	299	286	284	258	241	228
AT4G38270	548	534	510	498	486	492
AT4G38280	208	250	222	212	208	207
AT4G38290	0	0	1	0	0	0
AT4G38300	31	30	23	35	29	28
AT4G38310	3	1	3	4	1	1
AT4G38320	92	70	59	60	63	63
AT4G38330	44	24	31	47	44	28
AT4G38340	18	19	28	23	18	13
AT4G38350	1696	1717	1565	1549	1543	1382
AT4G38360	546	613	560	476	533	573
AT4G38370	63	86	60	103	87	64
AT4G38380	120	126	103	105	98	115
AT4G38390	89	33	59	26	23	29
AT4G38400	47	48	50	44	42	51
AT4G38401	0	0	0	0	0	0
AT4G38405	0	0	0	0	0	0
AT4G38410	36	39	53	56	57	71
AT4G38420	1114	943	883	649	813	917
AT4G38430	859	854	730	941	717	669
AT4G38440	345	423	359	351	346	369
AT4G38460	885	1057	834	989	949	960
AT4G38470	1807	2007	2144	1564	1744	2148
AT4G38480	118	128	109	110	110	129
AT4G38490	155	159	156	163	143	126
AT4G38495	63	56	71	68	57	84
AT4G38500	387	418	384	358	365	357
AT4G38510	2241	2297	2154	2056	1974	1878
AT4G38520	1295	1164	1128	1122	908	928
AT4G38530	34	52	53	24	28	32
AT4G38540	305	270	286	166	237	261
AT4G38545	6	11	7	16	9	9
AT4G38550	1	1	1	0	0	1
AT4G38552	11	9	9	6	8	10
AT4G38560	114	302	143	57	70	119
AT4G38570	125	106	91	112	94	83
AT4G38580	319	302	249	317	261	238
AT4G38590	0	1	0	0	0	0
AT4G38600	3184	2853	2447	2549	2710	2493
AT4G38620	487	383	344	340	240	257
AT4G38630	1669	1514	1582	1435	1474	1403
AT4G38640	390	412	340	395	313	368
AT4G38650	100	76	82	107	94	81
AT4G38660	284	257	219	295	235	222
AT4G38670	98	121	80	105	113	117
AT4G38680	493	429	443	494	484	414
AT4G38690	133	174	176	204	186	197
AT4G38700	20	20	14	14	13	12
AT4G38710	1063	961	1081	1016	988	873
AT4G38730	174	167	126	103	115	121
AT4G38740	3958	4148	3180	2473	2265	2741
AT4G38760	1034	1023	885	885	871	831
AT4G38770	2517	3016	2530	2657	2480	2093
AT4G38775	0	0	0	0	0	0
AT4G38780	49	62	58	48	44	44
AT4G38781	0	0	0	0	0	0
AT4G38790	321	356	301	279	296	257
AT4G38800	2115	2314	2030	1737	1771	1610
AT4G38810	764	823	706	549	602	578
AT4G38820	0	0	0	0	0	0
AT4G38825	0	0	1	0	0	0
AT4G38830	30	41	33	11	13	19
AT4G38840	54	59	44	49	60	31
AT4G38850	14	13	18	26	15	5
AT4G38860	188	150	152	169	141	126
AT4G38870	6	3	4	0	0	1
AT4G38880	0	0	0	0	0	0
AT4G38890	561	618	536	546	552	547
AT4G38900	497	562	495	475	486	526
AT4G38905	1	0	0	0	2	1
AT4G38910	81	70	73	85	66	61
AT4G38920	1605	1552	1420	1452	1199	1278
AT4G38930	367	392	372	305	321	306
AT4G38932	361	308	274	316	280	308
AT4G38940	79	96	63	74	68	65
AT4G38950	637	702	590	808	704	616
AT4G38960	70	65	58	16	33	16
AT4G38970	18798	17631	14151	14793	13825	12204
AT4G38980	143	156	121	117	118	121
AT4G38990	0	0	0	0	0	0
AT4G39000	0	0	0	0	1	1
AT4G39010	31	21	19	42	36	23
AT4G39020	0	0	0	0	0	0
AT4G39030	388	401	332	212	210	263
AT4G39040	1090	979	996	1115	1029	1013
AT4G39050	1130	1267	1102	1031	1055	1018
AT4G39060	0	0	0	0	1	0
AT4G39070	98	60	87	84	74	61
AT4G39080	3845	3652	3351	3101	3177	2790
AT4G39090	12077	12541	11697	10404	10917	10602
AT4G39100	684	698	630	528	546	533
AT4G39110	22	17	26	30	21	14
AT4G39120	230	229	223	242	215	189
AT4G39130	0	0	0	0	0	0
AT4G39140	602	567	528	438	465	482
AT4G39150	675	709	684	631	651	570
AT4G39160	351	368	357	402	355	337
AT4G39170	554	537	505	541	506	498
AT4G39180	101	114	92	180	155	157
AT4G39190	106	122	101	91	58	70
AT4G39195	0	0	0	0	0	0
AT4G39200	3499	3322	3400	3837	3315	3062
AT4G39210	406	554	371	419	458	528
AT4G39220	393	402	391	347	363	403
AT4G39230	152	172	133	123	138	134
AT4G39235	57	52	41	68	60	52
AT4G39240	473	495	401	372	371	372
AT4G39250	12	10	25	16	22	23
AT4G39260	9248	10341	9725	8104	8679	8205
AT4G39270	808	735	673	534	602	567
AT4G39280	730	676	654	667	704	637
AT4G39290	1	0	0	0	0	1
AT4G39300	124	124	134	141	139	138
AT4G39320	11	11	21	31	26	8
AT4G39330	1365	1527	1355	1597	1626	1353
AT4G39340	0	2	2	1	0	3
AT4G39345	0	0	0	0	0	0
AT4G39350	1869	1985	1711	1496	1475	1478
AT4G39360	11	12	7	14	24	8
AT4G39361	13	14	7	15	9	7
AT4G39363	6	3	3	2	4	3
AT4G39364	4	5	4	8	4	2
AT4G39366	8	8	12	12	10	8
AT4G39370	99	93	110	104	81	99
AT4G39380	68	76	55	55	60	57
AT4G39390	361	313	296	281	291	280
AT4G39400	2434	2578	2458	2340	2634	2481
AT4G39403	1	2	1	0	1	0
AT4G39404	2	4	2	3	8	6
AT4G39410	14	13	9	26	23	19
AT4G39420	1024	888	807	788	819	816
AT4G39460	524	562	469	549	453	480
AT4G39470	139	144	149	164	186	165
AT4G39480	16	28	32	30	46	29
AT4G39490	0	0	0	0	0	0
AT4G39500	0	1	0	1	1	2
AT4G39510	138	157	105	178	139	130
AT4G39520	841	961	806	750	831	774
AT4G39530	40	38	46	26	30	41
AT4G39540	740	723	612	606	605	617
AT4G39550	57	78	49	61	64	67
AT4G39560	125	104	103	86	83	79
AT4G39570	75	122	83	88	72	79
AT4G39580	60	88	65	51	53	68
AT4G39590	1	1	1	2	0	1
AT4G39600	31	25	40	36	41	20
AT4G39610	6	7	1	4	1	6
AT4G39615	0	2	0	0	0	0
AT4G39620	319	313	309	341	293	288
AT4G39630	52	42	52	39	34	46
AT4G39640	492	789	585	430	528	558
AT4G39650	0	0	1	1	0	1
AT4G39660	604	563	474	598	522	500
AT4G39670	163	165	117	57	76	83
AT4G39672	0	0	0	0	0	0
AT4G39675	27	163	72	46	54	48
AT4G39680	2010	1865	1666	1775	1600	1591
AT4G39690	684	705	690	625	606	623
AT4G39700	18	16	24	15	20	17
AT4G39710	656	615	500	731	638	593
AT4G39720	101	151	103	102	121	105
AT4G39730	1521	1828	1402	1064	1171	1170
AT4G39740	66	80	60	37	40	43
AT4G39745	0	0	0	0	0	0
AT4G39750	0	0	0	0	0	0
AT4G39753	0	0	0	1	0	1
AT4G39756	0	0	0	0	0	0
AT4G39760	0	0	0	0	0	0
AT4G39770	51	47	58	74	79	61
AT4G39780	271	287	256	206	204	188
AT4G39790	19	13	25	11	16	9
AT4G39795	55	56	42	57	54	49
AT4G39800	2080	2847	1743	1334	1025	901
AT4G39810	10	15	13	5	12	3
AT4G39820	388	375	314	285	241	236
AT4G39830	94	215	125	67	63	94
AT4G39838	0	0	0	0	0	0
AT4G39840	0	0	0	0	0	0
AT4G39850	1148	1186	959	933	892	929
AT4G39860	368	347	359	419	350	359
AT4G39865	0	0	0	0	0	0
AT4G39870	359	353	288	325	305	294
AT4G39880	342	411	344	363	360	331
AT4G39890	136	131	124	91	94	91
AT4G39900	408	467	435	520	409	437
AT4G39910	672	775	711	630	686	675
AT4G39917	0	0	0	0	0	0
AT4G39920	78	90	83	90	99	77
AT4G39925	20	16	15	18	19	15
AT4G39930	27	14	24	25	10	15
AT4G39940	1583	1835	1468	1338	1505	1614
AT4G39950	2022	2029	1601	1129	1355	1732
AT4G39952	41	35	35	43	47	49
AT4G39955	474	384	437	325	416	426
AT4G39960	758	722	639	797	663	692
AT4G39970	455	636	394	534	511	412
AT4G39980	1797	1868	1603	1580	1716	1732
AT4G39985	0	0	0	0	0	0
AT4G39990	366	357	348	334	325	321
AT4G40000	82	97	81	89	95	80
AT4G40010	90	43	49	36	25	40
AT4G40011	1	0	0	0	0	0
AT4G40020	33	59	33	11	30	16
AT4G40030	2274	2348	2048	2019	1755	1837
AT4G40040	6057	5657	5165	4726	4392	4512
AT4G40042	60	85	51	56	48	54
AT4G40045	170	184	133	176	156	152
AT4G40050	665	676	616	553	594	605
AT4G40060	1158	1187	1160	1156	1126	1077
AT4G40063	0	0	0	0	0	0
AT4G40065	38	35	45	23	41	39
AT4G40070	52	63	64	48	58	44
AT4G40080	0	0	0	0	0	0
AT4G40085	0	0	0	0	1	0
AT4G40090	897	466	525	360	214	189
AT4G40100	0	0	0	0	0	0
AT5G00730	0	0	0	0	0	0
AT5G00735	0	0	0	0	0	0
AT5G00740	0	0	0	0	0	0
AT5G00745	0	0	0	0	0	0
AT5G00750	1	1	1	2	0	2
AT5G00755	1	0	0	0	1	0
AT5G00760	3	1	4	3	4	3
AT5G00765	2	5	0	2	0	0
AT5G00770	0	0	0	0	0	0
AT5G00775	0	0	0	0	0	0
AT5G00780	3	1	0	0	0	1
AT5G00785	0	0	0	0	0	0
AT5G00790	5	6	5	2	1	1
AT5G00795	0	0	0	0	0	0
AT5G00800	0	0	0	0	0	0
AT5G00805	0	0	0	0	0	0
AT5G00810	0	0	0	0	0	0
AT5G00815	0	0	0	0	0	0
AT5G00820	0	0	0	0	0	0
AT5G00825	5	3	1	1	0	1
AT5G00835	0	0	0	0	0	0
AT5G00840	0	0	0	0	0	0
AT5G00845	0	0	0	0	0	0
AT5G00850	0	0	0	0	0	0
AT5G00855	0	0	0	0	0	0
AT5G00860	0	0	0	0	0	0
AT5G00865	1	2	3	3	2	1
AT5G00870	0	0	0	0	0	0
AT5G00875	5	5	4	9	4	3
AT5G00880	0	0	0	0	0	0
AT5G00885	0	1	0	0	0	0
AT5G00895	0	0	0	0	0	0
AT5G00900	0	0	0	0	0	0
AT5G00905	0	0	0	0	0	0
AT5G00910	0	0	1	0	1	2
AT5G00920	0	0	0	0	0	0
AT5G00925	1	1	0	1	2	2
AT5G00930	0	0	0	0	0	0
AT5G00935	0	0	0	0	0	0
AT5G00940	0	0	0	0	0	0
AT5G00950	0	0	0	0	0	0
AT5G00955	0	0	0	0	0	0
AT5G00960	0	0	0	0	0	0
AT5G00965	1	2	0	1	0	1
AT5G00970	0	0	0	0	1	0
AT5G00975	0	0	0	0	0	0
AT5G00980	47	43	30	39	32	16
AT5G00985	17	16	16	10	9	9
AT5G00990	1	1	2	1	1	1
AT5G00995	0	0	0	0	0	0
AT5G01005	0	0	0	0	0	0
AT5G01010	1424	1554	1365	1256	1340	1318
AT5G01015	12	16	10	20	15	13
AT5G01017	0	0	0	0	0	0
AT5G01020	801	753	724	817	676	686
AT5G01030	292	370	314	290	290	289
AT5G01040	413	430	379	340	358	388
AT5G01045	0	1	4	4	0	2
AT5G01050	158	57	101	86	92	80
AT5G01055	2	0	0	1	1	1
AT5G01060	40	23	34	15	11	8
AT5G01065	0	0	0	0	0	0
AT5G01070	5	3	2	1	2	4
AT5G01075	41	41	26	30	37	55
AT5G01080	0	0	0	0	0	0
AT5G01090	458	454	371	370	351	346
AT5G01095	0	0	0	0	0	0
AT5G01100	92	187	82	61	123	171
AT5G01105	0	0	0	0	0	0
AT5G01110	21	23	27	26	29	27
AT5G01115	0	0	0	0	0	0
AT5G01120	8	6	7	5	3	3
AT5G01125	0	0	1	0	0	1
AT5G01130	0	0	0	0	0	0
AT5G01135	0	0	0	0	0	0
AT5G01140	0	0	0	0	0	0
AT5G01145	0	0	0	0	0	0
AT5G01150	0	0	0	0	0	1
AT5G01155	0	0	0	0	0	0
AT5G01160	277	289	282	281	285	242
AT5G01165	0	0	0	0	0	0
AT5G01170	138	182	154	181	161	137
AT5G01175	23	29	25	33	27	28
AT5G01180	41	55	33	48	38	28
AT5G01190	11	20	11	18	16	17
AT5G01195	0	0	0	0	0	0
AT5G01200	39	48	43	37	27	26
AT5G01205	1	1	0	0	0	1
AT5G01210	0	0	1	0	0	0
AT5G01215	0	0	0	0	0	0
AT5G01220	6551	7048	4875	2253	1969	3365
AT5G01225	0	0	0	0	0	0
AT5G01230	123	170	159	163	133	142
AT5G01235	0	0	0	0	0	0
AT5G01240	416	452	373	425	375	410
AT5G01245	0	0	1	2	0	1
AT5G01250	188	151	154	105	104	98
AT5G01255	0	0	0	0	0	0
AT5G01260	360	343	261	256	255	236
AT5G01265	0	0	0	0	0	0
AT5G01270	554	494	517	510	449	433
AT5G01275	0	0	0	0	0	0
AT5G01280	30	19	23	22	19	17
AT5G01285	0	0	0	0	0	0
AT5G01290	408	459	391	395	366	370
AT5G01295	0	0	0	0	0	0
AT5G01300	5	4	2	0	6	2
AT5G01305	2	1	0	1	1	5
AT5G01310	167	164	139	156	140	122
AT5G01315	0	0	0	0	0	0
AT5G01320	21	20	21	18	24	15
AT5G01325	0	0	0	0	0	0
AT5G01330	26	16	30	25	10	14
AT5G01340	156	163	161	136	149	134
AT5G01345	1	1	2	1	1	1
AT5G01350	380	365	307	330	301	289
AT5G01360	38	54	49	44	37	34
AT5G01365	0	0	0	0	0	0
AT5G01370	65	77	74	84	70	83
AT5G01375	0	0	0	0	0	0
AT5G01380	28	21	8	7	11	21
AT5G01385	0	0	0	0	0	0
AT5G01390	143	148	141	168	167	140
AT5G01395	0	0	0	0	0	0
AT5G01400	648	667	635	602	612	611
AT5G01405	0	0	0	0	0	0
AT5G01410	1351	1294	1108	855	797	720
AT5G01415	0	0	0	0	0	0
AT5G01420	17	21	12	19	16	21
AT5G01425	0	0	0	0	0	0
AT5G01430	206	209	182	153	172	166
AT5G01435	0	0	0	0	0	0
AT5G01440	0	0	0	0	0	0
AT5G01445	11	11	9	7	7	5
AT5G01450	228	225	212	205	216	196
AT5G01455	0	0	0	0	0	0
AT5G01460	553	455	481	489	503	452
AT5G01465	0	0	0	0	0	0
AT5G01470	101	136	107	108	118	115
AT5G01475	0	0	0	0	0	0
AT5G01480	10	3	10	8	11	4
AT5G01485	0	0	0	0	0	0
AT5G01490	43	40	38	39	32	30
AT5G01495	0	1	0	0	2	1
AT5G01500	341	325	277	278	259	281
AT5G01505	1	0	1	0	0	1
AT5G01510	92	87	63	101	86	89
AT5G01515	0	1	0	0	0	1
AT5G01520	160	152	141	86	92	95
AT5G01530	15517	22188	14255	21937	19006	17968
AT5G01535	0	0	0	0	0	0
AT5G01540	0	0	0	0	0	0
AT5G01542	0	0	0	0	0	0
AT5G01545	1	3	4	3	2	0
AT5G01550	216	316	164	58	52	94
AT5G01555	0	0	0	0	0	0
AT5G01560	278	331	326	274	290	273
AT5G01565	0	0	0	0	0	0
AT5G01570	7	7	9	15	13	17
AT5G01575	0	0	0	0	0	0
AT5G01580	0	0	0	0	0	0
AT5G01585	0	0	0	0	0	0
AT5G01590	1526	1776	1489	1748	1646	1503
AT5G01595	3	4	2	9	0	4
AT5G01600	10875	10870	11134	8005	9148	9458
AT5G01605	0	0	0	0	0	0
AT5G01610	216	167	148	95	114	94
AT5G01615	0	0	0	0	0	0
AT5G01620	194	218	194	192	188	188
AT5G01630	110	103	71	112	97	96
AT5G01635	0	0	0	0	0	0
AT5G01640	40	57	54	45	72	81
AT5G01645	0	0	0	0	0	0
AT5G01650	584	593	515	552	521	508
AT5G01655	0	0	0	0	0	0
AT5G01660	34	43	29	43	36	47
AT5G01665	0	0	0	0	0	0
AT5G01670	124	167	140	131	131	148
AT5G01675	0	0	0	2	0	0
AT5G01680	0	0	0	0	0	0
AT5G01685	0	0	0	0	0	0
AT5G01690	1	0	0	0	0	0
AT5G01695	0	0	0	0	0	0
AT5G01700	71	43	45	38	11	37
AT5G01705	0	0	0	0	0	0
AT5G01710	1039	1224	1033	903	933	1058
AT5G01720	1079	1163	952	847	785	823
AT5G01725	0	0	0	0	0	0
AT5G01730	30	40	42	28	36	25
AT5G01732	0	4	0	1	0	0
AT5G01735	0	0	0	0	0	0
AT5G01740	86	96	99	85	93	76
AT5G01745	0	0	0	0	0	0
AT5G01747	2	5	6	2	4	6
AT5G01750	2428	3010	2590	2481	2510	2461
AT5G01755	0	0	0	0	0	0
AT5G01760	9	5	6	8	7	10
AT5G01765	0	0	2	3	1	0
AT5G01770	268	286	221	218	204	195
AT5G01775	7	3	6	9	8	5
AT5G01780	194	253	224	201	216	192
AT5G01785	0	0	0	0	0	0
AT5G01790	94	97	79	82	63	69
AT5G01795	0	0	0	0	0	0
AT5G01800	1614	1494	1448	1212	1170	1209
AT5G01805	0	0	0	0	0	0
AT5G01810	912	1028	1016	739	877	884
AT5G01815	0	0	0	0	0	0
AT5G01820	2073	1809	1355	742	665	791
AT5G01825	0	0	0	0	0	0
AT5G01830	213	151	173	151	140	133
AT5G01835	0	0	0	0	0	0
AT5G01840	68	50	68	67	61	50
AT5G01845	0	0	0	0	0	0
AT5G01850	240	257	176	115	162	155
AT5G01855	0	0	0	0	0	0
AT5G01860	0	0	0	0	0	1
AT5G01865	0	0	0	0	0	0
AT5G01870	309	446	287	325	325	378
AT5G01875	0	0	0	0	0	0
AT5G01880	59	59	49	41	36	50
AT5G01881	0	0	0	0	0	0
AT5G01885	0	0	0	0	0	0
AT5G01890	395	335	278	333	281	281
AT5G01895	0	0	0	0	0	0
AT5G01900	24	47	17	3	19	22
AT5G01910	47	38	52	54	54	48
AT5G01915	0	0	0	0	0	0
AT5G01920	711	786	639	838	736	679
AT5G01925	0	0	0	0	0	0
AT5G01930	252	258	211	305	243	268
AT5G01935	2	0	1	1	2	1
AT5G01940	29	56	43	40	37	31
AT5G01945	0	1	0	0	0	0
AT5G01950	681	815	685	600	657	656
AT5G01955	0	0	0	0	0	0
AT5G01960	532	580	490	467	511	462
AT5G01965	0	0	0	0	0	0
AT5G01970	154	158	165	162	173	186
AT5G01975	0	0	0	0	0	0
AT5G01980	336	370	349	323	281	314
AT5G01985	0	0	0	0	0	0
AT5G01990	294	335	274	285	270	261
AT5G01995	0	0	0	0	0	0
AT5G02000	1	0	1	0	1	0
AT5G02010	150	155	175	167	160	192
AT5G02015	0	0	0	0	0	0
AT5G02020	208	225	189	266	269	265
AT5G02025	0	0	0	0	0	0
AT5G02030	304	365	329	359	379	377
AT5G02035	0	0	1	0	0	0
AT5G02040	238	210	175	183	172	165
AT5G02045	0	0	0	0	0	0
AT5G02050	410	396	406	418	407	370
AT5G02055	0	1	1	0	0	0
AT5G02060	51	36	42	40	31	41
AT5G02065	0	0	0	1	0	0
AT5G02070	0	0	0	0	0	0
AT5G02075	1	2	0	1	1	1
AT5G02080	41	31	25	36	35	37
AT5G02085	0	0	0	0	0	0
AT5G02090	153	101	120	102	70	127
AT5G02095	0	0	0	0	0	0
AT5G02100	428	449	416	314	371	316
AT5G02105	0	0	0	0	0	0
AT5G02110	1	2	1	1	1	0
AT5G02115	0	1	2	1	0	0
AT5G02120	648	623	591	527	498	430
AT5G02125	0	0	0	0	0	0
AT5G02130	171	214	171	145	160	170
AT5G02135	0	0	0	0	0	0
AT5G02140	12	8	7	15	11	7
AT5G02145	0	0	0	0	0	0
AT5G02150	169	176	164	175	198	192
AT5G02155	4	2	1	2	1	1
AT5G02160	2353	2776	2035	3643	2814	2659
AT5G02170	100	57	58	21	13	25
AT5G02175	0	0	0	0	0	1
AT5G02180	200	269	210	131	189	163
AT5G02185	0	0	0	0	0	0
AT5G02190	57	57	32	37	34	29
AT5G02195	0	0	0	0	0	0
AT5G02200	130	163	123	50	57	80
AT5G02205	0	0	0	0	0	0
AT5G02210	0	2	5	1	1	2
AT5G02215	0	0	0	0	0	0
AT5G02220	10	5	5	1	3	3
AT5G02225	3	3	6	4	0	4
AT5G02230	268	234	223	189	164	204
AT5G02240	2404	2682	2234	2164	2260	2132
AT5G02245	0	0	0	0	0	0
AT5G02250	459	513	453	481	468	411
AT5G02255	0	0	0	0	0	0
AT5G02260	314	266	287	254	216	225
AT5G02265	0	0	0	0	0	0
AT5G02270	1361	862	824	909	690	600
AT5G02275	0	0	0	0	0	0
AT5G02280	91	90	72	78	40	54
AT5G02290	626	954	759	448	627	709
AT5G02295	0	0	0	0	0	0
AT5G02305	0	0	0	0	0	0
AT5G02310	1467	1473	1154	1129	1202	1202
AT5G02315	0	0	0	0	0	0
AT5G02320	82	62	66	53	48	54
AT5G02325	0	0	0	0	0	0
AT5G02330	5	6	7	6	5	3
AT5G02335	0	0	0	0	0	0
AT5G02340	1	2	0	0	0	2
AT5G02345	0	0	0	0	0	0
AT5G02350	66	61	48	36	31	33
AT5G02355	0	0	0	0	0	0
AT5G02360	52	37	54	35	51	33
AT5G02365	0	0	0	0	0	0
AT5G02370	147	134	119	154	148	135
AT5G02375	0	0	0	0	1	2
AT5G02380	6674	7256	6174	6135	5319	5419
AT5G02385	0	0	0	0	0	0
AT5G02390	25	14	20	10	2	4
AT5G02395	0	0	0	0	0	0
AT5G02400	97	92	86	59	58	60
AT5G02405	0	0	0	0	0	0
AT5G02410	140	135	113	137	136	92
AT5G02415	6	5	8	8	12	13
AT5G02420	131	81	100	62	54	64
AT5G02425	25	56	22	24	27	25
AT5G02430	110	128	121	115	116	128
AT5G02435	0	0	0	0	0	0
AT5G02440	49	57	60	62	63	53
AT5G02445	0	0	0	0	0	0
AT5G02450	2123	1861	1973	2183	1966	1902
AT5G02455	0	0	0	0	0	0
AT5G02460	67	67	42	61	60	41
AT5G02465	0	0	0	0	0	0
AT5G02470	169	176	178	135	143	132
AT5G02480	3259	3183	2803	3266	2845	2767
AT5G02485	0	2	0	0	0	0
AT5G02490	866	898	558	224	308	396
AT5G02495	0	0	0	0	0	0
AT5G02500	34700	34453	30615	27258	26599	24856
AT5G02502	77	75	40	57	53	47
AT5G02505	0	0	0	0	0	0
AT5G02510	0	0	0	3	1	1
AT5G02515	15	22	18	26	26	16
AT5G02520	40	32	46	39	27	27
AT5G02525	0	1	1	1	0	0
AT5G02530	630	634	619	671	650	582
AT5G02535	3	6	3	6	2	3
AT5G02540	119	108	128	164	141	140
AT5G02550	66	43	48	65	43	68
AT5G02555	0	0	0	0	0	0
AT5G02560	143	183	117	112	107	108
AT5G02565	19	15	19	21	19	21
AT5G02570	0	0	0	0	0	0
AT5G02575	6	4	4	6	6	3
AT5G02580	79	114	63	56	51	54
AT5G02590	74	76	78	57	55	57
AT5G02595	0	0	1	1	0	0
AT5G02600	171	204	179	181	197	228
AT5G02605	3	2	3	1	2	2
AT5G02610	644	642	642	633	651	546
AT5G02615	0	0	0	0	0	0
AT5G02620	362	403	289	331	331	314
AT5G02630	81	93	49	81	78	81
AT5G02635	0	0	0	0	0	0
AT5G02640	26	24	18	25	19	23
AT5G02645	0	2	0	0	0	0
AT5G02650	85	67	75	96	83	80
AT5G02655	0	0	0	0	0	0
AT5G02660	0	0	0	0	0	0
AT5G02665	0	0	0	0	0	0
AT5G02670	128	121	90	115	97	96
AT5G02675	0	0	0	0	0	0
AT5G02680	179	177	137	126	131	122
AT5G02685	0	0	0	0	0	0
AT5G02690	67	84	71	58	53	62
AT5G02695	0	0	0	0	0	0
AT5G02700	0	0	0	0	0	0
AT5G02705	2	1	2	1	0	1
AT5G02710	230	204	199	274	252	197
AT5G02715	0	0	0	0	0	0
AT5G02720	0	1	0	0	0	1
AT5G02725	0	0	0	0	0	0
AT5G02730	0	0	0	0	0	0
AT5G02735	0	0	0	0	0	0
AT5G02740	380	352	289	315	323	295
AT5G02745	0	0	0	0	1	0
AT5G02750	59	43	53	68	48	48
AT5G02755	0	0	0	0	0	0
AT5G02760	573	471	688	683	595	573
AT5G02765	0	0	0	0	0	1
AT5G02770	1904	1947	1761	1606	1587	1546
AT5G02775	0	0	0	0	0	0
AT5G02780	154	196	104	53	70	101
AT5G02785	0	0	0	0	0	0
AT5G02790	2579	3292	2239	2054	2356	2201
AT5G02795	0	0	0	0	1	0
AT5G02800	429	398	372	294	351	304
AT5G02805	0	0	0	0	0	0
AT5G02810	1350	1875	1525	1747	1610	1665
AT5G02815	0	0	0	0	0	0
AT5G02820	234	214	219	216	207	183
AT5G02825	0	0	0	0	0	0
AT5G02830	546	452	397	365	324	303
AT5G02835	0	0	0	0	0	0
AT5G02840	688	723	577	427	322	340
AT5G02850	215	184	195	218	168	185
AT5G02855	0	0	0	0	0	0
AT5G02860	389	403	389	423	394	347
AT5G02865	0	0	1	0	0	0
AT5G02870	3838	3608	3684	4064	3462	3422
AT5G02875	6	12	10	11	15	7
AT5G02880	1298	1325	1172	1041	1087	998
AT5G02885	1	2	0	3	0	1
AT5G02890	158	122	125	222	141	137
AT5G02895	0	0	0	0	0	0
AT5G02900	0	0	0	2	1	2
AT5G02905	0	0	1	2	0	2
AT5G02910	90	84	81	74	85	64
AT5G02915	0	0	0	0	0	0
AT5G02920	2	0	0	0	1	4
AT5G02925	0	0	0	0	0	0
AT5G02930	0	0	1	1	3	0
AT5G02935	0	1	0	0	0	0
AT5G02940	1310	1317	826	745	785	1005
AT5G02945	0	0	0	0	1	0
AT5G02950	64	57	58	31	37	42
AT5G02955	0	0	0	0	1	0
AT5G02960	3473	3412	3333	3499	3184	3047
AT5G02965	0	0	0	0	0	0
AT5G02970	343	393	308	271	282	260
AT5G02975	0	0	0	0	0	0
AT5G02980	0	0	0	0	0	0
AT5G02985	0	0	0	0	0	1
AT5G02990	0	0	0	0	0	0
AT5G02995	0	0	0	0	0	0
AT5G03000	0	0	0	0	0	0
AT5G03005	0	0	0	0	0	0
AT5G03010	1	9	4	3	1	2
AT5G03015	0	0	0	0	0	0
AT5G03020	4	8	2	1	5	5
AT5G03025	0	0	0	0	0	0
AT5G03030	100	124	94	110	93	94
AT5G03035	0	0	0	0	0	0
AT5G03040	1717	1692	1607	1372	1517	1389
AT5G03045	0	1	0	0	0	0
AT5G03050	108	91	82	87	87	74
AT5G03055	0	0	0	0	0	0
AT5G03060	5	3	3	6	3	1
AT5G03065	0	0	0	0	0	0
AT5G03070	181	180	140	130	156	139
AT5G03075	0	0	0	0	0	0
AT5G03080	410	377	346	297	277	305
AT5G03085	9	5	10	0	7	7
AT5G03090	6	0	3	1	1	1
AT5G03095	0	0	0	0	0	0
AT5G03100	75	72	79	73	97	60
AT5G03105	0	0	0	0	0	0
AT5G03110	52	50	53	52	35	53
AT5G03115	0	0	0	0	0	0
AT5G03120	44	58	77	63	74	73
AT5G03125	0	0	0	0	0	0
AT5G03130	0	2	2	9	6	3
AT5G03135	0	0	0	0	0	0
AT5G03140	189	221	186	159	176	157
AT5G03145	0	0	0	0	0	0
AT5G03150	207	206	266	269	238	220
AT5G03155	0	0	0	0	0	0
AT5G03160	515	513	446	398	381	422
AT5G03165	0	5	6	3	6	3
AT5G03170	129	108	111	106	95	78
AT5G03175	5	7	6	4	4	8
AT5G03180	89	124	94	109	79	107
AT5G03185	0	0	0	0	0	0
AT5G03190	253	341	244	338	299	289
AT5G03195	0	0	0	1	0	0
AT5G03200	260	290	239	241	242	221
AT5G03204	0	5	1	1	1	3
AT5G03205	0	0	0	0	0	0
AT5G03210	99	160	68	5	4	26
AT5G03215	0	0	0	0	0	0
AT5G03220	114	123	115	100	96	103
AT5G03225	0	0	0	0	0	0
AT5G03230	248	248	217	308	314	266
AT5G03235	1	2	0	4	1	0
AT5G03240	9546	9864	8752	8192	8158	7519
AT5G03245	0	0	0	0	0	0
AT5G03250	35	26	28	32	36	25
AT5G03255	0	0	0	0	1	0
AT5G03260	213	216	217	190	153	153
AT5G03265	0	0	0	0	0	0
AT5G03270	14	13	13	13	9	13
AT5G03275	0	0	0	0	0	0
AT5G03280	1838	1848	1644	1669	1547	1490
AT5G03285	68	55	41	54	54	46
AT5G03290	1176	1168	1105	948	973	946
AT5G03295	0	0	0	0	0	0
AT5G03300	1851	1847	1885	1855	1900	1566
AT5G03305	0	0	1	0	0	0
AT5G03310	0	0	0	0	0	0
AT5G03315	2	8	1	6	3	3
AT5G03320	431	470	459	373	427	435
AT5G03325	1	0	0	0	0	0
AT5G03330	269	308	244	227	236	226
AT5G03335	0	0	0	0	0	0
AT5G03340	705	661	655	556	547	560
AT5G03345	252	282	282	268	269	282
AT5G03350	271	398	234	49	81	130
AT5G03355	119	164	166	61	88	125
AT5G03360	2	3	4	1	1	2
AT5G03370	162	192	148	162	161	124
AT5G03375	0	0	0	0	0	0
AT5G03380	1851	2272	2000	1656	1886	1740
AT5G03385	0	0	0	0	0	0
AT5G03390	42	57	50	12	16	9
AT5G03395	0	0	0	0	0	0
AT5G03400	0	0	0	0	2	0
AT5G03405	0	0	0	0	0	0
AT5G03406	85	130	96	98	84	93
AT5G03415	166	176	143	174	143	141
AT5G03420	543	587	502	578	560	544
AT5G03425	0	0	0	0	0	0
AT5G03430	794	832	686	784	736	745
AT5G03435	18	8	14	14	6	8
AT5G03440	86	66	62	62	74	71
AT5G03445	0	0	0	0	0	0
AT5G03450	200	194	184	165	190	164
AT5G03452	0	0	0	0	0	0
AT5G03455	527	632	540	437	459	512
AT5G03460	566	624	570	475	506	440
AT5G03465	0	0	0	0	0	0
AT5G03470	246	270	287	255	329	284
AT5G03475	7	6	1	4	4	5
AT5G03480	0	0	0	0	0	0
AT5G03485	6	5	4	3	4	3
AT5G03490	195	242	164	133	157	168
AT5G03495	38	46	31	12	25	24
AT5G03500	248	205	203	156	177	146
AT5G03510	75	61	45	55	41	38
AT5G03515	0	1	0	0	0	1
AT5G03520	742	756	726	601	676	655
AT5G03525	0	0	0	0	0	0
AT5G03530	246	212	189	231	228	198
AT5G03535	0	0	0	0	0	1
AT5G03540	1223	1337	1131	1036	1089	1088
AT5G03545	3756	2840	2650	1611	1521	1997
AT5G03550	57	38	36	14	16	31
AT5G03552	31	26	26	25	19	21
AT5G03553	115	82	91	82	76	73
AT5G03555	522	394	386	241	190	159
AT5G03560	210	237	210	160	154	201
AT5G03565	0	0	0	0	0	0
AT5G03570	25	28	12	11	15	18
AT5G03575	1	0	0	1	1	0
AT5G03580	0	0	0	0	0	0
AT5G03585	1	2	1	1	0	0
AT5G03590	0	0	0	0	0	0
AT5G03595	0	0	0	0	0	0
AT5G03600	0	0	0	0	0	0
AT5G03605	0	0	0	0	0	0
AT5G03610	813	594	583	454	408	484
AT5G03615	4	5	1	9	17	24
AT5G03620	13	14	9	16	7	12
AT5G03625	0	0	0	0	0	0
AT5G03630	3493	3318	3038	2624	2635	2501
AT5G03635	0	0	0	0	0	0
AT5G03640	91	43	63	39	31	24
AT5G03645	0	0	0	0	0	0
AT5G03650	1400	1764	1410	1497	1496	1375
AT5G03660	1126	1253	1098	1069	1087	1069
AT5G03668	2	1	1	1	2	0
AT5G03670	53	48	55	64	52	48
AT5G03680	73	71	57	64	66	65
AT5G03685	0	0	0	0	0	0
AT5G03690	156	150	147	129	171	131
AT5G03695	3	2	1	2	0	2
AT5G03700	213	261	230	194	189	189
AT5G03705	0	1	0	0	0	0
AT5G03710	0	1	0	0	0	0
AT5G03715	0	0	0	0	0	0
AT5G03720	129	197	113	141	163	168
AT5G03730	1910	1881	1802	1640	1573	1482
AT5G03735	0	0	0	0	0	0
AT5G03740	828	808	826	680	725	641
AT5G03745	0	0	0	0	0	0
AT5G03750	0	0	0	0	0	0
AT5G03755	0	0	0	0	0	0
AT5G03760	719	822	609	542	507	461
AT5G03765	0	0	0	0	0	0
AT5G03770	60	72	67	52	58	64
AT5G03775	0	0	0	0	0	0
AT5G03780	90	88	78	74	76	62
AT5G03785	0	0	0	0	0	0
AT5G03790	9	2	3	12	6	12
AT5G03795	10	12	3	14	10	10
AT5G03800	109	101	100	107	112	77
AT5G03805	0	0	0	0	0	0
AT5G03810	0	0	0	0	0	0
AT5G03815	0	0	0	0	0	0
AT5G03820	0	0	0	0	0	0
AT5G03825	2	1	0	1	1	0
AT5G03830	121	141	132	139	142	129
AT5G03835	0	0	0	0	0	0
AT5G03840	8	16	16	13	16	14
AT5G03845	0	0	0	0	0	0
AT5G03850	802	629	666	818	654	585
AT5G03860	32	28	22	26	25	27
AT5G03870	88	79	73	96	78	80
AT5G03875	3	0	1	2	2	2
AT5G03880	1721	2016	1507	1751	1693	1519
AT5G03885	6	6	8	12	10	7
AT5G03890	21	17	12	20	20	19
AT5G03900	609	605	557	618	564	518
AT5G03905	208	191	175	126	166	144
AT5G03910	388	415	371	360	355	366
AT5G03915	0	0	0	0	0	0
AT5G03920	0	0	0	0	0	0
AT5G03925	0	0	0	0	1	0
AT5G03930	0	0	0	0	0	0
AT5G03935	0	0	0	0	0	0
AT5G03940	2011	2060	1739	2428	2072	1969
AT5G03944	0	1	0	0	0	0
AT5G03945	0	0	0	0	0	0
AT5G03955	0	0	0	0	0	0
AT5G03960	56	55	59	48	40	31
AT5G03965	0	0	0	0	0	0
AT5G03970	141	163	130	96	102	104
AT5G03975	0	0	0	0	0	0
AT5G03980	0	0	0	0	0	0
AT5G03985	1	6	5	12	5	4
AT5G03990	121	150	101	82	76	80
AT5G03995	78	83	85	83	104	73
AT5G04000	23	22	25	13	16	12
AT5G04005	0	0	0	0	0	0
AT5G04010	0	0	2	0	0	1
AT5G04015	0	0	0	0	0	0
AT5G04020	600	645	596	502	598	676
AT5G04025	0	0	0	0	0	0
AT5G04030	0	0	0	0	0	0
AT5G04035	0	0	0	0	0	0
AT5G04040	620	764	660	560	615	642
AT5G04045	0	0	0	0	0	0
AT5G04047	0	0	0	0	0	0
AT5G04050	91	89	118	87	93	80
AT5G04055	2	7	5	3	2	4
AT5G04060	266	294	243	305	252	233
AT5G04065	1	3	0	1	0	6
AT5G04070	114	114	87	79	86	90
AT5G04075	5	6	4	1	5	2
AT5G04080	298	286	231	220	207	201
AT5G04085	0	0	0	0	0	0
AT5G04090	347	386	315	319	327	293
AT5G04105	0	2	2	2	3	1
AT5G04110	200	170	170	187	162	159
AT5G04115	0	0	0	0	0	0
AT5G04120	3	13	8	5	1	2
AT5G04125	0	0	0	0	0	0
AT5G04130	433	493	417	442	418	422
AT5G04135	0	0	0	0	0	0
AT5G04140	15683	14202	11224	12342	11742	10449
AT5G04145	0	0	1	0	0	0
AT5G04150	1	3	3	9	7	4
AT5G04160	187	179	161	209	177	187
AT5G04165	0	0	1	0	0	0
AT5G04170	743	794	706	624	669	622
AT5G04175	0	0	0	0	0	0
AT5G04180	0	0	0	1	2	1
AT5G04185	2	1	7	3	3	3
AT5G04190	58	55	75	55	56	44
AT5G04195	0	0	0	0	0	0
AT5G04200	273	221	278	161	147	160
AT5G04205	4	4	1	3	6	4
AT5G04210	2	1	0	0	1	1
AT5G04215	0	0	0	0	0	0
AT5G04220	196	198	195	168	207	211
AT5G04225	0	0	0	0	0	0
AT5G04230	202	258	262	316	299	285
AT5G04238	0	0	0	0	0	0
AT5G04240	496	552	486	455	445	441
AT5G04245	0	0	0	0	0	0
AT5G04250	109	146	105	110	110	99
AT5G04255	0	0	0	0	0	0
AT5G04260	180	231	195	193	172	195
AT5G04267	0	1	0	0	0	0
AT5G04270	70	59	67	59	57	63
AT5G04275	1	1	0	1	0	0
AT5G04280	648	624	542	523	537	457
AT5G04290	848	906	832	785	845	872
AT5G04305	0	0	0	0	0	0
AT5G04310	52	80	79	37	47	49
AT5G04315	0	0	0	0	0	0
AT5G04320	262	286	247	270	251	251
AT5G04325	0	0	0	0	0	0
AT5G04330	33	20	28	24	28	27
AT5G04335	0	0	0	0	0	0
AT5G04340	825	999	573	190	242	305
AT5G04345	0	0	0	0	0	0
AT5G04347	0	0	0	0	0	0
AT5G04350	0	0	0	0	0	0
AT5G04355	5	2	0	0	3	1
AT5G04360	771	863	685	875	772	746
AT5G04365	0	0	0	0	0	0
AT5G04370	25	23	23	24	30	22
AT5G04375	0	0	0	0	0	0
AT5G04380	0	0	0	0	0	0
AT5G04385	0	0	0	0	0	0
AT5G04390	34	21	28	19	24	27
AT5G04395	0	0	0	0	0	0
AT5G04400	0	0	1	1	0	0
AT5G04405	0	0	0	0	0	1
AT5G04410	1290	1421	1114	1063	1043	999
AT5G04415	0	0	0	0	0	0
AT5G04420	574	647	587	555	567	527
AT5G04425	9	5	4	2	1	3
AT5G04430	2167	2111	2088	1957	2002	1708
AT5G04435	0	0	0	0	0	0
AT5G04440	711	724	629	736	638	578
AT5G04445	0	0	0	0	0	0
AT5G04455	0	0	0	0	0	0
AT5G04460	542	536	507	466	482	458
AT5G04465	0	0	0	1	0	0
AT5G04470	62	71	79	89	73	53
AT5G04475	0	0	0	0	0	0
AT5G04480	476	542	535	472	509	564
AT5G04490	299	363	365	317	307	278
AT5G04495	1	0	0	0	0	0
AT5G04500	0	1	1	0	1	0
AT5G04505	0	0	0	0	0	0
AT5G04510	474	566	456	531	506	508
AT5G04515	0	0	0	0	0	0
AT5G04520	143	146	146	124	102	115
AT5G04525	0	0	0	0	0	0
AT5G04530	317	378	349	356	357	319
AT5G04540	485	558	420	404	433	409
AT5G04545	0	0	0	0	0	0
AT5G04550	847	982	759	800	827	839
AT5G04560	1579	1816	1537	1443	1465	1476
AT5G04575	0	0	0	0	0	0
AT5G04585	0	0	0	0	0	0
AT5G04590	5753	5777	5106	4625	4893	4743
AT5G04595	0	0	0	0	0	0
AT5G04600	982	1000	1003	965	924	930
AT5G04605	0	0	0	0	0	0
AT5G04610	0	0	0	0	0	0
AT5G04615	0	0	0	1	0	0
AT5G04620	125	126	125	139	151	117
AT5G04625	0	0	0	0	0	0
AT5G04630	1	0	0	2	1	0
AT5G04635	0	0	0	0	0	0
AT5G04640	0	0	0	0	0	0
AT5G04660	0	0	0	0	0	0
AT5G04665	0	0	1	1	0	1
AT5G04670	423	409	381	349	431	325
AT5G04675	0	0	0	0	0	0
AT5G04680	36	33	33	37	37	46
AT5G04685	0	0	0	0	0	0
AT5G04690	19	24	13	25	21	23
AT5G04695	0	0	0	0	1	0
AT5G04700	34	48	34	27	24	25
AT5G04705	0	0	0	0	0	0
AT5G04710	478	485	478	512	490	452
AT5G04715	0	0	0	0	0	0
AT5G04720	922	1294	1041	727	1033	1020
AT5G04725	0	0	0	0	0	0
AT5G04730	4	7	2	1	2	1
AT5G04740	1621	1646	1647	1466	1587	1456
AT5G04745	0	1	0	1	2	3
AT5G04750	1066	1156	929	777	817	731
AT5G04755	0	0	0	0	0	0
AT5G04760	164	194	158	116	132	188
AT5G04765	0	0	0	0	0	0
AT5G04770	83	76	63	88	97	71
AT5G04775	0	0	0	0	0	0
AT5G04780	62	48	54	71	64	59
AT5G04785	1	0	1	0	0	0
AT5G04790	0	0	0	0	0	0
AT5G04795	1	0	0	0	0	0
AT5G04800	644	625	615	583	478	511
AT5G04810	1435	1423	1267	1568	1434	1301
AT5G04815	0	0	0	0	0	0
AT5G04820	91	87	90	97	110	72
AT5G04825	0	0	0	0	0	0
AT5G04830	1159	986	947	713	766	710
AT5G04840	71	53	39	54	44	52
AT5G04845	0	0	1	0	0	0
AT5G04850	403	434	384	359	360	370
AT5G04853	0	0	0	0	0	0
AT5G04855	0	0	0	0	0	0
AT5G04860	301	299	266	234	241	234
AT5G04865	0	0	0	0	0	0
AT5G04870	1017	1138	1035	982	1073	1122
AT5G04885	442	472	346	449	427	394
AT5G04890	106	108	114	117	85	103
AT5G04895	198	225	195	208	197	188
AT5G04900	218	273	213	240	241	221
AT5G04905	0	1	0	0	0	2
AT5G04910	189	171	176	186	184	143
AT5G04915	0	0	0	0	0	0
AT5G04920	669	675	591	549	529	487
AT5G04925	0	0	0	0	0	0
AT5G04930	1720	1796	1472	944	1139	1136
AT5G04933	0	0	0	0	0	0
AT5G04935	0	0	0	0	0	0
AT5G04937	1	0	0	0	0	0
AT5G04940	223	231	202	228	210	206
AT5G04945	0	0	0	0	0	0
AT5G04950	376	360	488	631	686	563
AT5G04955	0	0	0	0	0	0
AT5G04960	1001	598	678	461	276	234
AT5G04965	0	0	0	0	0	0
AT5G04970	45	19	44	38	15	20
AT5G04975	0	0	0	0	0	0
AT5G04980	158	171	144	72	83	83
AT5G04985	0	0	0	0	0	0
AT5G04990	489	540	446	415	424	392
AT5G04995	0	0	0	0	0	0
AT5G05000	481	548	460	463	427	412
AT5G05005	0	0	0	0	0	0
AT5G05010	2214	2219	2019	2077	1975	1887
AT5G05015	0	0	0	0	0	0
AT5G05020	0	0	1	0	1	1
AT5G05030	0	0	0	0	0	0
AT5G05035	0	0	0	0	0	0
AT5G05040	0	0	0	2	0	1
AT5G05045	0	0	0	0	0	0
AT5G05050	0	0	0	0	0	0
AT5G05055	0	0	0	0	0	0
AT5G05060	328	322	310	714	723	721
AT5G05065	0	0	0	0	0	0
AT5G05070	0	0	0	0	0	0
AT5G05075	0	0	0	0	0	0
AT5G05080	1353	1429	1366	1247	1307	1238
AT5G05085	0	1	0	1	0	1
AT5G05090	0	0	0	0	0	0
AT5G05095	0	0	0	0	0	0
AT5G05100	711	861	650	665	646	675
AT5G05105	0	0	0	0	0	1
AT5G05110	489	483	447	238	321	302
AT5G05113	0	0	0	0	0	0
AT5G05120	0	0	0	0	0	0
AT5G05125	0	0	0	1	2	0
AT5G05130	84	103	90	94	75	70
AT5G05135	0	1	0	1	1	2
AT5G05140	710	796	698	521	626	739
AT5G05150	0	0	1	0	0	0
AT5G05155	0	0	0	0	0	0
AT5G05160	411	361	358	350	317	320
AT5G05170	6025	6041	5625	5390	5405	4790
AT5G05175	0	0	0	0	0	0
AT5G05180	165	176	199	101	117	91
AT5G05185	0	0	0	0	0	0
AT5G05190	239	465	293	119	164	233
AT5G05195	0	0	0	0	0	0
AT5G05200	2171	2281	1847	2166	2094	1931
AT5G05205	0	0	0	0	0	0
AT5G05210	574	691	663	665	611	631
AT5G05215	0	0	0	0	0	0
AT5G05220	0	1	1	0	1	0
AT5G05230	301	272	236	264	270	296
AT5G05235	2	0	0	1	1	0
AT5G05240	74	58	56	57	61	55
AT5G05250	18	58	17	53	57	30
AT5G05255	0	0	0	0	0	0
AT5G05260	0	2	0	1	1	0
AT5G05265	12	12	5	0	0	5
AT5G05270	769	685	660	660	433	447
AT5G05275	0	0	0	0	0	0
AT5G05280	2	0	2	1	0	0
AT5G05285	0	0	0	0	0	0
AT5G05290	0	0	0	0	0	0
AT5G05295	0	0	0	0	0	0
AT5G05300	22	64	22	3	10	13
AT5G05310	178	198	154	159	157	158
AT5G05315	0	0	0	0	0	0
AT5G05320	99	92	100	52	62	67
AT5G05325	0	0	0	0	0	0
AT5G05330	41	27	24	35	21	18
AT5G05335	0	0	0	0	0	0
AT5G05340	436	415	344	367	316	355
AT5G05350	28	16	17	21	11	17
AT5G05360	165	195	179	168	175	160
AT5G05365	26	41	32	24	19	32
AT5G05370	119	104	93	101	76	99
AT5G05375	0	0	0	0	0	0
AT5G05380	59	67	62	52	41	62
AT5G05385	0	0	0	0	0	0
AT5G05390	11	22	26	17	21	18
AT5G05395	0	0	1	3	0	1
AT5G05400	85	60	51	71	69	56
AT5G05410	274	267	207	152	153	167
AT5G05415	0	3	2	2	1	1
AT5G05420	11	6	7	4	5	5
AT5G05425	0	0	2	0	1	0
AT5G05430	9	11	9	6	13	13
AT5G05435	54	64	64	69	50	56
AT5G05440	541	635	720	627	790	731
AT5G05445	0	0	1	1	1	1
AT5G05450	475	450	472	468	458	414
AT5G05455	0	0	0	0	0	0
AT5G05460	337	350	350	244	306	267
AT5G05465	1	2	2	1	0	2
AT5G05470	263	273	250	274	225	261
AT5G05475	0	0	0	0	0	0
AT5G05480	135	206	146	175	165	160
AT5G05485	0	0	0	0	0	0
AT5G05490	8	6	5	6	8	5
AT5G05495	0	0	0	0	0	0
AT5G05500	389	165	237	204	139	94
AT5G05505	0	0	0	0	0	0
AT5G05510	46	56	40	58	48	35
AT5G05515	0	0	0	0	0	0
AT5G05520	495	497	515	434	459	387
AT5G05525	0	0	1	0	0	0
AT5G05530	6	12	2	2	4	4
AT5G05535	0	0	0	0	0	0
AT5G05540	396	372	356	362	315	344
AT5G05545	4	7	4	5	5	2
AT5G05550	116	139	128	148	120	139
AT5G05555	0	0	0	0	0	0
AT5G05560	376	383	364	361	356	349
AT5G05565	0	0	0	0	0	0
AT5G05570	576	564	521	447	505	457
AT5G05580	559	527	474	617	546	528
AT5G05585	0	0	0	0	0	0
AT5G05590	50	67	41	45	37	46
AT5G05598	0	0	0	0	0	0
AT5G05600	1339	766	778	396	529	796
AT5G05605	0	0	0	0	0	0
AT5G05610	645	606	597	547	554	569
AT5G05620	264	293	269	255	259	258
AT5G05625	0	0	0	0	0	0
AT5G05630	17	25	18	11	18	17
AT5G05635	0	0	0	0	0	0
AT5G05640	53	55	52	48	55	43
AT5G05645	0	0	0	0	0	0
AT5G05650	0	0	0	0	0	0
AT5G05653	0	0	0	0	0	0
AT5G05657	0	0	1	0	0	1
AT5G05660	541	543	507	525	458	474
AT5G05665	0	0	0	0	0	0
AT5G05670	222	197	187	199	188	186
AT5G05675	0	0	0	0	0	0
AT5G05680	268	246	280	198	237	238
AT5G05685	0	0	0	0	0	0
AT5G05690	1303	1431	1272	1740	1710	1405
AT5G05695	1	0	0	0	0	0
AT5G05700	447	479	418	381	420	396
AT5G05705	0	0	0	0	0	0
AT5G05710	56	58	53	17	18	19
AT5G05720	0	0	0	0	0	0
AT5G05725	0	0	0	1	0	0
AT5G05730	1401	1317	1305	792	1097	1215
AT5G05735	0	0	0	0	1	0
AT5G05740	1016	979	848	1171	981	967
AT5G05745	0	0	0	0	0	0
AT5G05750	233	307	275	232	211	266
AT5G05755	0	0	0	0	0	0
AT5G05760	285	316	214	194	235	225
AT5G05765	2	1	0	1	0	1
AT5G05770	1	5	4	1	2	1
AT5G05780	1184	1213	1085	1101	1018	1011
AT5G05785	1	4	2	1	2	5
AT5G05790	205	241	212	154	170	148
AT5G05795	0	0	0	0	0	0
AT5G05800	360	404	303	319	321	330
AT5G05805	1	0	0	0	0	1
AT5G05810	16	24	16	16	19	19
AT5G05815	0	0	0	0	0	0
AT5G05820	286	300	305	292	260	255
AT5G05825	0	0	0	0	0	0
AT5G05830	106	85	71	125	114	108
AT5G05835	0	0	0	0	0	0
AT5G05840	42	32	26	64	39	30
AT5G05845	0	0	0	0	0	0
AT5G05850	125	162	131	115	132	146
AT5G05855	0	0	0	0	0	0
AT5G05860	187	179	190	189	179	159
AT5G05865	1	0	0	0	0	1
AT5G05870	232	168	211	180	166	155
AT5G05875	0	0	0	1	0	0
AT5G05880	109	109	109	142	119	97
AT5G05885	0	0	0	0	0	0
AT5G05890	155	161	142	164	129	134
AT5G05895	0	0	0	0	0	0
AT5G05900	25	13	23	8	5	3
AT5G05905	0	0	0	0	1	0
AT5G05910	0	0	0	0	0	0
AT5G05915	0	0	0	0	0	0
AT5G05920	149	159	121	157	123	119
AT5G05925	0	0	0	0	0	0
AT5G05930	253	263	252	224	205	233
AT5G05935	0	0	0	0	0	0
AT5G05940	61	77	65	91	52	63
AT5G05945	0	0	0	0	0	0
AT5G05950	195	232	211	218	191	179
AT5G05955	0	0	0	0	0	0
AT5G05960	465	577	485	377	291	409
AT5G05965	3	1	2	16	9	16
AT5G05970	238	244	219	230	222	203
AT5G05975	0	2	0	1	3	1
AT5G05980	542	585	487	497	494	455
AT5G05985	0	0	0	0	0	0
AT5G05987	147	164	132	111	107	109
AT5G05990	152	191	147	181	163	161
AT5G05995	0	0	0	0	0	0
AT5G06000	34	52	42	40	24	38
AT5G06005	0	0	0	0	0	0
AT5G06010	0	0	0	0	0	0
AT5G06015	0	0	0	0	0	0
AT5G06020	0	0	0	0	0	0
AT5G06025	0	0	0	0	0	0
AT5G06030	0	0	0	0	0	0
AT5G06035	0	0	0	0	0	0
AT5G06040	0	0	0	0	0	0
AT5G06043	0	0	0	0	0	0
AT5G06045	0	0	0	0	0	0
AT5G06050	357	329	342	348	275	272
AT5G06055	0	0	0	0	0	0
AT5G06060	414	467	383	442	396	377
AT5G06065	0	0	0	0	0	0
AT5G06070	1	0	1	1	1	2
AT5G06075	0	0	0	0	0	0
AT5G06080	1	6	3	3	1	0
AT5G06085	0	0	1	0	0	0
AT5G06090	52	64	36	58	63	43
AT5G06095	0	0	0	0	0	0
AT5G06100	246	272	254	275	246	252
AT5G06105	0	0	0	0	0	0
AT5G06110	1033	1268	1135	982	1104	1120
AT5G06115	0	0	0	0	0	0
AT5G06120	620	648	585	524	547	565
AT5G06125	0	0	0	0	0	0
AT5G06130	926	935	807	928	841	776
AT5G06140	802	835	697	695	733	656
AT5G06145	0	0	0	0	0	0
AT5G06150	287	289	285	325	284	283
AT5G06155	0	1	0	0	1	0
AT5G06160	550	535	580	536	498	489
AT5G06165	1	1	1	1	3	1
AT5G06170	0	0	0	0	0	0
AT5G06175	0	0	0	0	0	0
AT5G06180	106	117	94	98	81	91
AT5G06185	0	0	0	0	0	0
AT5G06190	9	5	3	6	7	6
AT5G06200	38	18	25	23	9	12
AT5G06205	0	0	0	0	0	0
AT5G06210	74	88	78	94	67	77
AT5G06220	889	996	773	888	853	775
AT5G06230	79	55	79	49	67	52
AT5G06235	1	1	2	4	1	2
AT5G06240	109	127	103	90	130	106
AT5G06245	0	0	0	0	0	0
AT5G06250	5	12	7	10	12	14
AT5G06255	0	0	0	0	0	0
AT5G06260	510	580	470	449	500	469
AT5G06265	211	210	174	194	177	166
AT5G06270	131	135	154	187	158	110
AT5G06275	1	0	0	0	0	0
AT5G06280	259	249	224	206	181	208
AT5G06285	0	0	0	0	0	0
AT5G06290	2987	3095	2676	2818	2701	2461
AT5G06295	3	1	1	0	1	1
AT5G06300	447	337	337	226	237	205
AT5G06305	0	0	0	0	0	0
AT5G06310	41	45	54	40	52	52
AT5G06320	1193	2235	1323	798	1403	1851
AT5G06325	0	0	0	0	0	0
AT5G06330	117	117	135	111	123	133
AT5G06335	0	0	0	0	0	0
AT5G06340	694	749	634	705	696	660
AT5G06345	0	0	0	0	0	0
AT5G06350	299	352	286	298	273	274
AT5G06360	930	875	874	942	829	818
AT5G06365	0	0	0	0	0	0
AT5G06370	366	367	340	370	371	399
AT5G06380	7	2	4	4	4	3
AT5G06385	0	0	0	0	0	0
AT5G06390	637	694	544	515	522	515
AT5G06395	0	0	0	0	0	0
AT5G06400	24	21	14	26	23	21
AT5G06405	0	0	0	0	0	0
AT5G06410	109	130	107	108	105	98
AT5G06415	0	0	0	0	0	0
AT5G06420	52	60	43	63	56	65
AT5G06425	0	0	0	0	0	0
AT5G06430	65	67	67	74	78	67
AT5G06435	0	0	0	0	0	0
AT5G06440	490	496	468	491	464	439
AT5G06445	0	0	0	0	0	0
AT5G06450	202	168	161	153	169	125
AT5G06455	0	0	0	0	0	0
AT5G06460	666	714	640	703	710	698
AT5G06465	0	0	0	0	0	0
AT5G06470	21	9	12	15	17	21
AT5G06475	6	4	1	0	2	2
AT5G06480	16	10	15	16	22	27
AT5G06490	1	0	0	1	1	1
AT5G06495	0	0	0	0	0	0
AT5G06500	1	1	0	0	0	0
AT5G06505	0	0	0	0	0	0
AT5G06510	222	212	176	78	145	131
AT5G06515	0	2	0	0	0	0
AT5G06520	1	1	0	0	0	0
AT5G06525	0	0	0	0	0	0
AT5G06530	625	657	535	215	197	293
AT5G06535	0	0	0	0	0	0
AT5G06540	28	25	36	22	21	30
AT5G06545	0	0	0	0	0	0
AT5G06550	139	123	128	146	136	126
AT5G06560	482	564	489	405	428	416
AT5G06565	0	0	0	0	0	0
AT5G06570	73	47	53	56	56	58
AT5G06575	0	0	0	0	0	0
AT5G06580	310	299	265	293	307	280
AT5G06585	24	42	23	28	50	45
AT5G06590	50	37	39	43	39	37
AT5G06595	0	0	0	0	0	0
AT5G06600	2554	2642	2325	2060	2105	1956
AT5G06605	0	0	0	0	0	0
AT5G06610	122	121	131	135	87	97
AT5G06615	0	0	0	0	0	0
AT5G06620	75	48	50	73	50	53
AT5G06630	1208	669	858	704	461	440
AT5G06635	0	0	0	0	0	0
AT5G06640	1826	901	1195	951	633	549
AT5G06645	0	0	0	0	0	0
AT5G06650	3	0	0	2	0	2
AT5G06655	0	0	0	0	0	0
AT5G06660	267	228	232	263	273	232
AT5G06665	0	0	0	0	0	0
AT5G06670	214	273	207	245	222	211
AT5G06675	0	0	0	0	0	0
AT5G06680	231	247	229	217	206	226
AT5G06685	0	0	0	0	0	0
AT5G06690	871	1054	937	1004	1006	905
AT5G06695	0	0	0	0	0	0
AT5G06700	1103	1253	1218	1045	1197	1123
AT5G06705	0	0	0	0	0	0
AT5G06710	76	88	89	87	83	70
AT5G06715	0	0	0	0	0	0
AT5G06720	42	66	60	86	112	95
AT5G06730	101	116	123	77	139	108
AT5G06735	0	0	0	0	0	0
AT5G06740	76	75	81	39	77	76
AT5G06745	0	0	0	0	0	0
AT5G06750	298	286	298	198	235	256
AT5G06755	1	2	6	2	0	2
AT5G06760	17	18	16	5	7	6
AT5G06765	1	0	0	0	0	0
AT5G06770	123	98	101	116	121	112
AT5G06775	0	1	1	0	0	2
AT5G06780	323	376	309	286	264	297
AT5G06785	0	0	0	0	0	0
AT5G06790	57	44	33	33	21	15
AT5G06795	1	2	0	1	0	0
AT5G06800	98	74	88	103	78	85
AT5G06810	70	59	72	58	76	68
AT5G06811	93	104	87	89	77	76
AT5G06815	0	0	0	0	0	0
AT5G06820	14	13	8	10	10	12
AT5G06825	3	0	1	1	0	1
AT5G06830	465	496	506	474	446	442
AT5G06835	1	4	1	0	2	1
AT5G06839	213	149	171	164	145	132
AT5G06845	31	49	20	23	15	19
AT5G06850	202	229	229	239	195	197
AT5G06855	0	0	0	0	0	0
AT5G06860	3	2	5	3	2	2
AT5G06865	4	5	3	2	2	7
AT5G06870	681	721	519	290	331	857
AT5G06875	0	0	0	0	0	0
AT5G06880	0	0	0	0	0	0
AT5G06885	0	0	1	0	0	0
AT5G06890	0	0	0	0	0	0
AT5G06900	2	11	5	3	2	4
AT5G06905	0	2	1	1	2	2
AT5G06910	293	277	283	264	285	259
AT5G06915	0	0	0	0	0	0
AT5G06920	0	0	0	0	0	0
AT5G06925	0	0	0	0	0	0
AT5G06930	141	109	141	151	129	115
AT5G06935	0	0	0	0	0	0
AT5G06940	39	41	31	50	47	58
AT5G06945	0	0	0	0	0	0
AT5G06950	230	248	216	186	207	225
AT5G06955	0	0	0	0	0	0
AT5G06960	255	264	234	189	202	216
AT5G06965	0	0	0	0	0	0
AT5G06970	983	1008	890	826	924	834
AT5G06975	0	0	0	0	0	0
AT5G06980	158	197	153	89	109	103
AT5G06985	0	0	0	0	0	0
AT5G06990	74	46	49	32	22	33
AT5G06995	0	0	0	0	0	0
AT5G07000	215	217	226	152	205	162
AT5G07005	0	0	0	0	0	0
AT5G07010	246	160	183	137	110	169
AT5G07015	0	0	0	1	0	0
AT5G07020	1336	1376	1071	1322	1298	1149
AT5G07025	0	0	0	0	0	0
AT5G07030	1065	1179	1168	1246	992	1005
AT5G07035	1	0	1	0	0	1
AT5G07040	12	12	12	11	6	6
AT5G07050	2	2	1	0	0	0
AT5G07055	0	0	0	0	0	0
AT5G07060	14	20	24	16	13	19
AT5G07065	0	0	0	0	0	0
AT5G07070	73	88	53	63	62	73
AT5G07075	0	0	0	0	0	0
AT5G07080	151	115	139	167	158	149
AT5G07090	3430	3053	3150	3791	3402	3167
AT5G07095	3	1	2	4	2	0
AT5G07100	554	539	695	388	530	505
AT5G07105	0	0	1	0	0	0
AT5G07110	121	89	104	78	80	78
AT5G07115	0	1	0	0	1	1
AT5G07120	297	304	246	293	283	269
AT5G07125	0	0	0	0	0	0
AT5G07130	158	163	135	143	141	113
AT5G07135	0	0	0	0	0	0
AT5G07140	76	76	54	88	91	58
AT5G07145	0	0	0	0	0	0
AT5G07150	0	0	0	0	0	0
AT5G07152	1	1	2	0	3	1
AT5G07155	0	0	0	0	0	0
AT5G07160	0	0	0	0	0	0
AT5G07165	0	0	0	1	0	0
AT5G07170	0	0	0	0	0	0
AT5G07175	0	1	1	0	1	0
AT5G07180	133	161	120	193	176	181
AT5G07185	0	0	0	0	0	0
AT5G07190	10	13	13	26	13	5
AT5G07195	0	0	0	0	0	0
AT5G07200	2	1	4	7	2	4
AT5G07205	0	0	0	0	0	0
AT5G07210	0	0	0	0	0	0
AT5G07220	1128	1000	959	692	794	805
AT5G07225	0	0	0	0	0	0
AT5G07230	0	0	0	0	0	0
AT5G07240	278	237	199	210	181	150
AT5G07250	98	155	123	139	139	116
AT5G07255	0	0	0	0	0	0
AT5G07260	0	1	0	2	0	1
AT5G07265	0	0	0	0	0	0
AT5G07270	512	459	480	452	420	392
AT5G07275	0	0	0	0	0	0
AT5G07280	61	76	53	81	49	57
AT5G07285	12	5	7	7	10	7
AT5G07290	691	705	628	563	601	625
AT5G07295	0	0	0	0	0	0
AT5G07300	746	724	706	701	734	661
AT5G07310	3	1	3	6	4	4
AT5G07315	0	0	0	0	0	0
AT5G07320	226	223	188	214	193	222
AT5G07322	244	159	207	144	120	101
AT5G07325	3	1	0	1	0	0
AT5G07330	4	3	6	0	2	0
AT5G07335	0	0	0	0	0	0
AT5G07340	1003	1026	971	789	911	841
AT5G07345	0	0	0	0	0	0
AT5G07350	2993	2908	2729	2522	2503	2496
AT5G07355	0	0	0	0	0	0
AT5G07360	461	444	463	356	400	351
AT5G07365	0	0	0	0	0	0
AT5G07370	544	577	505	440	527	509
AT5G07380	19	10	12	10	12	8
AT5G07385	0	0	0	0	0	0
AT5G07390	48	51	42	53	67	59
AT5G07395	4	5	5	0	2	1
AT5G07400	103	111	85	73	70	66
AT5G07405	0	0	0	0	0	0
AT5G07410	0	0	0	0	0	0
AT5G07415	0	0	0	0	0	0
AT5G07420	0	0	0	0	0	0
AT5G07425	0	0	0	0	0	0
AT5G07430	0	1	0	0	0	2
AT5G07435	0	0	0	0	0	0
AT5G07440	6763	5833	5564	3368	3769	5061
AT5G07445	0	0	0	0	0	0
AT5G07450	26	14	31	13	7	10
AT5G07455	1	0	1	1	5	0
AT5G07460	885	838	790	576	685	716
AT5G07465	0	0	0	0	0	0
AT5G07470	905	1008	887	847	837	785
AT5G07475	111	143	101	133	114	104
AT5G07480	1	0	2	0	0	1
AT5G07485	0	0	0	0	0	0
AT5G07490	0	0	0	0	0	0
AT5G07495	1	0	0	0	0	0
AT5G07500	1	3	4	3	2	1
AT5G07510	0	2	0	0	0	2
AT5G07515	0	0	0	0	0	0
AT5G07520	0	0	0	0	0	0
AT5G07525	0	0	1	0	1	0
AT5G07530	0	1	0	1	2	0
AT5G07535	0	0	0	0	0	0
AT5G07540	0	0	0	0	0	0
AT5G07545	0	0	0	0	0	0
AT5G07550	2	3	1	1	5	3
AT5G07555	0	0	0	0	1	1
AT5G07560	4	4	2	2	2	4
AT5G07565	0	0	0	0	0	0
AT5G07570	18	17	17	24	45	20
AT5G07571	0	0	0	0	0	1
AT5G07572	0	0	0	1	0	0
AT5G07575	0	0	0	0	1	0
AT5G07580	721	947	821	806	927	737
AT5G07585	0	0	0	0	0	0
AT5G07590	158	133	135	164	146	141
AT5G07595	0	0	0	0	0	0
AT5G07600	0	0	0	0	1	2
AT5G07605	0	1	0	1	0	0
AT5G07610	83	65	72	50	61	51
AT5G07615	0	0	0	0	0	0
AT5G07620	42	48	38	31	28	23
AT5G07625	0	0	0	0	0	0
AT5G07630	292	270	228	308	239	232
AT5G07635	0	0	0	0	0	0
AT5G07640	6	7	11	4	12	11
AT5G07650	32	25	39	5	6	4
AT5G07655	0	0	0	0	0	0
AT5G07660	88	59	61	43	36	45
AT5G07665	0	0	0	0	0	0
AT5G07670	258	205	206	227	222	180
AT5G07675	0	0	0	0	0	0
AT5G07680	113	115	111	32	29	14
AT5G07690	161	182	120	195	215	168
AT5G07695	0	0	0	0	0	0
AT5G07700	7	13	2	23	16	21
AT5G07705	0	0	0	0	1	0
AT5G07710	128	96	96	84	87	97
AT5G07715	0	0	0	0	1	1
AT5G07720	35	35	29	24	31	19
AT5G07725	1	1	3	2	1	1
AT5G07730	90	80	67	66	67	66
AT5G07735	1	1	1	0	0	0
AT5G07740	1311	1318	1114	1042	997	1002
AT5G07745	3	0	0	0	1	0
AT5G07760	11	14	15	8	3	2
AT5G07770	467	386	382	212	208	234
AT5G07775	0	0	0	0	0	0
AT5G07780	26	23	37	14	14	17
AT5G07785	0	0	0	0	0	0
AT5G07790	92	99	95	88	106	111
AT5G07795	0	0	0	0	0	0
AT5G07800	43	50	54	55	52	50
AT5G07805	1	0	0	0	0	0
AT5G07810	87	73	80	92	71	64
AT5G07815	0	0	0	0	0	0
AT5G07820	241	293	303	210	291	251
AT5G07825	0	0	0	0	0	0
AT5G07830	496	543	523	514	575	520
AT5G07835	0	0	0	0	0	0
AT5G07840	144	141	127	183	169	153
AT5G07845	0	0	0	0	0	0
AT5G07850	0	0	0	0	0	0
AT5G07855	0	0	0	0	0	0
AT5G07860	307	295	283	269	293	266
AT5G07865	0	0	0	0	0	0
AT5G07870	320	259	297	262	314	269
AT5G07875	0	0	1	0	0	0
AT5G07880	7	13	7	5	7	12
AT5G07885	2	3	1	2	3	1
AT5G07890	204	215	181	172	195	186
AT5G07895	1	2	2	0	2	3
AT5G07900	66	77	65	112	107	107
AT5G07905	0	0	0	0	0	0
AT5G07910	199	274	199	151	174	186
AT5G07915	0	0	0	0	0	0
AT5G07920	391	420	336	341	382	339
AT5G07925	0	0	0	0	0	0
AT5G07930	0	0	0	0	0	0
AT5G07935	0	0	0	0	0	0
AT5G07940	781	768	691	631	671	683
AT5G07945	0	0	0	0	0	0
AT5G07950	117	111	131	121	98	101
AT5G07955	0	0	1	0	0	0
AT5G07960	310	291	280	284	219	255
AT5G07965	0	0	0	0	0	0
AT5G07970	624	579	540	573	585	547
AT5G07975	0	0	0	0	0	0
AT5G07980	488	470	399	375	407	409
AT5G07985	0	0	0	0	0	0
AT5G07990	275	339	275	270	226	174
AT5G07995	0	0	0	0	0	1
AT5G08000	224	227	222	324	218	218
AT5G08005	0	0	0	0	0	0
AT5G08010	194	199	175	202	215	185
AT5G08015	0	0	0	0	0	0
AT5G08020	94	119	91	103	84	71
AT5G08025	0	0	0	0	0	0
AT5G08030	33	69	21	6	12	34
AT5G08035	0	0	0	0	0	0
AT5G08040	602	602	611	558	580	524
AT5G08045	0	0	0	0	0	0
AT5G08050	548	576	476	551	457	445
AT5G08055	0	0	0	0	0	0
AT5G08060	1098	1123	1041	930	800	837
AT5G08065	0	0	0	0	0	0
AT5G08070	38	35	25	34	31	35
AT5G08075	0	0	0	0	0	0
AT5G08080	494	505	519	444	475	428
AT5G08085	0	0	0	0	0	0
AT5G08090	0	0	0	0	1	0
AT5G08095	0	0	0	0	0	0
AT5G08100	382	383	374	368	293	323
AT5G08105	0	0	0	0	0	0
AT5G08110	171	153	140	132	113	126
AT5G08115	0	0	0	0	0	0
AT5G08120	477	476	439	443	405	383
AT5G08125	0	0	0	1	0	0
AT5G08130	1165	1147	1004	1075	961	931
AT5G08135	7	9	9	6	7	7
AT5G08139	194	216	197	159	203	172
AT5G08141	0	0	1	0	0	0
AT5G08150	16	13	21	14	21	44
AT5G08160	657	674	592	548	524	526
AT5G08165	0	0	0	0	0	0
AT5G08170	476	463	423	447	458	398
AT5G08175	0	0	0	0	0	0
AT5G08180	754	700	708	780	683	665
AT5G08185	44	46	29	35	25	25
AT5G08190	255	269	230	226	229	241
AT5G08195	0	0	0	0	0	0
AT5G08200	322	279	280	264	251	226
AT5G08205	0	0	0	0	0	0
AT5G08210	1	4	5	3	5	6
AT5G08215	0	0	0	0	0	0
AT5G08225	0	0	1	0	0	0
AT5G08230	485	452	375	430	415	344
AT5G08235	1	1	2	2	1	3
AT5G08240	276	370	293	233	258	333
AT5G08250	58	61	46	19	29	26
AT5G08255	0	0	0	0	0	0
AT5G08260	1445	1478	1158	1557	1180	1075
AT5G08265	0	0	0	0	0	0
AT5G08270	97	94	82	78	96	92
AT5G08275	1	2	2	0	0	0
AT5G08280	3274	3819	3102	3772	3506	3244
AT5G08285	0	0	0	0	0	0
AT5G08290	909	849	802	811	798	753
AT5G08300	1316	1403	1186	1062	1108	1009
AT5G08305	25	28	28	28	30	29
AT5G08310	50	69	63	55	48	64
AT5G08315	0	0	0	0	0	0
AT5G08320	103	110	76	85	78	85
AT5G08330	401	569	437	488	552	469
AT5G08335	100	149	105	132	113	93
AT5G08340	61	79	86	83	73	75
AT5G08350	0	0	0	0	0	0
AT5G08360	15	33	24	8	12	7
AT5G08370	243	288	226	207	188	163
AT5G08375	0	0	0	0	0	0
AT5G08380	739	801	646	444	524	588
AT5G08385	0	0	0	0	0	0
AT5G08390	404	382	365	367	351	330
AT5G08391	11	6	6	3	4	4
AT5G08395	0	0	0	0	0	0
AT5G08400	203	166	172	185	183	163
AT5G08410	568	615	415	639	524	500
AT5G08415	367	334	307	412	366	331
AT5G08420	1018	1044	1017	1112	1049	977
AT5G08425	0	0	0	0	0	0
AT5G08430	369	388	333	298	287	277
AT5G08435	0	0	0	0	0	0
AT5G08440	334	365	308	302	326	284
AT5G08445	0	0	0	0	0	0
AT5G08450	1544	1575	1470	1317	1351	1268
AT5G08455	0	0	0	0	0	0
AT5G08460	0	0	1	3	0	1
AT5G08465	0	0	0	0	0	0
AT5G08470	539	519	460	529	520	463
AT5G08475	0	0	0	0	0	0
AT5G08480	0	0	0	0	0	0
AT5G08485	0	0	0	0	0	0
AT5G08490	23	26	26	26	25	24
AT5G08495	3	2	1	1	5	6
AT5G08500	445	528	413	449	413	454
AT5G08505	0	0	0	0	0	0
AT5G08510	71	84	78	92	89	88
AT5G08515	6	0	1	1	1	1
AT5G08520	629	798	730	748	796	733
AT5G08525	2	1	0	0	0	0
AT5G08530	3254	3348	2857	2856	2664	2458
AT5G08535	162	132	133	130	120	124
AT5G08540	730	761	654	817	651	698
AT5G08550	321	300	276	268	262	264
AT5G08560	1007	1117	972	928	852	825
AT5G08565	60	52	54	33	54	42
AT5G08570	1585	1946	1609	1318	1316	1346
AT5G08575	0	0	0	0	0	0
AT5G08580	278	355	310	297	255	288
AT5G08585	0	0	0	0	0	0
AT5G08590	1022	1127	924	1053	1082	978
AT5G08595	0	1	0	0	0	0
AT5G08600	114	119	130	46	52	48
AT5G08605	0	0	0	0	0	0
AT5G08610	875	880	853	1075	1073	993
AT5G08615	0	0	0	0	0	0
AT5G08620	314	344	328	295	320	306
AT5G08630	578	571	502	435	428	492
AT5G08635	0	0	0	0	0	0
AT5G08640	1520	1359	1372	1195	879	791
AT5G08645	0	0	0	0	0	0
AT5G08650	1934	2117	1813	1888	1732	1531
AT5G08655	0	0	1	0	0	0
AT5G08660	487	564	499	401	451	441
AT5G08665	0	0	0	0	0	0
AT5G08670	4578	4365	4302	4010	3831	3554
AT5G08675	0	0	0	0	0	0
AT5G08680	2786	2634	2490	2205	2169	2094
AT5G08685	0	0	0	0	0	0
AT5G08690	3180	3062	2877	2808	2612	2415
AT5G08695	0	0	0	0	0	0
AT5G08705	0	0	0	0	0	0
AT5G08710	321	320	252	291	291	271
AT5G08712	0	0	0	0	0	0
AT5G08715	0	0	0	0	0	0
AT5G08717	0	1	0	0	0	0
AT5G08720	546	520	463	450	380	337
AT5G08725	0	0	0	0	0	0
AT5G08730	0	0	0	0	0	0
AT5G08735	0	0	0	0	0	0
AT5G08740	542	578	503	511	521	470
AT5G08745	0	0	0	0	0	0
AT5G08750	290	246	219	252	221	201
AT5G08755	0	0	0	0	0	0
AT5G08760	411	575	391	171	246	273
AT5G08765	0	0	0	0	0	0
AT5G08770	104	116	118	113	100	114
AT5G08775	0	0	0	1	0	0
AT5G08780	86	102	90	101	121	114
AT5G08785	0	0	0	0	0	0
AT5G08790	2791	4031	2941	1358	1981	2402
AT5G08800	0	0	0	0	0	0
AT5G08805	2	0	0	2	0	2
AT5G08810	0	0	1	0	0	0
AT5G08815	0	0	0	0	0	0
AT5G08820	0	0	0	0	0	0
AT5G08825	0	0	0	0	0	0
AT5G08830	0	0	0	0	0	0
AT5G08835	0	0	0	0	0	0
AT5G08840	1	0	0	0	0	0
AT5G08845	0	0	0	0	0	0
AT5G08850	0	0	0	0	0	0
AT5G08855	1	0	0	4	2	1
AT5G08860	0	0	0	0	0	0
AT5G08865	0	0	0	0	0	0
AT5G08870	0	0	0	0	0	0
AT5G08875	0	2	0	0	2	1
AT5G08880	0	0	0	0	0	0
AT5G08885	0	0	0	0	0	0
AT5G08890	0	0	0	0	0	0
AT5G08895	0	0	0	0	0	0
AT5G08900	0	0	0	0	0	0
AT5G08905	0	0	0	0	0	0
AT5G08910	0	0	0	0	0	0
AT5G08915	0	0	1	0	0	0
AT5G08920	0	0	0	0	0	0
AT5G08925	0	0	0	0	0	0
AT5G08930	0	0	1	0	0	0
AT5G08935	0	0	0	0	0	0
AT5G08940	0	0	0	0	0	0
AT5G08945	0	0	0	0	0	0
AT5G08950	0	0	0	0	0	0
AT5G08955	0	0	0	0	0	0
AT5G08960	0	0	0	0	0	0
AT5G08965	0	0	0	0	0	0
AT5G08970	0	0	0	0	0	0
AT5G08975	0	0	0	2	0	1
AT5G08980	0	0	0	0	0	0
AT5G08985	0	0	0	0	0	0
AT5G08990	2	8	7	1	6	5
AT5G08995	0	0	0	0	0	0
AT5G09000	0	0	0	0	0	0
AT5G09005	0	0	0	0	0	0
AT5G09010	0	0	0	0	0	0
AT5G09015	0	0	0	0	0	0
AT5G09020	1	0	0	0	0	0
AT5G09025	0	0	0	0	0	0
AT5G09030	0	0	0	0	0	0
AT5G09035	0	0	0	0	0	0
AT5G09040	0	0	0	0	0	0
AT5G09045	0	0	0	0	0	0
AT5G09050	0	0	0	0	0	0
AT5G09055	0	0	0	0	0	0
AT5G09060	0	0	0	0	0	0
AT5G09065	0	1	1	1	2	0
AT5G09070	0	0	0	0	0	0
AT5G09080	0	0	0	0	0	0
AT5G09085	0	0	0	0	0	0
AT5G09090	0	0	0	0	0	0
AT5G09095	0	1	0	0	0	1
AT5G09100	0	0	0	0	0	0
AT5G09105	1	0	0	0	0	0
AT5G09110	0	0	0	0	0	0
AT5G09120	0	0	0	0	0	0
AT5G09125	1	2	4	1	3	1
AT5G09130	0	0	0	0	0	0
AT5G09135	0	0	0	0	0	0
AT5G09140	0	0	0	0	0	0
AT5G09145	0	0	0	0	0	0
AT5G09150	0	0	0	0	0	0
AT5G09155	0	0	0	0	0	0
AT5G09160	0	0	0	0	0	0
AT5G09165	0	0	0	0	0	0
AT5G09170	0	0	0	0	0	0
AT5G09175	18	25	18	7	16	9
AT5G09185	0	0	0	0	0	0
AT5G09190	0	2	2	3	2	1
AT5G09195	1	1	1	1	1	0
AT5G09200	0	0	0	0	0	0
AT5G09205	0	0	0	0	0	0
AT5G09210	0	5	3	0	0	0
AT5G09215	0	0	0	0	0	0
AT5G09220	2366	2938	2012	1419	980	1144
AT5G09225	149	153	115	122	113	122
AT5G09230	213	180	160	203	187	166
AT5G09235	0	0	0	0	2	0
AT5G09240	77	72	78	73	52	59
AT5G09245	0	0	0	0	0	0
AT5G09250	149	131	141	129	141	141
AT5G09255	0	0	1	0	0	0
AT5G09260	200	214	150	139	183	171
AT5G09265	0	0	0	0	0	0
AT5G09270	105	110	96	102	108	107
AT5G09275	0	0	0	0	0	0
AT5G09280	0	0	0	0	0	0
AT5G09285	0	0	0	0	0	0
AT5G09290	105	83	86	51	70	88
AT5G09295	15	27	35	26	30	22
AT5G09300	164	130	157	177	181	177
AT5G09305	0	0	0	0	0	0
AT5G09310	136	129	134	157	117	133
AT5G09315	64	56	37	54	59	52
AT5G09320	0	1	1	2	2	1
AT5G09325	0	1	0	1	0	0
AT5G09330	1015	1036	1169	888	977	909
AT5G09335	0	0	0	1	0	1
AT5G09340	0	0	0	0	0	0
AT5G09345	0	0	0	0	0	0
AT5G09350	206	246	212	221	217	193
AT5G09360	0	1	1	1	0	0
AT5G09365	0	0	0	0	0	0
AT5G09370	0	0	0	0	0	0
AT5G09375	0	0	0	0	0	0
AT5G09380	99	81	80	94	76	76
AT5G09385	3	2	4	4	4	5
AT5G09390	405	437	393	383	359	360
AT5G09395	0	0	0	0	0	0
AT5G09400	563	586	508	517	530	482
AT5G09405	0	0	0	0	0	0
AT5G09410	732	787	715	753	705	669
AT5G09415	1	0	2	1	2	0
AT5G09420	170	200	169	176	173	165
AT5G09425	0	0	0	0	0	0
AT5G09430	7	9	12	10	3	7
AT5G09435	0	0	0	0	0	0
AT5G09440	652	696	674	381	464	505
AT5G09443	3	4	1	1	3	1
AT5G09445	0	0	0	0	0	0
AT5G09450	216	199	169	177	180	187
AT5G09455	0	0	0	0	0	0
AT5G09460	1290	1318	1139	1252	1190	1207
AT5G09465	0	1	1	1	0	0
AT5G09470	90	105	54	24	33	43
AT5G09475	0	0	0	2	0	1
AT5G09480	367	516	345	310	267	205
AT5G09490	0	0	0	0	0	0
AT5G09495	0	0	0	0	0	0
AT5G09500	0	4	2	0	3	2
AT5G09505	2	0	0	0	0	0
AT5G09510	1041	968	962	1027	905	871
AT5G09515	0	0	0	0	0	0
AT5G09520	132	150	128	143	107	89
AT5G09530	1083	1380	1160	1200	1114	957
AT5G09535	2	8	1	2	0	3
AT5G09540	50	51	48	49	56	47
AT5G09545	0	0	0	0	0	0
AT5G09550	0	0	1	0	0	1
AT5G09555	0	0	0	0	0	0
AT5G09560	0	0	0	0	0	0
AT5G09565	0	0	0	0	0	0
AT5G09570	81	132	74	23	24	82
AT5G09580	29	38	30	42	36	21
AT5G09585	0	1	1	2	0	0
AT5G09590	1343	1486	1227	1080	1215	1041
AT5G09595	0	0	0	0	0	0
AT5G09600	40	38	44	34	49	33
AT5G09605	0	0	0	0	0	0
AT5G09610	0	0	0	0	0	1
AT5G09615	0	0	0	0	0	0
AT5G09620	1158	1258	1285	966	1113	995
AT5G09630	39	38	41	45	42	48
AT5G09635	1	1	0	0	0	0
AT5G09640	2	1	1	0	0	1
AT5G09645	0	0	0	0	0	0
AT5G09650	2022	2195	1943	2038	1962	1934
AT5G09655	0	0	0	0	0	0
AT5G09660	6739	6490	5009	5801	5204	4597
AT5G09665	0	0	0	0	0	0
AT5G09670	476	445	413	459	494	467
AT5G09675	1	1	0	1	2	2
AT5G09680	277	307	251	202	240	264
AT5G09685	0	0	0	0	0	0
AT5G09690	99	122	89	108	101	89
AT5G09695	0	0	0	0	0	0
AT5G09700	1	0	1	2	1	1
AT5G09705	0	0	0	0	0	0
AT5G09711	2	0	2	1	1	0
AT5G09715	0	0	0	0	0	0
AT5G09720	10	3	4	0	1	1
AT5G09730	4	8	6	5	4	2
AT5G09735	2	0	0	2	2	1
AT5G09740	244	236	221	194	202	187
AT5G09750	1	0	5	0	1	0
AT5G09755	0	0	0	0	0	0
AT5G09760	261	248	214	288	219	238
AT5G09765	1	0	1	0	0	0
AT5G09770	281	238	248	256	236	192
AT5G09775	0	0	0	0	0	0
AT5G09780	0	0	0	0	1	0
AT5G09785	2	7	10	3	10	5
AT5G09790	84	93	93	86	92	94
AT5G09800	89	123	71	49	82	75
AT5G09805	7	14	10	20	18	14
AT5G09810	3894	4259	3780	3794	3770	3405
AT5G09815	0	0	0	0	0	0
AT5G09820	259	272	187	277	239	208
AT5G09825	0	0	0	0	0	0
AT5G09830	130	138	129	122	108	135
AT5G09835	0	0	0	0	0	0
AT5G09840	97	112	81	102	100	96
AT5G09845	0	0	0	0	0	0
AT5G09850	1249	1359	1187	1101	1048	1122
AT5G09855	0	0	0	0	0	0
AT5G09860	405	392	378	383	321	307
AT5G09865	0	0	0	0	0	0
AT5G09870	1275	1501	1243	1167	1175	1212
AT5G09875	0	0	0	0	0	0
AT5G09876	23	27	18	12	18	17
AT5G09880	1336	1271	1286	1265	1160	1187
AT5G09885	0	0	0	0	0	0
AT5G09890	805	655	669	555	560	533
AT5G09895	0	0	0	0	0	0
AT5G09900	1569	1698	1527	1517	1448	1409
AT5G09910	4	8	0	2	4	10
AT5G09915	0	0	0	0	0	0
AT5G09920	384	375	349	314	327	329
AT5G09925	0	0	0	0	0	0
AT5G09930	4	2	3	2	0	0
AT5G09940	0	0	0	0	0	0
AT5G09945	0	0	0	0	0	0
AT5G09950	25	29	19	29	40	33
AT5G09955	0	0	0	0	0	0
AT5G09960	263	254	260	216	303	267
AT5G09965	0	0	0	0	0	0
AT5G09970	13	9	14	13	5	16
AT5G09975	0	0	0	0	0	0
AT5G09976	9	9	4	10	11	15
AT5G09978	88	43	47	31	20	30
AT5G09980	59	50	47	36	23	43
AT5G09990	34	18	24	15	23	30
AT5G09995	118	121	99	140	110	101
AT5G10000	0	0	0	0	0	0
AT5G10010	812	729	761	713	686	630
AT5G10020	427	449	393	432	423	422
AT5G10030	331	309	352	362	361	362
AT5G10040	9	40	23	7	16	13
AT5G10050	219	345	235	207	239	217
AT5G10060	636	704	687	718	648	681
AT5G10070	274	296	255	248	243	230
AT5G10080	108	120	95	137	90	112
AT5G10090	0	0	2	0	2	0
AT5G10100	141	112	102	103	93	56
AT5G10110	119	117	96	110	95	100
AT5G10120	0	0	0	0	0	0
AT5G10130	111	95	111	92	46	41
AT5G10140	10	7	6	39	50	29
AT5G10150	127	129	130	111	124	116
AT5G10160	475	518	452	536	411	432
AT5G10170	667	756	777	946	799	729
AT5G10180	1549	1582	1155	1327	1129	1471
AT5G10190	337	372	330	283	295	277
AT5G10200	211	208	220	216	199	224
AT5G10210	48	84	46	54	53	39
AT5G10220	0	0	0	1	2	1
AT5G10230	70	38	63	106	69	44
AT5G10235	0	0	0	0	0	0
AT5G10240	364	348	306	356	314	293
AT5G10250	12	17	19	21	11	15
AT5G10260	43	44	49	52	40	27
AT5G10270	338	361	297	296	297	305
AT5G10278	29	9	25	20	20	16
AT5G10280	156	119	151	129	86	90
AT5G10290	624	674	657	622	677	592
AT5G10300	177	191	175	135	165	192
AT5G10310	30	57	45	49	42	45
AT5G10320	69	101	79	84	68	65
AT5G10330	90	89	88	72	68	65
AT5G10336	2	3	2	3	5	1
AT5G10340	2	1	1	4	1	4
AT5G10350	611	654	632	674	576	577
AT5G10360	3568	3402	3422	3472	3409	3044
AT5G10370	187	199	153	171	195	176
AT5G10380	254	357	198	111	264	258
AT5G10390	122	112	103	127	102	90
AT5G10400	312	299	287	354	284	242
AT5G10410	89	87	74	60	60	47
AT5G10420	0	0	0	0	0	0
AT5G10430	120	74	92	92	91	84
AT5G10435	0	0	0	0	0	0
AT5G10440	21	12	13	16	26	12
AT5G10450	2655	2712	2613	2740	2589	2431
AT5G10455	0	0	0	0	0	0
AT5G10460	364	375	303	341	313	292
AT5G10470	1596	1575	1295	1168	1148	1039
AT5G10480	786	736	743	779	625	635
AT5G10490	836	893	763	663	599	649
AT5G10500	0	1	1	0	0	0
AT5G10510	161	211	204	205	212	227
AT5G10520	159	105	99	69	55	67
AT5G10525	0	0	0	0	0	0
AT5G10530	0	0	0	0	0	0
AT5G10540	982	1078	1037	1134	1025	946
AT5G10550	1014	1085	982	1063	1025	1036
AT5G10560	777	913	881	741	819	714
AT5G10570	17	8	21	12	22	17
AT5G10572	5	4	5	8	4	3
AT5G10580	281	328	278	236	237	237
AT5G10590	0	0	0	0	0	0
AT5G10600	1	2	1	0	1	1
AT5G10605	10	8	6	10	9	10
AT5G10610	272	249	236	154	190	165
AT5G10620	52	53	40	59	51	51
AT5G10625	193	181	142	74	57	111
AT5G10630	351	277	259	303	291	242
AT5G10650	357	303	258	232	264	225
AT5G10660	5	4	1	2	3	0
AT5G10680	0	1	1	3	2	2
AT5G10690	445	473	435	484	466	425
AT5G10695	3	1	2	1	1	0
AT5G10700	79	81	61	86	61	61
AT5G10710	158	167	157	165	167	143
AT5G10720	133	86	84	79	66	61
AT5G10730	258	251	228	255	203	200
AT5G10740	430	449	371	268	242	292
AT5G10745	186	225	192	200	191	193
AT5G10750	266	248	210	155	210	227
AT5G10760	603	584	267	139	325	347
AT5G10770	749	630	605	603	534	477
AT5G10780	1100	1177	1107	998	1031	951
AT5G10790	235	260	210	222	212	212
AT5G10800	120	126	105	113	110	105
AT5G10810	197	183	184	174	130	166
AT5G10820	196	172	176	193	175	165
AT5G10830	203	175	171	166	151	150
AT5G10840	1041	949	937	805	767	789
AT5G10860	3633	4149	3775	4177	4127	3737
AT5G10870	163	153	156	152	147	155
AT5G10880	1	3	10	3	9	3
AT5G10890	11	4	10	15	16	16
AT5G10900	88	79	63	68	92	77
AT5G10910	275	254	247	260	232	235
AT5G10920	479	544	474	477	497	421
AT5G10930	134	103	88	93	74	99
AT5G10940	662	694	580	584	561	586
AT5G10945	3	3	2	1	1	3
AT5G10946	58	57	35	46	56	64
AT5G10950	405	416	408	421	395	367
AT5G10960	1991	2090	2023	1857	1967	1850
AT5G10965	38	30	32	60	39	42
AT5G10970	0	0	0	0	0	0
AT5G10980	2150	1929	1903	1470	1500	1494
AT5G10990	30	23	20	28	18	22
AT5G11000	495	566	533	435	463	463
AT5G11010	156	174	137	149	162	139
AT5G11020	91	87	71	86	81	62
AT5G11030	205	290	212	216	199	241
AT5G11040	710	696	648	624	658	544
AT5G11050	0	0	0	0	0	0
AT5G11060	782	790	657	759	811	730
AT5G11070	336	443	340	366	584	712
AT5G11080	1	1	1	1	0	0
AT5G11090	1194	1281	1133	833	911	1010
AT5G11100	121	123	109	111	100	119
AT5G11110	1020	933	756	397	355	352
AT5G11130	0	0	0	0	0	0
AT5G11140	5	19	20	7	7	7
AT5G11150	321	387	309	350	295	260
AT5G11160	82	108	74	79	88	82
AT5G11170	1929	1907	1890	1779	1730	1755
AT5G11180	1	7	5	3	11	11
AT5G11190	18	16	16	16	20	12
AT5G11200	1353	1413	1339	1192	1401	1181
AT5G11210	145	139	99	76	110	133
AT5G11220	1	0	0	0	0	0
AT5G11225	0	0	0	0	0	0
AT5G11230	233	153	174	128	110	141
AT5G11240	398	403	379	369	403	370
AT5G11250	384	493	424	306	391	388
AT5G11260	471	373	308	288	232	224
AT5G11270	287	245	257	295	256	226
AT5G11280	270	297	257	235	242	210
AT5G11290	22	17	16	4	12	9
AT5G11300	80	85	56	85	60	72
AT5G11310	72	59	59	81	57	52
AT5G11320	13	4	8	8	14	10
AT5G11325	0	0	0	0	0	0
AT5G11330	734	798	698	822	737	742
AT5G11340	319	301	290	285	287	289
AT5G11350	341	338	321	317	348	309
AT5G11360	0	4	1	2	4	2
AT5G11370	0	0	0	0	0	0
AT5G11380	268	288	272	290	266	251
AT5G11390	362	398	336	292	333	280
AT5G11400	0	0	0	0	0	1
AT5G11410	40	23	27	23	26	19
AT5G11412	0	0	0	1	0	0
AT5G11416	0	0	0	0	1	1
AT5G11420	427	509	450	663	595	463
AT5G11425	0	0	0	0	0	0
AT5G11430	224	196	179	202	207	185
AT5G11440	13	12	13	16	8	4
AT5G11450	988	982	810	1038	862	843
AT5G11460	82	103	77	81	63	67
AT5G11470	63	72	54	75	64	62
AT5G11475	0	0	0	0	0	0
AT5G11480	948	905	784	994	810	842
AT5G11490	1089	1089	1006	966	938	865
AT5G11500	2099	2168	2019	1700	1697	1504
AT5G11510	163	165	142	184	153	151
AT5G11520	1532	1381	1235	1113	1146	1241
AT5G11530	534	560	522	508	545	505
AT5G11540	56	54	50	63	48	43
AT5G11550	131	133	100	218	123	139
AT5G11560	2982	2986	2738	2595	2531	2314
AT5G11565	0	0	0	0	0	0
AT5G11570	20	11	18	10	12	16
AT5G11580	1023	1076	1020	1245	1081	1075
AT5G11590	8	9	11	8	8	8
AT5G11600	247	276	238	169	203	142
AT5G11610	276	323	294	139	197	130
AT5G11620	16	7	6	10	13	14
AT5G11630	74	68	72	70	58	58
AT5G11640	245	254	217	252	232	189
AT5G11650	440	504	453	296	411	403
AT5G11660	0	0	0	0	0	0
AT5G11670	10702	11037	9579	7018	8269	7290
AT5G11680	558	585	516	491	498	511
AT5G11690	124	83	105	118	99	94
AT5G11700	1730	1669	1454	1343	1351	1400
AT5G11710	1256	1457	1204	1282	1216	1209
AT5G11720	816	872	732	787	828	859
AT5G11730	240	304	239	211	229	245
AT5G11740	1945	2420	1888	2057	2189	2672
AT5G11750	130	89	94	114	110	88
AT5G11760	278	290	263	267	222	244
AT5G11770	1809	1779	1694	1455	1548	1488
AT5G11780	52	34	41	62	46	31
AT5G11790	756	721	702	650	581	566
AT5G11800	295	332	304	299	288	295
AT5G11810	337	331	248	271	279	294
AT5G11820	0	0	0	0	0	1
AT5G11830	0	0	0	0	0	0
AT5G11840	331	401	280	315	276	283
AT5G11850	717	691	685	600	621	623
AT5G11860	361	354	334	314	338	316
AT5G11870	16	34	23	12	12	22
AT5G11880	1021	1038	1071	1039	975	926
AT5G11890	283	302	297	272	251	252
AT5G11900	670	776	597	438	477	522
AT5G11910	293	334	278	250	280	302
AT5G11920	193	162	228	106	242	192
AT5G11930	10	12	6	2	5	9
AT5G11940	0	0	0	1	0	0
AT5G11950	653	560	572	479	513	476
AT5G11960	603	654	556	466	489	481
AT5G11970	32	29	15	16	23	21
AT5G11975	0	0	0	0	0	0
AT5G11977	0	0	0	0	0	0
AT5G11980	371	353	314	386	320	330
AT5G11990	14	13	10	15	8	13
AT5G12000	0	0	0	0	0	0
AT5G12010	437	328	274	227	256	269
AT5G12020	4	8	6	2	3	3
AT5G12030	22	13	14	7	11	18
AT5G12040	753	892	755	744	840	781
AT5G12043	0	0	0	0	0	0
AT5G12050	119	168	198	121	121	124
AT5G12060	0	0	0	0	0	0
AT5G12070	0	0	0	0	0	0
AT5G12080	396	376	352	356	384	365
AT5G12090	0	0	0	0	0	0
AT5G12100	225	262	238	173	180	172
AT5G12110	174	241	224	157	211	211
AT5G12120	813	816	855	776	800	780
AT5G12130	458	416	339	401	375	367
AT5G12140	1495	1634	1315	1215	1151	1157
AT5G12150	1836	1816	1599	1757	1658	1530
AT5G12170	779	822	763	638	720	669
AT5G12180	2	4	0	1	0	3
AT5G12190	203	214	187	165	181	186
AT5G12200	955	1044	954	839	936	860
AT5G12210	829	829	725	684	672	623
AT5G12220	146	181	156	201	194	171
AT5G12230	581	635	597	508	544	521
AT5G12235	2	2	2	4	3	0
AT5G12236	0	0	0	0	0	0
AT5G12240	107	138	116	130	112	98
AT5G12250	2246	2421	2155	2647	2365	2177
AT5G12260	213	207	186	211	183	206
AT5G12270	36	16	30	25	31	20
AT5G12280	34	14	37	22	22	26
AT5G12290	403	370	331	321	313	279
AT5G12300	84	106	80	85	60	79
AT5G12310	333	351	337	298	259	268
AT5G12320	134	129	94	121	110	133
AT5G12330	123	135	139	133	162	153
AT5G12340	93	79	70	28	41	66
AT5G12350	636	775	680	734	685	628
AT5G12360	21	27	30	27	29	22
AT5G12370	1622	1714	1508	1465	1463	1383
AT5G12380	0	3	3	1	0	0
AT5G12390	156	198	129	130	119	124
AT5G12400	842	899	773	683	689	711
AT5G12410	564	598	583	535	556	493
AT5G12420	368	481	414	469	461	371
AT5G12430	957	887	826	736	771	749
AT5G12440	374	366	409	447	391	373
AT5G12450	0	0	0	0	0	1
AT5G12460	0	0	0	0	0	0
AT5G12470	1149	1072	1053	825	865	757
AT5G12480	957	1032	822	745	740	742
AT5G12840	423	465	375	280	321	300
AT5G12850	605	678	625	639	597	585
AT5G12860	2997	2696	2635	2753	2461	2234
AT5G12870	20	26	20	15	19	12
AT5G12880	123	96	115	97	70	81
AT5G12890	403	423	342	226	289	350
AT5G12900	240	281	230	245	226	223
AT5G12910	0	0	0	0	0	0
AT5G12920	37	45	33	33	43	34
AT5G12930	142	198	149	99	140	138
AT5G12940	318	362	271	225	210	203
AT5G12950	668	773	689	765	865	774
AT5G12960	5	9	5	5	6	8
AT5G12970	110	135	106	130	119	95
AT5G12980	122	107	114	117	114	123
AT5G12990	0	0	0	1	0	0
AT5G13000	2149	2074	1824	2023	1786	1814
AT5G13010	1634	1804	1475	1415	1417	1335
AT5G13020	1210	1184	1125	1041	1048	990
AT5G13030	1307	1332	1182	1118	1123	1088
AT5G13050	248	254	224	265	228	229
AT5G13060	95	76	84	89	74	84
AT5G13070	336	352	337	290	281	293
AT5G13080	352	382	282	82	151	233
AT5G13090	217	212	216	187	228	226
AT5G13100	535	718	512	387	436	443
AT5G13110	717	662	617	490	570	504
AT5G13120	1288	1209	1218	1309	1238	1232
AT5G13130	0	0	0	0	0	0
AT5G13140	540	611	567	730	669	583
AT5G13150	103	38	86	52	38	34
AT5G13160	417	460	439	381	389	407
AT5G13170	220	264	121	8	15	21
AT5G13180	1735	1288	1360	1101	1104	1194
AT5G13181	1	1	0	0	0	1
AT5G13190	294	471	315	202	258	370
AT5G13200	249	361	245	152	247	243
AT5G13210	69	106	63	32	44	64
AT5G13220	104	118	122	59	71	265
AT5G13225	0	0	0	0	0	0
AT5G13230	23	16	20	22	28	19
AT5G13240	515	667	471	368	377	375
AT5G13250	22	12	20	14	10	15
AT5G13260	637	624	635	554	567	542
AT5G13270	93	123	99	106	120	106
AT5G13280	913	900	852	862	854	818
AT5G13290	46	51	51	72	49	47
AT5G13295	0	0	0	0	0	0
AT5G13300	994	1132	938	1001	984	985
AT5G13310	164	151	164	142	123	139
AT5G13320	253	279	175	30	76	120
AT5G13330	421	350	342	201	259	318
AT5G13340	181	144	199	140	146	156
AT5G13350	0	0	0	0	0	0
AT5G13360	295	298	268	257	258	222
AT5G13370	451	413	310	97	100	138
AT5G13380	0	0	0	0	0	0
AT5G13390	735	697	642	648	610	676
AT5G13400	84	136	137	128	129	119
AT5G13410	343	415	344	354	349	345
AT5G13420	1709	1624	1671	1528	1604	1391
AT5G13430	875	844	735	778	717	734
AT5G13440	1825	1848	1591	1296	1373	1306
AT5G13450	3491	3290	3061	3139	2872	2756
AT5G13460	250	230	229	256	242	244
AT5G13470	78	95	104	88	83	76
AT5G13480	339	343	343	354	340	320
AT5G13490	486	613	466	334	491	447
AT5G13500	483	486	391	389	398	337
AT5G13510	648	661	572	661	626	578
AT5G13520	468	493	405	416	432	416
AT5G13530	1020	1151	1023	946	949	956
AT5G13550	1273	1154	1004	676	713	908
AT5G13560	1108	1092	1031	955	922	978
AT5G13565	0	0	0	0	0	0
AT5G13570	322	324	259	276	295	280
AT5G13580	325	375	308	347	288	246
AT5G13590	1132	1204	974	824	920	897
AT5G13600	0	1	3	1	1	0
AT5G13610	193	187	190	152	199	168
AT5G13620	0	0	0	0	0	0
AT5G13630	10684	13531	9053	8738	8244	7844
AT5G13640	789	879	683	641	564	580
AT5G13650	4947	4303	3547	4257	3878	3584
AT5G13660	155	166	137	168	136	139
AT5G13670	0	0	0	1	0	1
AT5G13680	642	680	584	644	668	641
AT5G13690	486	503	388	525	510	497
AT5G13700	38	37	25	22	21	21
AT5G13710	1584	1517	1626	1567	1584	1517
AT5G13720	290	333	255	279	225	252
AT5G13730	629	655	551	815	761	645
AT5G13740	408	491	422	413	420	458
AT5G13750	684	626	617	422	440	574
AT5G13760	376	379	333	236	263	306
AT5G13770	836	870	684	457	507	413
AT5G13780	853	910	769	817	729	663
AT5G13790	36	51	38	29	18	15
AT5G13800	1032	1108	856	744	820	871
AT5G13810	625	778	618	502	520	563
AT5G13820	572	550	454	176	187	286
AT5G13825	0	0	0	0	0	0
AT5G13830	23	23	22	21	15	21
AT5G13840	242	237	234	260	233	203
AT5G13845	0	0	0	0	0	0
AT5G13850	958	908	946	960	883	799
AT5G13860	139	144	120	81	129	110
AT5G13870	126	116	95	103	88	95
AT5G13880	14	18	28	16	21	24
AT5G13887	1	0	0	0	0	0
AT5G13890	181	162	173	184	177	174
AT5G13900	60	55	54	51	44	46
AT5G13910	70	65	72	51	53	45
AT5G13920	14	34	21	24	18	24
AT5G13930	5344	5294	5035	4338	3385	3075
AT5G13940	1	0	0	1	0	0
AT5G13950	806	887	819	873	887	808
AT5G13960	219	232	206	206	242	224
AT5G13970	271	281	231	276	232	204
AT5G13980	1988	1962	1750	2030	1862	1742
AT5G13990	172	131	116	93	56	70
AT5G14000	213	188	241	148	130	119
AT5G14010	0	0	0	0	0	0
AT5G14020	45	29	31	35	28	23
AT5G14030	1584	1488	1401	1345	1204	1120
AT5G14035	0	0	0	0	0	0
AT5G14040	4068	4062	3918	3587	3498	3407
AT5G14050	479	447	512	513	509	496
AT5G14060	885	1021	821	930	985	813
AT5G14070	8	5	7	11	5	5
AT5G14080	166	161	143	148	128	130
AT5G14090	178	161	219	209	203	170
AT5G14100	120	86	89	95	106	97
AT5G14105	62	101	65	60	57	68
AT5G14110	2	6	2	4	3	5
AT5G14120	1857	2018	2925	2109	3095	3241
AT5G14130	131	116	99	89	70	47
AT5G14140	70	56	62	71	67	47
AT5G14150	70	69	62	50	51	29
AT5G14160	2	3	1	0	2	2
AT5G14170	675	727	675	688	671	639
AT5G14180	21	13	19	39	41	38
AT5G14200	2549	2460	2001	2215	2189	2387
AT5G14210	609	627	499	711	606	547
AT5G14220	635	655	614	614	636	559
AT5G14230	90	97	88	100	117	86
AT5G14240	517	494	447	462	455	414
AT5G14250	527	546	452	452	461	491
AT5G14260	1371	1556	1265	1675	1448	1363
AT5G14270	1168	1291	1129	1013	1114	1081
AT5G14275	0	0	0	0	0	0
AT5G14280	23	36	19	19	11	29
AT5G14285	119	151	136	122	123	106
AT5G14290	0	0	0	0	0	0
AT5G14300	0	0	0	0	0	0
AT5G14310	282	309	248	203	258	249
AT5G14320	3334	3603	3083	3863	3593	3184
AT5G14330	1009	597	663	446	305	285
AT5G14340	34	23	29	22	13	12
AT5G14345	3	0	0	0	0	0
AT5G14350	38	31	32	35	29	38
AT5G14360	48	37	55	50	49	35
AT5G14370	468	506	523	448	431	442
AT5G14380	2	6	8	3	6	5
AT5G14390	324	329	275	277	319	296
AT5G14400	1	0	1	2	1	1
AT5G14410	86	65	52	81	72	65
AT5G14420	455	482	452	490	451	483
AT5G14430	934	969	828	848	835	773
AT5G14440	426	464	421	441	411	424
AT5G14450	121	157	118	157	165	166
AT5G14460	595	582	515	657	597	574
AT5G14470	1	11	14	1	4	6
AT5G14480	102	138	122	102	116	104
AT5G14490	1	0	0	0	1	0
AT5G14495	0	0	0	0	0	0
AT5G14500	245	274	202	205	216	193
AT5G14510	9	6	11	10	5	8
AT5G14515	0	1	0	0	0	0
AT5G14520	1055	1074	1098	1026	1008	886
AT5G14530	104	103	73	89	87	93
AT5G14540	720	728	662	721	676	657
AT5G14545	0	0	0	0	0	0
AT5G14550	497	598	458	494	449	451
AT5G14560	0	0	0	0	0	2
AT5G14565	11	30	11	14	9	20
AT5G14570	453	597	453	536	493	527
AT5G14580	163	176	146	152	143	181
AT5G14590	811	916	776	842	833	795
AT5G14600	108	134	156	140	150	130
AT5G14602	0	0	0	0	0	0
AT5G14610	268	311	282	328	343	292
AT5G14620	244	243	227	256	257	220
AT5G14640	912	1039	772	662	627	622
AT5G14650	79	166	65	117	151	121
AT5G14660	376	379	308	362	316	293
AT5G14670	0	0	0	0	0	0
AT5G14680	215	205	177	173	190	162
AT5G14690	78	78	61	64	54	59
AT5G14700	193	282	182	107	102	168
AT5G14710	183	183	163	122	138	135
AT5G14720	1422	1430	1426	1301	1360	1226
AT5G14730	316	376	290	245	260	305
AT5G14740	10821	9394	8310	9694	8740	7739
AT5G14750	77	54	47	38	27	36
AT5G14760	306	302	295	127	154	119
AT5G14770	128	109	115	126	104	100
AT5G14780	4424	4131	3940	3453	3439	3567
AT5G14790	285	282	235	248	246	245
AT5G14800	1593	1635	1498	1439	1262	1218
AT5G14820	0	0	0	0	1	1
AT5G14850	204	182	192	178	176	149
AT5G14860	1	0	0	6	1	4
AT5G14870	8	6	8	9	13	11
AT5G14880	670	689	585	533	505	467
AT5G14890	35	34	24	29	26	23
AT5G14895	11	3	5	3	1	3
AT5G14900	0	0	0	0	0	0
AT5G14910	2323	2454	2122	2754	2636	2320
AT5G14920	2345	2076	2572	2981	2247	2059
AT5G14930	380	479	398	192	282	302
AT5G14940	150	112	162	133	134	144
AT5G14950	718	778	677	597	622	632
AT5G14960	43	68	44	62	45	53
AT5G14970	1759	2072	1652	1741	1725	1528
AT5G14980	0	0	0	0	0	0
AT5G14990	0	1	0	0	0	0
AT5G14995	0	0	0	0	0	0
AT5G15000	0	0	0	0	0	0
AT5G15008	0	0	0	0	0	0
AT5G15010	45	39	59	48	58	49
AT5G15020	1461	1561	1277	1197	1297	1213
AT5G15022	1	2	3	3	1	1
AT5G15025	68	58	59	83	69	84
AT5G15030	0	0	0	0	0	0
AT5G15040	0	0	0	0	0	0
AT5G15050	153	175	164	182	167	156
AT5G15060	0	0	0	0	0	0
AT5G15070	192	250	178	151	116	161
AT5G15080	374	420	348	343	333	324
AT5G15090	1666	1691	1600	1451	1338	1355
AT5G15100	0	0	0	1	0	0
AT5G15110	0	0	0	0	0	0
AT5G15120	198	341	248	153	255	218
AT5G15130	145	101	157	96	151	156
AT5G15140	1	1	1	0	1	0
AT5G15150	133	102	122	103	108	103
AT5G15160	52	45	37	84	81	59
AT5G15170	203	225	215	206	191	168
AT5G15175	0	0	0	0	0	0
AT5G15180	196	118	120	62	27	30
AT5G15190	33	33	19	19	17	14
AT5G15200	3302	2894	2957	3355	2931	2702
AT5G15210	198	197	185	178	159	157
AT5G15220	201	242	217	232	205	179
AT5G15230	2358	3487	2340	2634	2396	1921
AT5G15240	30	29	30	51	38	36
AT5G15250	1	0	2	1	0	1
AT5G15260	287	301	269	231	268	282
AT5G15265	15	8	10	17	11	8
AT5G15270	553	515	459	488	438	459
AT5G15280	164	157	162	147	178	150
AT5G15290	5	3	0	3	2	1
AT5G15300	20	35	32	24	22	14
AT5G15310	190	166	164	188	221	195
AT5G15320	419	377	377	418	343	323
AT5G15330	111	162	141	128	134	129
AT5G15340	15	20	13	19	22	14
AT5G15350	420	404	364	397	381	402
AT5G15360	3	4	1	3	0	3
AT5G15380	0	0	0	0	0	0
AT5G15390	225	257	229	261	224	221
AT5G15400	1142	1154	1083	941	1054	1026
AT5G15410	597	458	514	575	519	433
AT5G15420	0	0	0	0	0	0
AT5G15430	0	0	0	1	0	2
AT5G15440	176	209	173	176	151	197
AT5G15450	1287	1346	1022	844	841	817
AT5G15460	174	157	150	177	204	157
AT5G15470	421	393	359	315	314	348
AT5G15480	0	1	1	0	0	0
AT5G15490	880	916	801	778	726	706
AT5G15500	33	21	11	2	5	11
AT5G15510	147	138	106	148	122	138
AT5G15520	207	185	204	176	161	151
AT5G15530	304	212	241	339	249	222
AT5G15533	0	0	0	0	0	0
AT5G15537	39	40	39	43	40	57
AT5G15540	863	828	786	726	712	739
AT5G15550	425	516	433	467	455	439
AT5G15560	0	0	0	0	0	0
AT5G15570	190	176	173	176	166	168
AT5G15580	663	651	649	748	712	599
AT5G15581	0	0	0	0	0	0
AT5G15600	118	66	94	65	46	40
AT5G15610	837	833	793	862	766	765
AT5G15620	2	0	0	0	0	0
AT5G15630	74	64	73	73	57	43
AT5G15640	353	369	304	264	268	259
AT5G15650	3886	3658	3468	2884	2704	2781
AT5G15660	1	1	0	0	1	0
AT5G15670	0	0	0	0	0	0
AT5G15680	873	867	760	738	788	711
AT5G15685	0	0	0	0	0	0
AT5G15690	0	0	0	0	0	0
AT5G15700	249	275	245	238	230	285
AT5G15710	105	129	112	112	114	107
AT5G15720	8	10	6	13	6	7
AT5G15725	9	5	2	7	2	1
AT5G15730	391	441	360	277	342	331
AT5G15740	518	479	420	422	397	324
AT5G15745	0	0	0	0	0	0
AT5G15750	170	195	165	180	173	169
AT5G15760	44	29	31	42	34	38
AT5G15770	0	0	0	0	0	0
AT5G15780	722	871	713	1434	943	961
AT5G15790	135	108	107	155	114	122
AT5G15800	2	4	0	8	11	5
AT5G15802	103	91	96	120	122	103
AT5G15805	0	0	0	0	0	0
AT5G15810	475	514	494	493	505	483
AT5G15815	0	0	0	0	0	0
AT5G15820	67	67	66	53	61	59
AT5G15830	85	98	95	43	73	70
AT5G15833	0	0	0	0	0	0
AT5G15840	21	18	15	26	35	25
AT5G15843	0	0	0	0	0	0
AT5G15845	4	4	2	5	3	9
AT5G15850	0	0	0	0	0	0
AT5G15853	0	0	0	0	0	0
AT5G15860	318	318	261	173	197	206
AT5G15870	552	822	672	438	503	484
AT5G15880	347	374	351	298	318	323
AT5G15890	80	49	62	50	35	42
AT5G15900	28	17	21	22	20	20
AT5G15910	410	362	323	295	282	244
AT5G15920	270	299	247	257	266	238
AT5G15930	282	332	275	248	231	231
AT5G15940	11	10	13	5	13	8
AT5G15950	775	661	491	450	298	289
AT5G15960	341	391	318	168	79	140
AT5G15970	2446	4032	1874	915	1354	1189
AT5G15980	317	325	297	283	307	277
AT5G16000	280	241	227	302	244	206
AT5G16010	1280	1387	1199	1099	1122	1045
AT5G16020	0	0	0	0	0	1
AT5G16023	0	3	2	0	1	1
AT5G16030	602	903	697	834	905	744
AT5G16040	268	263	290	270	267	243
AT5G16050	1852	1926	1712	1645	1583	1582
AT5G16060	201	201	197	191	198	174
AT5G16070	776	879	783	815	755	687
AT5G16080	54	40	34	17	29	21
AT5G16090	0	1	0	0	0	0
AT5G16100	0	0	0	0	0	0
AT5G16110	1470	1741	1526	1368	1396	1512
AT5G16120	469	519	472	443	459	441
AT5G16130	2189	2056	2087	2205	1952	1976
AT5G16140	101	110	105	151	160	124
AT5G16150	1597	1740	1438	1812	1758	1818
AT5G16160	30	33	32	27	35	36
AT5G16170	71	104	98	32	70	66
AT5G16180	411	429	402	395	443	404
AT5G16190	92	89	96	78	96	104
AT5G16200	52	104	62	39	43	50
AT5G16210	1238	1226	1090	1036	978	988
AT5G16220	406	446	420	358	397	383
AT5G16230	26	28	9	17	12	15
AT5G16235	0	0	0	0	1	1
AT5G16240	179	198	149	211	165	156
AT5G16250	626	673	664	794	680	681
AT5G16260	515	557	435	425	437	457
AT5G16270	1112	1128	976	970	979	936
AT5G16280	928	1015	892	875	881	832
AT5G16285	0	0	0	0	0	0
AT5G16290	599	671	592	584	605	549
AT5G16300	913	931	835	776	812	781
AT5G16310	178	154	158	170	152	149
AT5G16320	76	77	57	69	63	65
AT5G16330	0	1	1	0	0	0
AT5G16340	25	25	19	19	28	27
AT5G16350	41	43	50	49	66	49
AT5G16360	194	143	161	125	116	127
AT5G16370	690	736	861	506	696	771
AT5G16375	0	0	0	0	0	0
AT5G16380	202	186	204	153	167	169
AT5G16390	664	618	653	649	577	555
AT5G16400	477	495	435	551	489	440
AT5G16410	34	20	28	25	37	36
AT5G16420	77	74	75	74	91	74
AT5G16430	0	0	0	0	0	0
AT5G16440	518	594	476	511	497	457
AT5G16450	351	330	296	251	294	288
AT5G16453	3	1	2	0	3	0
AT5G16460	0	0	0	0	0	0
AT5G16470	1521	1595	1720	1306	1432	1283
AT5G16480	144	140	148	149	146	120
AT5G16486	1	1	4	3	3	4
AT5G16490	18	23	18	17	20	21
AT5G16500	0	0	0	0	0	0
AT5G16510	552	565	450	495	490	480
AT5G16520	248	233	210	201	210	219
AT5G16530	47	49	30	43	31	46
AT5G16540	313	246	218	246	234	200
AT5G16550	374	451	348	351	372	315
AT5G16560	326	318	295	319	311	262
AT5G16570	166	262	199	65	142	107
AT5G16580	0	1	0	0	0	0
AT5G16590	442	474	395	428	396	396
AT5G16600	96	78	65	100	67	64
AT5G16610	216	208	199	208	196	203
AT5G16620	1373	1415	1269	1316	1257	1280
AT5G16630	270	289	278	267	242	239
AT5G16640	18	20	24	14	27	25
AT5G16650	290	306	283	253	264	271
AT5G16660	890	982	793	808	788	820
AT5G16680	927	883	817	726	780	739
AT5G16690	87	88	76	102	74	74
AT5G16700	0	0	0	0	0	0
AT5G16710	1300	1523	1115	1328	1318	1215
AT5G16715	1204	1183	1082	1335	1294	1099
AT5G16720	183	207	196	213	235	192
AT5G16730	1561	1538	1475	1382	1350	1367
AT5G16740	0	0	0	1	0	0
AT5G16750	340	415	332	354	339	310
AT5G16760	681	629	562	509	567	469
AT5G16770	22	32	21	32	31	30
AT5G16780	1136	1203	1155	1076	1069	1005
AT5G16790	27	30	28	32	31	33
AT5G16800	274	359	279	260	265	233
AT5G16810	282	279	229	244	237	232
AT5G16820	304	346	306	263	284	226
AT5G16830	419	455	385	328	331	359
AT5G16840	648	633	554	557	583	489
AT5G16850	9	8	10	14	16	7
AT5G16860	37	32	29	37	17	37
AT5G16870	98	104	79	92	76	88
AT5G16880	1394	1524	1277	1133	1179	1184
AT5G16890	204	225	199	198	188	178
AT5G16900	58	58	45	41	41	43
AT5G16910	1032	953	820	681	755	778
AT5G16920	6	1	3	5	3	1
AT5G16930	193	204	202	187	178	211
AT5G16940	69	71	80	82	69	55
AT5G16950	132	141	144	100	112	122
AT5G16960	6	9	11	2	5	7
AT5G16970	1642	1511	1214	844	1039	1117
AT5G16980	102	79	55	20	25	20
AT5G16990	215	258	191	166	162	153
AT5G17000	618	732	548	401	477	510
AT5G17010	471	515	408	428	391	395
AT5G17020	1927	2021	1718	1637	1566	1622
AT5G17030	6	14	11	2	6	4
AT5G17040	71	89	72	72	61	50
AT5G17050	657	566	492	444	369	370
AT5G17060	308	344	260	182	205	227
AT5G17070	289	262	251	218	248	224
AT5G17080	0	0	0	0	0	0
AT5G17090	0	1	0	0	0	0
AT5G17100	0	0	0	0	0	0
AT5G17110	0	0	0	0	0	0
AT5G17120	0	0	0	0	0	0
AT5G17130	0	0	0	0	0	0
AT5G17140	0	0	0	0	0	0
AT5G17150	5	2	4	2	1	3
AT5G17160	456	414	413	428	386	316
AT5G17165	8	3	4	8	8	8
AT5G17167	0	2	0	1	0	0
AT5G17170	1757	1644	1320	1509	1453	1171
AT5G17180	0	1	0	0	0	0
AT5G17190	530	570	489	491	416	440
AT5G17200	0	0	0	0	0	0
AT5G17210	56	55	39	55	59	51
AT5G17220	56	59	18	56	38	103
AT5G17230	2620	2964	2225	2041	2013	1896
AT5G17240	111	123	106	102	91	73
AT5G17250	173	167	147	171	144	171
AT5G17260	7	10	13	17	14	12
AT5G17270	310	326	310	278	273	279
AT5G17280	0	0	0	0	0	0
AT5G17290	205	195	168	131	137	141
AT5G17300	252	261	233	65	78	89
AT5G17305	0	0	0	0	0	0
AT5G17310	706	634	567	407	441	368
AT5G17320	0	0	0	0	0	0
AT5G17330	2936	2558	2617	2207	2208	2179
AT5G17340	94	85	84	17	12	79
AT5G17345	0	0	0	0	0	0
AT5G17350	59	81	61	29	13	50
AT5G17360	20	12	17	12	15	14
AT5G17370	81	99	80	94	89	87
AT5G17380	1402	1353	996	802	873	976
AT5G17390	116	78	87	72	71	51
AT5G17400	234	203	166	185	186	153
AT5G17410	289	277	258	290	289	249
AT5G17420	183	195	157	198	151	154
AT5G17430	30	38	26	29	41	27
AT5G17440	426	435	411	430	390	391
AT5G17450	163	162	107	69	50	105
AT5G17460	440	338	316	219	201	169
AT5G17470	0	0	0	0	0	0
AT5G17480	0	0	0	0	0	0
AT5G17490	74	71	67	46	54	81
AT5G17500	0	2	0	0	0	0
AT5G17510	519	482	492	481	453	419
AT5G17520	129	175	130	176	166	187
AT5G17522	0	0	0	0	0	0
AT5G17523	0	0	0	0	0	0
AT5G17530	543	590	469	515	536	496
AT5G17540	14	21	12	13	11	13
AT5G17550	308	279	271	312	306	305
AT5G17560	366	341	295	310	312	278
AT5G17570	43	52	34	43	50	51
AT5G17580	58	51	42	53	39	63
AT5G17590	2	3	2	1	2	2
AT5G17600	153	176	146	140	106	101
AT5G17610	280	312	322	258	277	283
AT5G17620	153	157	134	154	161	162
AT5G17630	476	445	424	475	443	409
AT5G17640	334	319	300	274	310	296
AT5G17650	143	160	135	64	71	110
AT5G17660	126	127	88	137	95	114
AT5G17670	317	306	259	292	267	234
AT5G17680	23	28	26	21	32	24
AT5G17690	388	406	331	343	312	287
AT5G17700	269	251	166	230	241	203
AT5G17710	1685	1710	1557	1507	1595	1537
AT5G17720	3	0	1	1	0	0
AT5G17730	0	0	0	0	0	0
AT5G17740	0	0	0	0	0	0
AT5G17750	0	0	0	0	0	0
AT5G17760	634	664	616	386	445	447
AT5G17770	1585	1587	1349	1450	1337	1350
AT5G17780	155	105	113	81	71	47
AT5G17790	297	341	321	355	299	281
AT5G17800	82	95	93	87	76	74
AT5G17810	4	6	11	15	18	8
AT5G17820	2143	1245	1465	1073	870	777
AT5G17830	5	6	13	6	7	8
AT5G17840	180	191	156	196	156	167
AT5G17847	0	0	0	0	0	0
AT5G17850	86	102	86	49	66	91
AT5G17860	552	526	417	202	298	386
AT5G17870	768	724	670	906	777	600
AT5G17880	383	393	328	310	372	342
AT5G17890	944	967	901	833	845	805
AT5G17900	539	601	555	461	476	510
AT5G17910	848	817	782	669	666	647
AT5G17920	23285	22010	21830	22238	20073	17452
AT5G17930	449	457	436	353	388	427
AT5G17950	0	0	0	0	0	0
AT5G17960	7	7	5	5	7	6
AT5G17970	0	0	0	0	0	0
AT5G17980	58	122	62	71	57	70
AT5G17990	1713	1976	1533	1305	1717	1434
AT5G18000	0	1	0	2	1	1
AT5G18005	0	0	0	0	0	0
AT5G18010	2	7	1	5	4	3
AT5G18015	0	0	0	0	0	0
AT5G18020	16	13	9	20	16	11
AT5G18030	17	14	22	27	28	22
AT5G18037	0	0	0	0	0	0
AT5G18040	171	207	202	144	193	165
AT5G18050	5	7	7	9	14	15
AT5G18060	8	9	8	5	12	8
AT5G18065	100	90	84	64	74	77
AT5G18070	124	142	136	124	110	117
AT5G18080	29	30	27	28	33	28
AT5G18085	0	0	0	0	0	0
AT5G18090	2	5	3	12	10	8
AT5G18100	475	607	488	542	613	514
AT5G18110	904	1002	825	804	850	768
AT5G18120	221	223	179	189	187	150
AT5G18130	1204	1585	1363	959	1242	1223
AT5G18140	323	276	267	311	265	264
AT5G18150	0	0	0	0	0	0
AT5G18160	0	0	0	0	0	0
AT5G18170	1083	1257	1179	1120	1164	1164
AT5G18180	15	18	6	9	9	7
AT5G18190	1114	1129	1020	1024	1026	994
AT5G18200	222	240	175	220	165	173
AT5G18210	92	123	98	112	95	85
AT5G18220	9	11	11	8	12	12
AT5G18230	1911	2126	1885	1955	1963	1854
AT5G18240	13	11	11	11	9	10
AT5G18245	55	47	58	64	61	55
AT5G18250	87	110	91	107	86	99
AT5G18255	57	57	70	53	66	50
AT5G18260	27	28	29	19	34	25
AT5G18270	421	326	355	253	305	365
AT5G18280	613	559	574	519	564	466
AT5G18290	43	39	58	72	51	59
AT5G18300	9	12	6	18	12	17
AT5G18310	774	857	839	621	698	762
AT5G18320	4	1	1	1	0	0
AT5G18330	0	0	0	0	0	0
AT5G18340	38	49	29	33	23	29
AT5G18350	29	19	11	14	8	7
AT5G18360	63	92	74	64	93	82
AT5G18370	181	174	169	131	164	154
AT5G18380	3077	2895	3035	3131	2974	2566
AT5G18390	96	90	84	93	81	85
AT5G18400	347	495	337	330	377	389
AT5G18403	0	0	0	0	0	0
AT5G18404	1	1	1	1	1	1
AT5G18407	0	0	0	0	0	0
AT5G18410	766	849	718	797	712	675
AT5G18420	399	456	408	364	400	366
AT5G18430	46	54	41	63	52	57
AT5G18440	214	233	239	237	276	229
AT5G18450	0	0	0	0	0	0
AT5G18460	398	417	325	384	384	354
AT5G18470	51	76	61	27	25	45
AT5G18475	59	63	43	77	72	57
AT5G18480	556	600	478	462	521	485
AT5G18490	420	519	460	300	356	383
AT5G18500	857	859	826	772	731	729
AT5G18510	2	1	1	1	2	2
AT5G18520	900	902	848	782	806	725
AT5G18525	682	803	591	609	587	594
AT5G18540	104	100	120	109	87	78
AT5G18550	310	333	287	277	259	297
AT5G18560	6	8	13	8	11	14
AT5G18570	706	708	633	760	692	727
AT5G18580	719	853	672	817	720	708
AT5G18590	683	819	721	802	724	741
AT5G18600	125	200	161	247	208	225
AT5G18610	384	424	379	354	330	367
AT5G18620	841	874	827	767	784	718
AT5G18630	775	870	735	549	579	614
AT5G18636	0	0	0	2	1	0
AT5G18640	551	609	515	556	507	503
AT5G18650	1421	1538	1445	1322	1359	1274
AT5G18660	1017	1188	838	1120	997	919
AT5G18661	14	5	4	6	7	12
AT5G18670	843	804	693	368	569	512
AT5G18680	706	744	712	768	674	684
AT5G18690	119	109	93	123	107	102
AT5G18700	209	232	210	265	247	217
AT5G18705	0	0	0	0	0	0
AT5G18710	9	9	9	6	15	5
AT5G18720	1	3	4	0	1	2
AT5G18730	15	9	9	2	5	10
AT5G18735	0	0	0	0	0	0
AT5G18740	6	7	1	8	2	4
AT5G18748	0	0	0	0	0	0
AT5G18750	206	243	203	191	178	187
AT5G18755	0	0	0	0	0	0
AT5G18760	260	300	230	283	287	244
AT5G18770	99	110	90	65	90	73
AT5G18780	250	237	218	105	150	149
AT5G18790	55	53	60	73	49	37
AT5G18800	354	341	310	325	308	315
AT5G18810	17	16	22	21	22	20
AT5G18820	109	130	123	119	141	117
AT5G18830	583	589	454	547	474	480
AT5G18840	53	76	98	76	142	120
AT5G18850	102	133	114	133	126	126
AT5G18860	792	450	566	421	265	323
AT5G18870	0	0	0	0	0	0
AT5G18880	0	0	0	0	0	0
AT5G18890	0	0	0	0	0	0
AT5G18900	519	493	439	377	369	390
AT5G18910	17	11	9	5	2	6
AT5G18920	31	40	44	44	30	22
AT5G18930	47	57	46	47	41	49
AT5G18933	0	0	0	0	0	0
AT5G18937	1	0	2	0	0	0
AT5G18940	258	229	231	209	224	202
AT5G18950	100	130	133	105	109	132
AT5G18960	401	403	411	393	347	338
AT5G18970	106	118	70	91	80	86
AT5G18980	314	341	358	272	236	298
AT5G18990	0	0	0	0	0	0
AT5G19000	584	617	513	524	496	498
AT5G19010	804	793	704	835	833	749
AT5G19020	52	57	66	65	44	44
AT5G19025	50	53	60	67	43	41
AT5G19030	119	118	99	137	124	114
AT5G19040	34	32	36	56	38	44
AT5G19050	278	264	278	264	256	245
AT5G19060	18	24	11	28	15	21
AT5G19070	164	178	159	130	147	154
AT5G19080	123	139	114	119	132	137
AT5G19090	751	710	672	900	831	801
AT5G19095	0	0	0	0	0	0
AT5G19100	104	71	75	49	36	62
AT5G19110	234	146	165	65	63	163
AT5G19120	2417	2736	2572	2423	2611	2846
AT5G19130	352	313	297	282	281	244
AT5G19140	4451	5863	4851	4239	4711	4818
AT5G19150	222	263	244	233	216	213
AT5G19151	35	27	27	20	32	23
AT5G19160	49	76	72	56	69	72
AT5G19170	24	32	20	33	23	26
AT5G19172	0	0	0	0	0	0
AT5G19175	0	0	0	0	0	0
AT5G19180	678	729	644	637	631	670
AT5G19190	343	521	482	563	624	648
AT5G19200	81	92	87	69	85	90
AT5G19210	131	114	144	136	150	131
AT5G19220	1955	2372	1746	1801	1674	1601
AT5G19221	2	5	2	2	0	2
AT5G19230	897	1009	872	496	530	719
AT5G19240	1893	3745	1869	781	962	1452
AT5G19250	2097	2617	2328	1581	1821	1527
AT5G19260	140	160	127	99	60	67
AT5G19270	0	0	0	0	0	0
AT5G19280	447	490	452	407	463	451
AT5G19290	495	593	527	598	516	502
AT5G19300	219	195	227	213	214	175
AT5G19310	306	322	274	287	279	284
AT5G19315	0	0	0	0	0	0
AT5G19320	364	341	307	311	280	311
AT5G19330	1331	1384	1255	1317	1165	1265
AT5G19340	191	171	198	236	211	178
AT5G19350	595	646	605	628	633	567
AT5G19360	0	0	2	0	0	1
AT5G19370	727	773	625	710	622	614
AT5G19380	177	166	158	178	177	158
AT5G19390	870	965	830	835	841	780
AT5G19400	1894	1840	1603	1607	1732	1497
AT5G19410	104	131	102	85	109	83
AT5G19420	394	438	335	274	300	334
AT5G19430	532	609	461	334	337	415
AT5G19440	1478	1615	1324	1267	1276	1393
AT5G19450	1079	1294	1090	1015	1101	1075
AT5G19460	225	261	213	221	252	246
AT5G19470	2	10	1	0	0	3
AT5G19473	0	1	0	0	1	0
AT5G19480	300	366	345	343	315	343
AT5G19485	342	300	311	332	295	271
AT5G19490	18	16	17	7	5	11
AT5G19500	241	276	204	198	167	189
AT5G19510	3314	3438	3195	3170	3086	2654
AT5G19520	544	448	417	377	299	341
AT5G19530	414	370	371	461	376	463
AT5G19540	1788	1837	1452	1848	1629	1578
AT5G19550	1637	2447	1749	1322	1654	1572
AT5G19560	76	39	59	28	8	30
AT5G19570	54	50	54	69	54	63
AT5G19580	48	82	49	39	38	34
AT5G19590	1567	1744	1450	1251	1288	1279
AT5G19595	0	0	0	0	0	0
AT5G19600	227	131	225	285	179	205
AT5G19610	0	0	0	0	0	0
AT5G19620	595	604	548	663	632	593
AT5G19630	138	154	149	119	101	106
AT5G19633	0	0	0	0	0	0
AT5G19640	0	0	0	0	0	0
AT5G19650	22	9	9	8	7	7
AT5G19660	415	482	435	399	427	383
AT5G19670	92	111	95	100	81	93
AT5G19675	0	0	0	0	0	0
AT5G19680	239	237	240	248	212	204
AT5G19690	1824	1848	1668	1641	1619	1511
AT5G19700	0	0	0	0	0	0
AT5G19710	0	0	0	0	0	0
AT5G19720	0	0	0	1	0	1
AT5G19730	263	251	192	270	177	163
AT5G19740	350	269	335	323	293	319
AT5G19750	400	419	417	336	397	356
AT5G19760	2703	2837	2438	2431	2247	2006
AT5G19770	1451	1334	1453	1523	1528	1359
AT5G19780	1635	1618	1634	1721	1664	1507
AT5G19790	209	87	106	92	50	45
AT5G19800	97	44	46	44	30	16
AT5G19810	8	3	2	5	2	0
AT5G19820	1993	1904	1831	1718	1799	1724
AT5G19830	51	71	48	37	52	56
AT5G19840	126	143	114	121	112	96
AT5G19850	338	306	282	178	215	172
AT5G19855	759	721	597	584	572	528
AT5G19860	1115	1025	979	879	855	782
AT5G19870	23	28	29	34	20	20
AT5G19875	132	136	104	78	72	74
AT5G19880	17	27	10	11	33	18
AT5G19890	641	253	316	143	178	216
AT5G19900	613	580	523	537	533	502
AT5G19910	124	132	116	109	124	105
AT5G19920	161	151	145	137	138	143
AT5G19930	199	192	145	143	137	118
AT5G19940	2088	2942	2144	2656	2756	2242
AT5G19950	185	223	184	181	184	183
AT5G19960	251	273	245	236	255	231
AT5G19970	47	33	38	32	27	24
AT5G19980	505	477	466	324	368	341
AT5G19990	1071	1072	1092	1013	1038	937
AT5G20000	554	525	466	441	497	497
AT5G20010	3270	4463	3339	2716	3101	3168
AT5G20020	1728	2244	1780	1782	1905	1922
AT5G20030	50	50	62	58	58	57
AT5G20040	233	262	267	283	266	263
AT5G20045	13	6	11	5	2	12
AT5G20050	510	574	500	437	544	477
AT5G20060	412	397	358	430	387	367
AT5G20070	981	924	797	631	564	542
AT5G20080	1332	1443	1218	1234	1111	1061
AT5G20090	623	524	563	497	448	478
AT5G20100	0	0	0	0	0	0
AT5G20110	104	86	99	91	92	85
AT5G20120	205	206	198	179	183	165
AT5G20130	282	320	229	268	242	257
AT5G20140	503	615	445	455	432	425
AT5G20150	5058	5072	3594	1835	1930	2574
AT5G20160	453	394	427	463	449	469
AT5G20165	221	189	178	167	167	148
AT5G20170	252	297	236	248	240	212
AT5G20180	162	153	140	142	146	126
AT5G20190	1532	1629	1212	879	858	1094
AT5G20200	705	824	741	684	672	638
AT5G20220	120	93	104	83	87	61
AT5G20225	2	3	2	0	0	2
AT5G20230	959	1565	876	405	610	1119
AT5G20240	16	22	13	26	26	27
AT5G20250	2694	3465	5440	3808	6543	6321
AT5G20260	3	1	2	3	1	2
AT5G20270	305	426	285	306	307	351
AT5G20280	4447	5286	3873	3056	3162	3210
AT5G20290	8492	7780	8534	9063	8179	7581
AT5G20300	467	467	438	432	395	391
AT5G20310	0	0	1	0	0	0
AT5G20320	467	571	471	392	414	447
AT5G20330	0	0	0	0	0	0
AT5G20340	0	0	0	0	0	0
AT5G20350	876	910	801	824	829	774
AT5G20360	381	403	364	273	299	293
AT5G20370	0	0	0	0	0	1
AT5G20380	596	678	537	437	423	441
AT5G20390	0	0	0	0	0	0
AT5G20400	618	735	629	376	458	552
AT5G20410	613	734	443	223	209	272
AT5G20420	18	16	16	47	31	29
AT5G20430	1	4	1	1	0	0
AT5G20440	0	0	0	0	0	0
AT5G20447	0	0	0	0	0	0
AT5G20450	63	74	67	71	57	59
AT5G20460	0	0	0	0	0	0
AT5G20470	10	9	11	5	6	6
AT5G20480	203	297	210	182	240	307
AT5G20490	2009	1854	1642	1352	1400	1391
AT5G20500	629	649	574	592	498	516
AT5G20510	95	115	117	116	108	116
AT5G20520	582	605	529	523	543	475
AT5G20540	143	150	140	160	169	147
AT5G20550	96	56	65	46	52	57
AT5G20560	0	0	0	0	0	0
AT5G20570	351	332	300	320	340	300
AT5G20580	221	215	208	187	191	191
AT5G20590	459	461	462	435	350	369
AT5G20600	343	400	371	346	339	323
AT5G20610	523	492	474	413	394	413
AT5G20620	1035	1075	974	829	876	898
AT5G20630	9336	9839	8271	12395	9183	7952
AT5G20635	40	41	62	58	55	55
AT5G20640	9	15	12	18	18	21
AT5G20650	290	348	311	280	301	217
AT5G20660	1020	1067	1006	1005	955	890
AT5G20670	13	8	5	5	2	4
AT5G20680	412	362	368	307	312	287
AT5G20690	0	1	0	1	0	1
AT5G20700	7972	8735	7176	6575	6761	6628
AT5G20710	13	8	24	39	43	25
AT5G20720	4683	5112	4681	4433	4769	4361
AT5G20730	1083	1120	917	878	921	877
AT5G20740	46	30	29	79	78	57
AT5G20790	2035	2169	1491	501	523	813
AT5G20810	17	10	16	1	14	3
AT5G20820	29	21	32	29	47	24
AT5G20830	943	1714	1028	578	879	707
AT5G20840	877	882	738	704	765	666
AT5G20850	49	28	46	43	32	41
AT5G20852	0	0	0	0	0	0
AT5G20854	0	0	0	0	0	0
AT5G20856	0	0	0	0	0	0
AT5G20858	0	0	0	0	0	0
AT5G20860	27	49	46	49	49	39
AT5G20870	14	17	16	23	20	21
AT5G20885	196	164	179	167	166	159
AT5G20890	1894	1937	1826	1914	1820	1687
AT5G20900	845	920	757	663	702	775
AT5G20910	201	192	145	159	143	174
AT5G20920	996	933	909	836	827	820
AT5G20930	347	349	296	284	294	263
AT5G20935	64	57	52	90	82	61
AT5G20940	0	1	0	0	2	0
AT5G20950	1609	1958	1693	1565	1536	1441
AT5G20960	2080	1944	1681	1748	1921	1787
AT5G20970	112	146	105	119	105	105
AT5G20980	182	151	188	175	160	183
AT5G20990	908	967	955	802	879	849
AT5G20995	0	0	0	0	0	0
AT5G21010	289	258	245	220	208	208
AT5G21020	2134	2240	1758	1693	1569	1542
AT5G21030	1	1	2	4	1	2
AT5G21040	324	353	289	307	312	310
AT5G21050	14	20	17	13	11	14
AT5G21060	371	413	364	371	380	328
AT5G21070	207	255	194	221	230	192
AT5G21080	43	36	31	23	19	15
AT5G21090	3379	3775	3126	2584	2927	2912
AT5G21100	644	675	552	629	570	504
AT5G21105	2773	2567	2067	1435	1653	1946
AT5G21120	17	8	11	9	1	1
AT5G21125	0	0	0	0	0	0
AT5G21130	5	8	8	6	2	2
AT5G21140	44	33	22	27	31	24
AT5G21150	9	2	3	2	5	5
AT5G21160	1231	1438	1401	1336	1444	1475
AT5G21170	407	549	526	416	480	494
AT5G21222	734	726	677	728	674	626
AT5G21274	758	805	766	683	658	600
AT5G21280	82	83	62	73	42	49
AT5G21326	827	855	794	665	724	665
AT5G21378	0	0	0	0	0	0
AT5G21430	461	417	307	487	398	341
AT5G21482	127	122	100	99	103	126
AT5G21900	98	84	94	77	81	69
AT5G21910	7	7	10	8	8	13
AT5G21920	496	518	432	565	503	454
AT5G21930	897	855	857	851	851	731
AT5G21940	1163	1163	892	1094	1087	1254
AT5G21950	48	42	51	57	30	40
AT5G21960	7	6	8	1	0	9
AT5G21970	159	139	132	151	126	140
AT5G21990	857	883	768	696	725	712
AT5G22000	1311	1456	1334	1035	1171	1150
AT5G22010	620	591	548	534	492	517
AT5G22020	641	693	674	550	460	489
AT5G22030	514	530	411	413	437	412
AT5G22040	235	255	218	231	230	199
AT5G22050	313	296	266	371	289	313
AT5G22060	1918	2116	1748	1294	1520	1407
AT5G22070	320	334	264	287	273	294
AT5G22080	681	645	624	577	573	554
AT5G22090	1459	1926	1442	1501	1350	1427
AT5G22100	150	165	195	166	166	158
AT5G22110	102	89	76	109	77	105
AT5G22120	289	306	261	234	278	227
AT5G22130	111	103	103	98	100	107
AT5G22140	108	82	95	94	102	71
AT5G22145	0	0	0	0	0	0
AT5G22150	0	0	1	3	1	2
AT5G22160	0	0	0	0	0	0
AT5G22170	0	0	0	0	0	1
AT5G22180	0	0	0	0	0	0
AT5G22190	0	0	0	0	1	0
AT5G22200	1	3	0	2	1	4
AT5G22210	103	99	78	86	94	101
AT5G22220	113	98	83	110	100	106
AT5G22240	6	8	4	7	2	7
AT5G22250	293	532	336	123	138	289
AT5G22260	0	0	1	0	0	0
AT5G22270	407	665	499	191	387	359
AT5G22280	225	254	237	226	265	228
AT5G22290	219	256	206	124	173	194
AT5G22300	557	526	328	133	256	186
AT5G22310	230	250	235	207	221	186
AT5G22315	0	0	0	0	0	0
AT5G22320	364	361	370	378	374	347
AT5G22330	415	413	400	409	397	374
AT5G22340	453	483	399	527	453	445
AT5G22350	529	574	540	447	497	442
AT5G22355	15	7	8	12	6	15
AT5G22360	437	475	462	420	451	416
AT5G22370	164	165	140	162	123	136
AT5G22380	15	35	8	6	8	20
AT5G22390	33	59	59	34	44	55
AT5G22400	257	220	225	221	205	181
AT5G22410	448	203	303	224	125	125
AT5G22420	0	0	0	0	0	0
AT5G22430	2	3	1	4	9	10
AT5G22440	1152	1004	1058	1197	1087	1036
AT5G22450	1175	1361	1149	973	1083	1156
AT5G22460	46	69	50	49	56	46
AT5G22470	0	0	0	0	0	0
AT5G22480	270	327	292	266	304	280
AT5G22490	2	0	0	0	3	0
AT5G22500	280	325	275	259	270	281
AT5G22505	0	0	0	0	0	0
AT5G22510	1146	1161	860	1029	979	928
AT5G22520	13	37	21	4	5	14
AT5G22530	9	14	9	5	7	7
AT5G22540	14	19	6	0	0	1
AT5G22545	3	6	2	1	0	0
AT5G22550	24	18	26	17	6	17
AT5G22555	15	11	12	1	3	6
AT5G22560	14	10	6	6	6	4
AT5G22570	56	60	41	9	22	32
AT5G22580	407	606	445	730	588	534
AT5G22590	0	0	0	0	0	0
AT5G22600	0	0	0	0	0	1
AT5G22608	2	1	1	1	1	0
AT5G22610	0	0	0	0	1	1
AT5G22620	682	728	636	672	644	637
AT5G22630	1160	1061	968	758	715	865
AT5G22640	2220	2267	2129	2788	2470	2370
AT5G22650	2734	2680	2711	2564	2468	2376
AT5G22660	7	5	8	13	7	8
AT5G22670	0	1	0	1	0	0
AT5G22680	0	0	0	0	1	0
AT5G22690	241	421	282	174	257	312
AT5G22700	420	414	343	391	347	334
AT5G22720	0	0	0	0	0	0
AT5G22730	134	141	146	113	115	122
AT5G22740	1131	1256	1014	926	878	832
AT5G22750	167	161	152	174	158	144
AT5G22760	791	907	749	746	773	720
AT5G22765	0	0	0	1	0	0
AT5G22770	828	861	827	683	717	660
AT5G22780	886	964	741	641	690	649
AT5G22785	0	0	0	0	0	0
AT5G22788	2	3	5	2	3	3
AT5G22790	268	261	263	261	242	245
AT5G22791	0	1	1	0	1	0
AT5G22794	68	58	68	47	67	61
AT5G22796	32	31	27	22	18	27
AT5G22799	17	17	15	21	14	16
AT5G22800	1221	1302	1102	1320	1291	1168
AT5G22810	0	0	0	0	0	0
AT5G22820	124	123	106	114	108	97
AT5G22830	730	773	655	681	711	661
AT5G22840	240	230	213	209	209	218
AT5G22850	585	640	488	376	418	424
AT5G22860	718	818	410	182	216	294
AT5G22870	15	12	9	11	18	23
AT5G22875	163	194	189	192	186	211
AT5G22880	1547	1275	1163	1074	945	1009
AT5G22890	264	271	281	213	253	222
AT5G22900	0	0	0	0	0	0
AT5G22910	0	0	0	0	0	0
AT5G22920	536	866	1248	845	1659	1717
AT5G22930	47	54	62	61	35	50
AT5G22940	203	189	181	186	196	176
AT5G22950	519	468	470	387	385	416
AT5G22960	0	0	0	0	0	0
AT5G22970	0	0	0	0	0	0
AT5G22980	0	0	0	0	0	0
AT5G22990	0	1	0	0	0	0
AT5G23000	51	53	42	46	54	60
AT5G23010	3082	3383	2550	3278	3684	4055
AT5G23020	2361	2402	2066	1595	1599	2115
AT5G23030	33	15	28	18	13	8
AT5G23035	0	0	0	0	0	0
AT5G23040	1403	1382	1248	1419	1334	1220
AT5G23050	825	882	858	855	855	896
AT5G23060	3363	3686	2835	2531	2539	2341
AT5G23065	0	0	1	0	0	0
AT5G23070	205	218	214	279	246	231
AT5G23080	534	646	534	483	485	506
AT5G23090	136	156	171	127	116	120
AT5G23100	105	97	111	113	114	128
AT5G23110	1180	801	743	816	860	827
AT5G23115	2	1	0	1	1	1
AT5G23120	2791	2999	2351	3280	3029	2691
AT5G23130	84	129	103	93	111	150
AT5G23140	415	458	345	370	401	337
AT5G23150	872	824	821	662	752	729
AT5G23155	13	14	16	14	13	16
AT5G23160	25	10	9	5	3	6
AT5G23170	36	42	32	40	32	39
AT5G23180	0	0	0	0	0	0
AT5G23190	245	323	273	213	225	178
AT5G23200	194	231	212	226	209	195
AT5G23210	596	567	527	521	492	497
AT5G23212	1	0	0	0	0	0
AT5G23220	94	63	73	64	41	55
AT5G23230	0	0	0	0	0	0
AT5G23240	2775	3814	2824	2206	2315	2025
AT5G23250	392	411	343	413	354	329
AT5G23260	0	1	1	1	1	1
AT5G23270	6	5	6	1	2	1
AT5G23280	519	649	596	527	546	566
AT5G23290	217	213	160	211	186	161
AT5G23300	220	236	235	251	214	240
AT5G23310	464	558	477	549	513	481
AT5G23320	46	42	41	35	39	43
AT5G23330	165	154	142	119	133	124
AT5G23340	345	261	283	274	225	274
AT5G23350	37	32	36	25	29	25
AT5G23360	31	37	29	50	60	42
AT5G23370	20	26	13	10	19	15
AT5G23380	142	190	144	151	122	134
AT5G23390	522	545	472	455	499	506
AT5G23395	163	158	135	128	153	108
AT5G23400	146	127	128	184	146	152
AT5G23405	155	184	163	110	150	154
AT5G23410	63	52	35	50	49	45
AT5G23411	0	0	0	0	0	0
AT5G23420	336	333	300	367	316	269
AT5G23430	429	426	410	420	361	359
AT5G23440	197	226	197	241	218	197
AT5G23450	1414	1487	1400	1218	1140	1166
AT5G23460	61	57	67	53	43	53
AT5G23470	0	0	0	0	0	0
AT5G23480	35	59	46	44	51	38
AT5G23490	311	298	259	249	265	248
AT5G23510	377	434	373	320	379	360
AT5G23520	213	223	185	171	159	171
AT5G23530	307	265	250	253	196	219
AT5G23535	324	362	347	349	335	343
AT5G23540	972	901	836	957	866	771
AT5G23550	179	177	174	167	165	169
AT5G23570	229	250	246	254	248	304
AT5G23575	1411	1315	1230	1304	1053	1069
AT5G23580	294	299	245	240	230	233
AT5G23590	355	466	390	352	412	349
AT5G23600	0	0	0	0	0	0
AT5G23610	617	679	668	560	566	518
AT5G23630	1372	1366	1169	1108	1121	1130
AT5G23650	0	0	0	0	0	0
AT5G23660	943	799	792	787	736	800
AT5G23665	0	0	0	0	0	0
AT5G23670	844	937	832	830	828	740
AT5G23680	125	137	100	127	118	116
AT5G23690	103	123	110	119	140	141
AT5G23700	24	23	20	18	17	20
AT5G23710	0	0	0	0	0	0
AT5G23720	302	333	269	261	290	250
AT5G23730	145	129	116	82	83	84
AT5G23740	1697	1779	1613	1766	1751	1559
AT5G23750	184	128	131	117	76	88
AT5G23760	242	245	224	159	165	145
AT5G23770	19	19	17	16	24	10
AT5G23780	6	2	9	11	9	15
AT5G23790	0	0	1	0	1	1
AT5G23800	33	33	35	45	36	42
AT5G23810	95	96	71	98	56	89
AT5G23820	1740	1315	1064	989	684	1287
AT5G23830	453	270	308	257	197	302
AT5G23840	67	42	44	38	19	29
AT5G23850	216	246	194	96	127	137
AT5G23860	813	873	856	849	860	799
AT5G23870	170	162	145	271	222	216
AT5G23880	337	363	330	405	353	350
AT5G23890	2033	2055	1802	1826	1713	1701
AT5G23900	1131	1145	1090	1188	1126	1078
AT5G23903	0	0	0	0	0	0
AT5G23908	0	0	0	0	0	0
AT5G23910	169	164	170	148	151	123
AT5G23920	657	577	514	544	446	373
AT5G23930	20	15	15	16	14	19
AT5G23940	440	439	455	529	491	543
AT5G23950	38	36	25	8	10	11
AT5G23960	0	0	0	0	0	0
AT5G23970	0	0	0	0	1	0
AT5G23980	510	233	346	256	172	164
AT5G23990	35	21	41	11	19	15
AT5G24000	141	110	104	158	124	117
AT5G24010	139	166	159	155	166	150
AT5G24020	316	285	288	312	289	261
AT5G24030	437	449	396	431	465	581
AT5G24040	10	3	7	6	3	1
AT5G24050	0	0	0	0	0	0
AT5G24060	804	787	669	735	664	653
AT5G24070	21	9	6	8	7	2
AT5G24080	7	5	6	3	1	2
AT5G24090	193	202	196	170	169	186
AT5G24100	100	57	66	35	20	21
AT5G24105	32	26	29	27	22	27
AT5G24110	44	95	56	40	34	27
AT5G24120	718	715	476	232	188	193
AT5G24130	0	4	0	0	0	0
AT5G24140	458	126	178	61	22	36
AT5G24150	876	783	495	172	194	231
AT5G24155	52	78	55	47	49	56
AT5G24160	980	1044	817	501	616	722
AT5G24165	1472	1352	1388	1507	1344	1285
AT5G24170	84	94	71	70	56	71
AT5G24180	0	0	0	0	1	0
AT5G24190	5	3	2	3	1	1
AT5G24200	48	45	28	6	11	46
AT5G24205	45	71	42	34	48	33
AT5G24206	30	47	30	25	44	21
AT5G24210	1865	2487	1799	641	1199	1301
AT5G24215	31	35	29	39	34	15
AT5G24220	3	0	3	3	4	1
AT5G24230	97	107	99	70	74	87
AT5G24240	796	976	727	5	12	19
AT5G24260	453	461	469	455	473	418
AT5G24270	111	111	113	93	133	121
AT5G24275	4	2	4	3	2	2
AT5G24280	145	149	116	149	177	167
AT5G24290	306	264	199	166	161	207
AT5G24300	1433	1531	1251	1456	1275	1154
AT5G24310	107	109	92	117	87	96
AT5G24313	93	60	73	37	21	25
AT5G24314	630	643	524	725	620	633
AT5G24316	1	3	0	2	2	2
AT5G24318	54	54	62	44	56	66
AT5G24320	336	334	315	282	254	255
AT5G24330	30	24	28	30	28	20
AT5G24340	189	209	164	184	150	161
AT5G24350	1220	1083	933	919	1018	917
AT5G24352	21	20	15	16	12	9
AT5G24355	0	2	1	2	2	2
AT5G24360	522	466	486	451	440	459
AT5G24370	0	0	0	0	0	0
AT5G24380	924	954	721	545	515	591
AT5G24390	67	41	45	56	56	72
AT5G24400	659	742	692	589	549	527
AT5G24410	31	19	16	12	10	8
AT5G24420	128	173	83	44	33	303
AT5G24430	359	379	336	317	316	309
AT5G24440	0	0	0	0	0	0
AT5G24450	593	667	553	546	561	558
AT5G24460	493	583	408	316	315	326
AT5G24470	1890	1698	1469	1306	1075	971
AT5G24480	0	0	1	0	0	0
AT5G24490	4764	5831	5222	6750	5835	5164
AT5G24500	282	270	263	226	195	210
AT5G24510	0	3	4	2	3	4
AT5G24520	550	633	505	442	402	408
AT5G24530	1115	1130	763	199	319	443
AT5G24540	1	0	1	0	0	1
AT5G24550	0	1	2	1	2	0
AT5G24560	0	0	0	1	0	0
AT5G24570	83	97	62	86	56	65
AT5G24575	0	0	0	0	0	0
AT5G24580	147	124	106	145	132	106
AT5G24590	636	1067	651	495	699	854
AT5G24600	30	31	21	19	18	29
AT5G24610	598	643	509	525	506	458
AT5G24620	863	863	762	864	821	812
AT5G24630	155	174	180	142	133	114
AT5G24640	21	60	10	2	9	17
AT5G24650	412	423	374	398	358	387
AT5G24655	144	170	128	32	30	56
AT5G24660	690	498	331	294	197	275
AT5G24670	1004	1069	907	995	902	968
AT5G24680	83	82	72	77	83	77
AT5G24690	2346	2267	2070	2493	2161	2070
AT5G24710	1354	1450	1325	1218	1281	1094
AT5G24735	428	407	346	416	387	361
AT5G24740	896	770	683	747	778	705
AT5G24750	94	91	69	95	89	71
AT5G24760	272	248	231	246	273	240
AT5G24770	797	1871	459	633	671	2636
AT5G24780	1006	1192	526	290	180	1687
AT5G24790	0	0	0	0	0	0
AT5G24800	354	478	325	444	361	385
AT5G24810	1241	1291	1061	910	927	944
AT5G24820	0	0	0	0	0	0
AT5G24825	0	0	1	0	0	0
AT5G24830	144	150	162	159	162	138
AT5G24840	173	175	165	157	187	158
AT5G24850	445	390	341	339	278	298
AT5G24860	1	7	4	2	3	4
AT5G24870	237	242	234	141	162	185
AT5G24879	0	0	0	1	0	0
AT5G24880	78	51	63	50	27	28
AT5G24890	704	669	654	646	654	627
AT5G24900	24	18	19	13	13	17
AT5G24910	55	45	57	33	25	31
AT5G24920	25	31	35	26	34	26
AT5G24930	2403	2978	2576	2561	2497	2396
AT5G24940	0	0	2	1	5	4
AT5G24950	0	0	0	0	0	0
AT5G24960	37	25	34	17	27	35
AT5G24970	169	172	167	175	158	148
AT5G24980	75	63	62	73	53	53
AT5G24990	49	65	46	40	34	51
AT5G25000	0	1	0	0	0	0
AT5G25010	53	40	39	44	36	32
AT5G25020	34	18	24	25	17	21
AT5G25030	0	0	0	0	0	0
AT5G25040	335	350	305	228	221	227
AT5G25050	87	146	124	104	124	115
AT5G25060	1198	1271	1195	1185	1233	1154
AT5G25070	455	426	392	379	391	373
AT5G25080	260	269	228	243	253	241
AT5G25090	84	101	78	82	76	73
AT5G25100	2071	1978	1973	1793	1700	1516
AT5G25110	285	225	239	174	202	197
AT5G25120	404	425	361	173	205	192
AT5G25130	49	60	26	60	45	47
AT5G25140	118	150	140	82	123	122
AT5G25150	334	374	328	316	291	289
AT5G25160	54	59	68	50	65	72
AT5G25170	79	108	83	79	85	98
AT5G25180	6	6	12	6	6	5
AT5G25190	80	118	76	212	149	186
AT5G25195	0	0	0	0	0	0
AT5G25200	0	0	0	0	0	0
AT5G25210	115	118	120	157	142	158
AT5G25220	1015	907	817	665	688	775
AT5G25230	5	6	0	7	4	9
AT5G25240	30	28	39	29	38	53
AT5G25250	520	767	432	132	268	344
AT5G25260	100	155	107	44	76	82
AT5G25265	1152	1050	1054	952	972	979
AT5G25270	977	1093	983	994	1017	905
AT5G25280	2923	2638	2852	2861	2738	2409
AT5G25290	0	0	0	0	1	1
AT5G25300	0	0	0	0	0	0
AT5G25310	2	1	0	1	1	1
AT5G25320	0	0	0	1	0	0
AT5G25330	0	0	0	0	0	0
AT5G25340	0	1	1	0	1	0
AT5G25350	2257	2209	2374	2335	2179	2381
AT5G25360	403	333	308	363	259	289
AT5G25370	38	48	41	46	44	34
AT5G25380	10	12	17	13	10	9
AT5G25390	9	10	6	4	12	3
AT5G25400	0	0	0	0	0	0
AT5G25410	0	0	0	0	0	0
AT5G25415	0	0	0	0	0	0
AT5G25420	0	0	0	0	0	0
AT5G25425	0	0	0	0	0	0
AT5G25430	0	0	0	0	0	0
AT5G25440	222	322	263	167	206	237
AT5G25450	42	55	41	6	11	12
AT5G25460	1810	2017	2068	2731	2333	1909
AT5G25470	9	11	4	3	1	2
AT5G25475	93	112	110	113	108	81
AT5G25480	84	75	78	73	79	81
AT5G25490	53	52	35	75	40	55
AT5G25500	34	43	31	20	30	25
AT5G25510	410	326	345	386	408	347
AT5G25520	748	694	626	677	655	602
AT5G25530	1	0	0	0	0	0
AT5G25540	608	652	569	527	539	536
AT5G25550	0	0	0	0	0	0
AT5G25560	2132	2356	2118	2114	2049	1983
AT5G25570	29	25	41	38	27	23
AT5G25580	78	74	42	64	62	66
AT5G25585	0	0	0	0	0	0
AT5G25590	205	233	204	264	225	249
AT5G25600	0	0	0	0	0	0
AT5G25610	1295	1519	1378	1406	1520	1123
AT5G25620	112	100	95	84	84	88
AT5G25625	0	0	0	0	0	0
AT5G25630	1238	1154	1047	1325	1081	1042
AT5G25640	48	51	34	34	37	30
AT5G25750	0	0	0	0	0	0
AT5G25754	156	142	117	123	131	111
AT5G25755	24	29	24	29	17	27
AT5G25756	1	4	8	2	4	2
AT5G25757	101	93	82	60	82	84
AT5G25760	227	220	203	220	223	238
AT5G25770	493	472	382	372	407	381
AT5G25780	558	578	486	527	466	483
AT5G25790	29	53	32	35	34	44
AT5G25800	129	140	135	170	157	129
AT5G25810	105	78	101	78	69	52
AT5G25820	211	181	150	95	89	94
AT5G25830	105	87	96	77	82	67
AT5G25840	450	376	321	372	293	325
AT5G25850	0	0	0	0	0	0
AT5G25860	0	0	0	0	0	0
AT5G25870	0	0	0	0	0	0
AT5G25880	63	61	45	32	40	31
AT5G25890	790	579	665	635	590	506
AT5G25900	344	327	315	300	290	316
AT5G25910	58	89	79	61	62	64
AT5G25920	15	9	10	2	5	5
AT5G25930	838	1242	812	320	579	674
AT5G25940	257	300	240	219	231	228
AT5G25950	0	0	0	1	0	0
AT5G25960	2	1	0	0	0	0
AT5G25970	21	11	11	24	13	12
AT5G25980	5339	7854	4621	8251	7718	8136
AT5G25990	3	2	3	6	1	4
AT5G25995	3	2	3	7	4	7
AT5G26000	25079	32008	19388	24151	22187	23210
AT5G26010	141	78	107	118	115	76
AT5G26030	975	1577	1012	768	938	1032
AT5G26038	0	0	0	0	0	0
AT5G26040	184	215	152	152	173	183
AT5G26050	0	0	0	0	0	0
AT5G26060	0	0	0	0	0	0
AT5G26070	6	5	2	3	0	2
AT5G26080	53	25	28	22	7	12
AT5G26090	1	5	4	3	1	4
AT5G26100	0	0	0	0	0	0
AT5G26110	206	209	230	225	227	199
AT5G26120	0	1	0	0	0	0
AT5G26130	0	0	0	0	0	0
AT5G26140	2	1	2	0	0	1
AT5G26146	1	1	1	1	2	3
AT5G26147	0	0	0	0	0	0
AT5G26150	0	0	0	0	0	0
AT5G26160	242	230	182	223	195	207
AT5G26170	50	72	51	40	40	48
AT5G26180	325	357	295	337	338	318
AT5G26190	7	10	3	0	6	6
AT5G26200	30	93	66	49	67	61
AT5G26210	416	448	405	420	377	393
AT5G26220	343	257	215	199	147	237
AT5G26230	84	72	59	83	57	50
AT5G26240	619	658	604	587	566	557
AT5G26250	1	1	0	2	1	1
AT5G26260	5086	4166	3672	2771	2336	2716
AT5G26262	0	0	0	0	0	0
AT5G26270	78	64	54	54	68	49
AT5G26280	3302	3554	2879	2192	2087	2390
AT5G26290	469	364	370	353	248	317
AT5G26300	4	11	15	1	2	5
AT5G26310	111	91	103	78	57	69
AT5G26320	43	28	27	13	23	16
AT5G26330	25	25	22	32	23	31
AT5G26340	1353	1992	1284	723	1174	1166
AT5G26360	2309	2407	2105	2202	2053	2030
AT5G26570	4519	5376	4178	5020	4721	4096
AT5G26580	0	0	0	0	0	0
AT5G26594	0	0	0	0	0	0
AT5G26600	799	738	711	631	689	718
AT5G26610	461	472	409	425	385	417
AT5G26617	0	0	0	0	0	0
AT5G26620	5	4	3	4	6	5
AT5G26622	272	222	220	246	259	210
AT5G26630	2	1	3	1	6	3
AT5G26640	0	0	0	0	0	0
AT5G26650	0	0	0	0	0	0
AT5G26660	90	68	73	47	60	61
AT5G26667	984	960	956	870	892	872
AT5G26670	115	159	129	143	135	120
AT5G26673	0	0	0	0	0	0
AT5G26680	220	237	241	182	187	205
AT5G26690	36	35	33	13	14	28
AT5G26692	0	0	0	0	0	0
AT5G26700	5	7	5	3	5	7
AT5G26710	1100	1070	1028	971	992	915
AT5G26717	0	0	0	0	0	0
AT5G26720	51	44	36	31	30	31
AT5G26730	14	4	13	13	5	6
AT5G26731	38	25	27	24	31	18
AT5G26740	430	390	372	360	377	364
AT5G26742	6604	6643	5926	7541	6542	6085
AT5G26749	24	27	26	34	24	30
AT5G26751	1071	1250	1053	939	1002	963
AT5G26760	509	550	505	512	510	442
AT5G26770	151	235	145	132	150	182
AT5G26780	726	718	675	672	666	634
AT5G26790	7	10	8	9	9	6
AT5G26800	137	157	147	159	125	134
AT5G26805	0	0	0	0	0	0
AT5G26810	0	0	0	0	0	0
AT5G26820	731	748	660	782	616	642
AT5G26830	1152	1331	1250	1238	1237	1156
AT5G26840	0	0	0	0	0	0
AT5G26850	839	822	739	952	880	811
AT5G26860	582	585	600	544	587	510
AT5G26865	9	2	11	3	3	8
AT5G26880	1002	1025	902	852	884	821
AT5G26890	0	0	0	0	0	0
AT5G26900	1	0	0	0	0	0
AT5G26910	361	457	376	384	432	423
AT5G26920	321	798	342	222	323	420
AT5G26930	4	2	2	5	0	0
AT5G26940	231	218	174	198	176	202
AT5G26950	0	0	0	0	0	0
AT5G26955	0	0	0	0	0	0
AT5G26960	127	165	130	174	161	153
AT5G26970	0	0	0	0	2	0
AT5G26980	197	214	180	207	191	177
AT5G26990	185	180	160	161	155	140
AT5G27000	178	140	151	170	126	94
AT5G27010	0	0	1	0	0	1
AT5G27020	1	0	1	1	0	1
AT5G27030	420	476	399	407	404	357
AT5G27050	0	0	0	0	0	0
AT5G27060	31	24	19	4	6	21
AT5G27065	0	0	0	0	0	0
AT5G27070	0	0	0	0	0	0
AT5G27080	0	0	0	0	0	0
AT5G27090	0	0	0	0	0	0
AT5G27093	10	7	7	8	5	7
AT5G27100	91	94	85	86	75	83
AT5G27110	41	27	38	46	22	32
AT5G27120	861	849	896	861	840	834
AT5G27130	0	0	1	0	0	0
AT5G27140	0	0	0	0	0	0
AT5G27150	961	841	745	752	741	690
AT5G27170	0	0	0	0	0	0
AT5G27200	1	1	1	2	0	0
AT5G27210	60	42	38	49	35	28
AT5G27220	23	44	34	50	26	27
AT5G27230	25	35	25	38	25	35
AT5G27238	0	0	0	0	0	0
AT5G27240	192	215	172	201	164	179
AT5G27247	2	2	2	7	3	4
AT5G27260	0	1	0	0	1	0
AT5G27270	424	444	406	406	427	403
AT5G27280	311	430	319	405	384	354
AT5G27290	225	228	186	274	230	239
AT5G27300	128	141	115	165	132	132
AT5G27310	0	0	0	0	0	0
AT5G27320	372	320	303	318	343	273
AT5G27330	522	524	550	776	579	514
AT5G27340	0	0	0	0	0	0
AT5G27350	1678	1769	1428	978	1025	1226
AT5G27360	69	109	72	82	66	78
AT5G27370	0	0	0	0	0	0
AT5G27380	2443	2552	2354	2053	2462	2230
AT5G27390	269	235	221	301	251	240
AT5G27395	292	288	275	304	298	297
AT5G27400	18	26	17	22	21	27
AT5G27410	240	250	209	251	213	205
AT5G27420	627	1224	661	192	279	392
AT5G27430	378	459	373	383	366	328
AT5G27440	1	2	0	0	0	0
AT5G27450	332	306	307	326	261	231
AT5G27460	148	160	130	134	134	131
AT5G27470	1091	1221	1134	1145	1125	1000
AT5G27490	94	74	77	79	53	73
AT5G27493	0	0	0	0	0	0
AT5G27495	0	0	0	0	0	0
AT5G27510	0	0	0	0	0	0
AT5G27520	354	366	341	209	284	361
AT5G27530	0	0	0	0	0	0
AT5G27540	1003	933	904	902	869	787
AT5G27550	171	153	181	199	165	161
AT5G27560	544	621	513	551	532	475
AT5G27570	0	0	0	0	1	1
AT5G27580	0	0	0	0	0	1
AT5G27600	1056	1092	958	743	823	868
AT5G27606	0	0	0	0	0	0
AT5G27607	0	0	0	0	0	0
AT5G27610	119	125	116	97	111	111
AT5G27620	194	197	203	197	189	167
AT5G27630	52	49	38	42	40	52
AT5G27640	1634	1689	1585	1647	1494	1553
AT5G27650	458	455	373	375	413	367
AT5G27660	61	60	56	50	67	47
AT5G27670	443	456	375	400	347	356
AT5G27680	70	77	66	62	73	50
AT5G27690	105	110	92	115	87	109
AT5G27700	870	812	825	825	757	671
AT5G27710	241	218	206	206	225	214
AT5G27715	0	0	0	0	0	0
AT5G27720	758	712	655	605	616	590
AT5G27730	386	425	364	449	393	403
AT5G27740	399	393	347	368	326	392
AT5G27750	102	124	116	87	118	119
AT5G27760	301	342	259	191	228	247
AT5G27765	1	3	2	2	4	1
AT5G27770	1044	937	916	977	949	813
AT5G27780	0	0	0	0	0	0
AT5G27790	0	0	0	0	0	0
AT5G27800	0	0	0	0	0	0
AT5G27807	2	1	1	0	0	0
AT5G27810	2	2	1	6	2	0
AT5G27820	163	190	213	168	175	172
AT5G27830	238	333	267	200	242	249
AT5G27840	493	468	465	420	456	439
AT5G27850	2962	2711	2664	2780	2506	2256
AT5G27860	723	855	753	785	748	735
AT5G27870	0	0	0	0	0	0
AT5G27880	0	0	0	0	0	0
AT5G27889	3	4	8	10	5	11
AT5G27890	52	55	42	89	67	70
AT5G27893	2	4	3	6	4	1
AT5G27910	3	0	1	3	3	2
AT5G27920	323	335	358	293	333	295
AT5G27930	456	560	408	375	415	374
AT5G27940	3	2	2	0	0	0
AT5G27944	0	0	0	0	0	0
AT5G27945	0	0	0	0	0	0
AT5G27950	723	809	727	789	826	832
AT5G27960	0	0	0	0	0	0
AT5G27970	927	909	869	855	884	811
AT5G27980	3	1	2	0	0	0
AT5G27990	299	341	321	294	334	279
AT5G28000	0	1	0	1	1	2
AT5G28010	34	16	30	29	23	20
AT5G28020	489	467	475	439	434	424
AT5G28030	69	63	36	60	55	51
AT5G28040	312	293	296	264	255	276
AT5G28050	1636	1579	1566	1347	1469	1325
AT5G28060	2658	2594	2544	2553	2492	2253
AT5G28080	43	23	35	47	31	31
AT5G28090	0	0	0	0	0	0
AT5G28150	194	178	170	175	177	155
AT5G28160	0	0	0	0	0	0
AT5G28180	1	0	0	0	0	0
AT5G28190	0	0	0	0	0	1
AT5G28210	0	0	0	0	0	0
AT5G28220	235	217	210	213	207	222
AT5G28235	0	0	0	0	0	0
AT5G28237	15	13	7	0	3	28
AT5G28262	13	13	16	12	13	19
AT5G28288	0	0	0	0	0	0
AT5G28290	264	279	282	347	255	279
AT5G28295	0	0	0	0	0	0
AT5G28300	854	746	739	938	749	685
AT5G28310	3	3	4	0	2	3
AT5G28320	24	32	21	23	18	17
AT5G28340	1	5	3	1	4	5
AT5G28345	0	1	0	0	0	0
AT5G28350	373	443	362	376	357	329
AT5G28370	0	0	0	0	0	0
AT5G28380	1	1	0	0	0	0
AT5G28390	60	81	48	66	56	63
AT5G28400	32	25	28	17	29	26
AT5G28410	0	0	0	0	0	2
AT5G28420	5	4	2	3	1	1
AT5G28442	7	6	10	12	3	14
AT5G28450	0	0	0	0	1	0
AT5G28460	0	0	0	0	0	0
AT5G28462	0	0	0	0	0	0
AT5G28463	0	0	0	0	0	0
AT5G28470	0	2	2	2	2	0
AT5G28490	130	121	98	136	121	140
AT5G28491	0	0	0	0	0	0
AT5G28500	2075	2024	1843	2391	1999	1883
AT5G28510	45	35	41	62	44	78
AT5G28520	2	0	1	2	2	7
AT5G28530	140	151	118	142	124	128
AT5G28540	5026	5801	5034	4193	4317	4125
AT5G28550	0	0	0	0	0	0
AT5G28560	0	0	0	0	0	0
AT5G28590	0	0	0	0	0	0
AT5G28610	12	19	24	14	13	13
AT5G28615	0	0	0	0	0	0
AT5G28620	0	0	0	0	0	0
AT5G28630	73	122	121	96	97	138
AT5G28640	227	221	170	298	180	177
AT5G28646	11	4	7	11	10	13
AT5G28650	11	6	7	6	5	8
AT5G28660	0	0	0	0	0	0
AT5G28680	0	0	0	0	0	0
AT5G28690	0	0	0	0	0	0
AT5G28720	0	0	0	0	0	0
AT5G28730	0	0	0	0	0	0
AT5G28740	851	731	738	774	701	724
AT5G28750	653	730	580	606	542	489
AT5G28770	360	471	611	418	560	470
AT5G28780	0	0	0	0	0	0
AT5G28810	0	0	0	0	0	1
AT5G28820	0	0	0	0	0	0
AT5G28823	0	0	0	0	0	0
AT5G28824	0	0	0	0	0	0
AT5G28830	212	255	212	144	155	165
AT5G28840	3688	3338	3402	2492	2535	2274
AT5G28850	292	310	249	264	221	276
AT5G28885	0	0	0	0	0	0
AT5G28900	300	324	294	293	295	275
AT5G28910	47	51	39	25	31	42
AT5G28919	0	0	0	0	0	0
AT5G28920	0	0	2	0	1	0
AT5G28950	0	0	0	0	0	0
AT5G28960	7	0	10	2	5	1
AT5G29000	313	282	254	238	229	300
AT5G29050	0	0	0	0	0	0
AT5G29054	0	0	0	0	0	0
AT5G29070	0	0	0	0	0	0
AT5G29210	0	0	0	0	0	0
AT5G29560	0	0	0	1	0	0
AT5G29613	0	0	0	0	0	0
AT5G29624	0	0	0	0	0	0
AT5G30341	0	0	0	0	0	0
AT5G30360	1	0	0	0	0	0
AT5G30490	235	251	239	246	219	218
AT5G30495	172	157	151	192	170	175
AT5G30500	0	0	0	0	0	0
AT5G30510	3930	3811	3196	4303	3606	3416
AT5G30520	0	0	0	0	0	0
AT5G31412	0	0	0	0	0	0
AT5G32017	0	0	0	0	0	0
AT5G32440	804	775	718	750	705	759
AT5G32450	531	536	566	523	500	480
AT5G32460	0	1	0	1	1	2
AT5G32470	315	340	312	292	287	294
AT5G32590	0	0	0	0	0	0
AT5G32613	0	0	0	0	0	0
AT5G32619	0	0	0	0	0	0
AT5G32670	0	0	0	0	0	0
AT5G33210	0	0	0	0	0	0
AT5G33280	333	341	316	390	347	337
AT5G33290	584	582	503	336	431	488
AT5G33300	129	113	100	118	104	108
AT5G33320	1390	1257	1242	1338	1283	1152
AT5G33330	0	0	0	0	0	0
AT5G33340	1	0	0	0	0	1
AT5G33355	1	1	0	0	0	1
AT5G33370	73	100	88	68	81	102
AT5G33390	0	1	2	1	0	3
AT5G33393	0	0	0	0	0	0
AT5G33399	2	3	4	1	1	1
AT5G33406	0	0	0	0	0	0
AT5G33439	0	0	0	0	0	0
AT5G33806	0	0	0	0	0	0
AT5G33898	0	0	0	0	0	0
AT5G34581	0	0	0	0	0	0
AT5G34780	0	0	0	0	0	0
AT5G34828	0	0	0	0	0	0
AT5G34829	0	0	0	0	0	0
AT5G34830	2	0	0	3	1	2
AT5G34850	3389	3456	3092	2636	2665	2648
AT5G34869	0	0	0	0	0	0
AT5G34870	0	0	0	0	0	0
AT5G34871	10	7	5	15	7	13
AT5G34881	0	0	0	0	0	0
AT5G34882	0	0	0	0	0	0
AT5G34883	0	0	0	0	0	0
AT5G34885	0	0	0	0	0	0
AT5G34887	0	0	0	0	0	0
AT5G34905	0	0	0	0	0	0
AT5G34908	0	0	0	0	0	0
AT5G34930	257	291	230	207	223	205
AT5G34940	316	266	220	235	213	178
AT5G35050	5	6	4	0	2	2
AT5G35067	0	0	0	0	0	0
AT5G35069	0	0	0	0	0	0
AT5G35080	323	339	289	278	272	229
AT5G35090	0	0	0	0	0	0
AT5G35100	550	575	516	640	591	516
AT5G35110	16	11	12	14	17	12
AT5G35120	0	0	0	0	0	0
AT5G35160	789	762	757	685	653	589
AT5G35170	2785	3306	2609	3306	3115	2697
AT5G35180	1524	1565	1415	1411	1318	1307
AT5G35190	1636	788	1277	1030	606	552
AT5G35195	0	0	0	0	0	0
AT5G35200	1049	1113	1019	754	861	826
AT5G35210	2055	2107	1840	1864	1802	1738
AT5G35220	698	679	614	684	670	650
AT5G35230	0	0	0	0	0	0
AT5G35300	0	0	0	0	0	0
AT5G35320	238	218	224	196	163	161
AT5G35330	264	270	211	238	217	221
AT5G35338	0	0	0	0	0	0
AT5G35360	2944	3042	2666	3208	2934	2617
AT5G35370	305	315	293	234	296	221
AT5G35375	1	0	0	1	1	1
AT5G35380	0	0	1	4	2	1
AT5G35390	1	0	1	0	0	2
AT5G35400	82	86	73	74	61	86
AT5G35405	0	0	0	0	0	0
AT5G35407	1	8	2	3	2	2
AT5G35410	180	165	168	117	139	133
AT5G35430	639	631	510	473	461	505
AT5G35450	328	304	300	297	297	276
AT5G35460	676	813	596	488	531	465
AT5G35475	0	0	0	0	0	0
AT5G35480	83	166	119	20	59	53
AT5G35490	55	131	87	27	58	40
AT5G35510	0	1	0	0	2	1
AT5G35520	159	116	92	88	96	97
AT5G35525	5	12	7	18	6	7
AT5G35530	2445	2487	2436	2403	2308	2092
AT5G35540	0	0	0	0	0	0
AT5G35550	0	1	1	1	1	0
AT5G35560	694	753	627	613	597	575
AT5G35570	432	434	369	286	368	336
AT5G35580	161	126	94	73	61	67
AT5G35590	1057	1079	1015	1058	978	1014
AT5G35600	0	0	1	1	0	0
AT5G35603	0	0	0	0	0	0
AT5G35604	0	0	0	0	0	0
AT5G35605	0	0	0	0	0	0
AT5G35610	0	0	0	0	0	0
AT5G35620	756	732	715	660	670	605
AT5G35630	12726	13383	10975	13053	12442	10498
AT5G35640	0	0	1	0	0	0
AT5G35660	0	0	0	0	0	0
AT5G35670	162	202	173	179	183	154
AT5G35680	1101	966	969	862	859	910
AT5G35688	0	0	0	0	0	0
AT5G35690	812	877	773	663	674	712
AT5G35695	0	0	0	0	0	0
AT5G35698	0	0	0	0	0	0
AT5G35700	694	672	559	549	484	464
AT5G35715	0	0	0	0	0	0
AT5G35730	523	512	490	465	452	480
AT5G35732	64	68	69	57	84	73
AT5G35735	2080	3317	2265	1469	1805	2036
AT5G35737	0	0	0	0	0	0
AT5G35740	178	190	167	231	206	153
AT5G35750	397	329	337	456	404	404
AT5G35753	175	175	162	173	155	128
AT5G35760	7	12	9	6	3	5
AT5G35770	12	9	10	8	10	11
AT5G35790	1399	1596	1396	1673	1782	1639
AT5G35810	0	0	0	0	0	0
AT5G35830	0	0	0	0	0	0
AT5G35840	547	554	506	466	482	430
AT5G35870	4	9	2	7	3	2
AT5G35890	0	1	0	1	0	2
AT5G35900	0	0	0	1	1	1
AT5G35910	784	860	795	842	823	746
AT5G35913	0	0	0	0	0	0
AT5G35917	0	1	0	0	0	1
AT5G35920	2	0	0	0	0	0
AT5G35926	34	43	27	27	15	28
AT5G35927	0	0	0	0	0	0
AT5G35930	262	235	208	226	235	222
AT5G35940	656	553	478	111	113	151
AT5G35945	0	0	0	0	0	0
AT5G35950	0	0	0	0	0	2
AT5G35960	7	4	6	7	7	11
AT5G35970	1084	1106	914	627	563	527
AT5G35980	1878	1940	1699	1405	1508	1453
AT5G35995	136	130	115	115	117	120
AT5G36000	8	11	8	13	14	11
AT5G36001	0	0	0	0	0	0
AT5G36002	1	0	0	0	2	3
AT5G36080	0	0	0	0	0	0
AT5G36100	0	2	1	4	1	2
AT5G36110	32	20	25	33	25	20
AT5G36120	280	283	247	421	346	305
AT5G36130	4	7	4	4	1	1
AT5G36140	15	26	11	6	1	1
AT5G36150	8	2	5	8	11	9
AT5G36160	916	913	800	702	726	676
AT5G36170	1243	1231	1065	1258	1250	1182
AT5G36180	171	136	121	103	79	62
AT5G36190	0	0	0	0	0	0
AT5G36200	0	0	0	0	0	0
AT5G36210	949	1051	902	880	943	808
AT5G36220	857	712	542	201	233	483
AT5G36225	0	0	0	0	0	0
AT5G36228	0	0	0	0	0	0
AT5G36230	2155	2302	2011	2121	2120	1964
AT5G36240	0	1	0	0	0	0
AT5G36250	351	390	349	370	368	397
AT5G36260	30	24	28	30	31	19
AT5G36280	2	0	0	1	0	0
AT5G36290	727	874	761	783	781	754
AT5G36300	0	0	0	0	0	0
AT5G36310	0	0	0	0	0	0
AT5G36320	0	0	0	0	0	0
AT5G36330	0	0	0	0	0	0
AT5G36340	0	0	0	0	0	0
AT5G36350	0	0	0	0	0	0
AT5G36360	0	0	0	0	0	0
AT5G36370	0	0	0	0	0	0
AT5G36380	0	0	0	0	0	0
AT5G36390	0	0	0	0	0	0
AT5G36400	0	0	0	0	0	0
AT5G36410	0	0	0	0	0	0
AT5G36420	0	0	0	0	0	0
AT5G36430	0	0	0	0	0	0
AT5G36440	0	0	0	0	0	0
AT5G36450	0	0	0	0	0	0
AT5G36460	0	0	0	0	0	0
AT5G36470	0	0	0	0	0	0
AT5G36480	0	0	0	0	0	0
AT5G36490	0	0	0	0	0	0
AT5G36500	0	0	0	0	0	0
AT5G36520	0	0	0	0	0	0
AT5G36540	0	0	0	0	0	0
AT5G36550	0	0	0	0	0	0
AT5G36657	0	0	0	0	0	0
AT5G36658	0	0	0	0	0	0
AT5G36659	0	0	0	0	0	0
AT5G36661	0	0	0	0	0	0
AT5G36662	0	0	0	0	0	0
AT5G36670	0	1	0	0	0	0
AT5G36680	0	0	0	0	0	0
AT5G36690	0	0	0	0	0	0
AT5G36700	1	0	0	0	0	0
AT5G36710	0	0	0	0	0	0
AT5G36720	0	0	0	0	0	0
AT5G36722	0	0	0	0	0	0
AT5G36730	0	0	0	0	0	0
AT5G36738	0	0	0	0	0	0
AT5G36739	0	0	0	0	0	0
AT5G36740	0	0	0	0	2	1
AT5G36770	0	0	0	0	0	0
AT5G36780	0	0	0	0	0	0
AT5G36790	2	2	3	1	4	1
AT5G36800	0	0	0	0	0	0
AT5G36805	0	0	0	0	0	0
AT5G36810	0	0	0	0	0	0
AT5G36820	0	0	0	0	0	0
AT5G36870	5	11	6	13	11	7
AT5G36880	2668	2729	2426	2107	2241	2343
AT5G36890	295	300	286	325	267	271
AT5G36900	0	0	0	0	0	0
AT5G36907	31	42	56	39	52	52
AT5G36910	43	88	48	65	98	95
AT5G36920	2	5	12	13	9	12
AT5G36925	32	72	43	38	26	47
AT5G36930	456	510	392	284	373	351
AT5G36940	590	567	491	363	365	363
AT5G36950	219	238	180	208	197	191
AT5G36960	4	4	2	6	8	5
AT5G36970	10	4	5	1	3	3
AT5G36980	0	0	0	0	0	0
AT5G37000	64	70	64	63	63	70
AT5G37010	145	103	125	143	108	127
AT5G37020	699	643	563	674	548	525
AT5G37030	0	0	0	0	0	0
AT5G37040	0	0	0	0	0	0
AT5G37050	2	2	2	3	3	1
AT5G37055	86	77	66	61	53	58
AT5G37060	0	0	0	0	0	0
AT5G37070	249	277	264	155	210	187
AT5G37130	725	740	660	630	602	649
AT5G37140	0	0	0	0	0	0
AT5G37150	0	0	0	0	0	0
AT5G37160	0	0	0	0	1	0
AT5G37165	0	0	0	0	0	0
AT5G37170	0	0	0	0	0	0
AT5G37180	100	59	67	87	90	87
AT5G37190	322	332	353	315	342	297
AT5G37200	0	0	0	0	0	0
AT5G37210	14	10	7	8	9	8
AT5G37220	0	0	0	0	0	0
AT5G37230	0	0	0	1	0	0
AT5G37240	11	6	4	9	9	11
AT5G37247	2	2	1	3	4	1
AT5G37250	1	0	1	0	1	0
AT5G37260	1827	1006	1108	489	481	347
AT5G37270	0	0	0	0	0	0
AT5G37280	0	0	0	0	0	0
AT5G37290	89	97	92	66	61	61
AT5G37300	4	1	7	8	16	14
AT5G37310	589	600	561	511	471	511
AT5G37320	0	0	0	0	0	0
AT5G37340	97	125	90	110	123	100
AT5G37350	489	507	462	474	469	449
AT5G37360	1265	1555	1013	1185	1105	1047
AT5G37370	894	792	822	796	740	752
AT5G37380	327	326	283	295	281	277
AT5G37400	23	24	23	15	17	13
AT5G37410	9	29	18	15	22	19
AT5G37415	0	0	1	0	0	0
AT5G37420	2	2	1	0	0	0
AT5G37430	0	0	0	0	0	0
AT5G37440	41	49	32	2	1	6
AT5G37450	5	15	8	7	5	5
AT5G37460	1	2	0	0	0	0
AT5G37470	0	0	0	0	0	1
AT5G37473	0	0	0	0	0	0
AT5G37474	0	0	0	0	1	1
AT5G37475	447	519	465	451	426	385
AT5G37478	16	15	9	12	7	9
AT5G37480	223	235	189	189	212	212
AT5G37485	2	5	4	8	3	6
AT5G37490	4	11	8	9	17	11
AT5G37500	260	237	240	191	216	258
AT5G37510	2626	2606	2240	2097	2009	1956
AT5G37520	0	0	0	0	0	0
AT5G37530	93	92	106	97	116	109
AT5G37540	154	168	139	144	128	182
AT5G37550	40	31	36	26	26	24
AT5G37560	0	0	0	0	0	0
AT5G37570	46	64	49	44	49	34
AT5G37590	156	220	180	248	207	196
AT5G37600	4446	5760	5301	4161	5148	3809
AT5G37610	0	0	1	0	0	0
AT5G37620	1	0	1	3	1	0
AT5G37630	204	171	159	174	162	172
AT5G37640	0	0	0	0	0	0
AT5G37650	0	0	0	0	0	0
AT5G37660	65	88	57	73	61	65
AT5G37670	43	34	27	26	30	12
AT5G37680	126	110	94	107	103	85
AT5G37690	227	345	224	249	215	156
AT5G37710	181	186	184	146	151	182
AT5G37715	0	0	0	0	0	0
AT5G37720	549	604	537	466	519	485
AT5G37730	0	0	0	1	0	1
AT5G37740	904	984	899	700	803	787
AT5G37750	12	11	12	7	5	3
AT5G37760	0	0	0	0	0	0
AT5G37770	601	1058	731	590	580	950
AT5G37780	2290	2124	2031	1937	1750	1694
AT5G37790	261	241	197	206	203	170
AT5G37793	4	3	2	3	2	2
AT5G37795	0	0	0	0	0	0
AT5G37800	12	8	12	8	8	10
AT5G37810	0	0	0	0	0	0
AT5G37820	1	4	4	5	0	1
AT5G37830	1493	1554	1271	1257	1331	1308
AT5G37840	5	9	6	0	5	6
AT5G37850	785	781	687	658	629	625
AT5G37860	0	0	0	0	0	1
AT5G37870	0	0	0	0	0	0
AT5G37890	92	90	86	93	87	78
AT5G37900	1	0	0	0	0	0
AT5G37910	0	0	0	0	0	0
AT5G37920	0	0	0	0	0	0
AT5G37930	248	261	215	196	171	208
AT5G37940	0	1	0	2	2	0
AT5G37950	3	1	0	3	5	0
AT5G37960	0	0	0	0	0	0
AT5G37970	0	0	0	1	2	1
AT5G37980	8	13	9	9	5	10
AT5G37990	839	730	813	602	544	711
AT5G38000	57	52	35	32	42	51
AT5G38005	12	8	18	8	9	9
AT5G38010	80	65	69	54	38	37
AT5G38020	409	355	356	303	243	356
AT5G38030	348	380	322	230	220	256
AT5G38040	33	22	17	23	15	19
AT5G38050	56	58	52	70	61	42
AT5G38060	100	123	97	117	107	106
AT5G38070	17	19	12	9	11	9
AT5G38080	1	0	2	0	0	0
AT5G38090	0	0	0	0	0	0
AT5G38100	65	60	47	26	24	34
AT5G38110	100	90	97	101	82	85
AT5G38120	6	10	2	1	3	7
AT5G38130	0	0	0	0	0	0
AT5G38140	114	152	107	160	161	114
AT5G38150	485	489	457	637	566	478
AT5G38155	0	0	0	0	0	0
AT5G38160	0	0	0	0	0	0
AT5G38170	0	0	0	0	0	0
AT5G38180	0	0	0	0	0	0
AT5G38190	0	0	0	0	0	0
AT5G38195	0	0	0	0	0	0
AT5G38197	0	0	0	0	0	0
AT5G38200	278	316	323	325	329	309
AT5G38210	0	1	0	0	0	0
AT5G38212	38	69	31	26	35	34
AT5G38220	219	217	201	192	203	191
AT5G38240	35	51	22	10	7	11
AT5G38250	29	38	22	11	16	12
AT5G38260	0	0	1	0	0	0
AT5G38270	0	1	0	0	0	0
AT5G38280	114	119	124	118	112	120
AT5G38290	204	252	221	244	211	220
AT5G38300	63	44	49	67	46	56
AT5G38310	12	18	13	11	9	10
AT5G38317	0	0	0	0	0	0
AT5G38320	14	4	8	14	9	10
AT5G38330	0	0	0	0	0	0
AT5G38340	105	134	128	96	97	124
AT5G38344	26	17	25	17	11	24
AT5G38350	45	48	64	44	52	71
AT5G38360	175	190	184	201	178	163
AT5G38378	0	0	0	0	0	0
AT5G38380	246	278	236	225	236	226
AT5G38386	2	3	2	1	1	0
AT5G38390	0	0	0	0	0	0
AT5G38391	0	0	0	0	0	0
AT5G38392	0	0	0	0	0	0
AT5G38396	0	3	0	0	0	0
AT5G38397	0	0	0	0	0	0
AT5G38400	0	0	0	0	0	0
AT5G38410	25787	24496	19947	26658	23359	21233
AT5G38420	17648	14609	12897	20096	15542	13317
AT5G38430	4227	3934	2699	4318	3263	2759
AT5G38435	0	0	0	0	0	0
AT5G38440	0	0	0	0	0	0
AT5G38450	6	7	5	3	4	9
AT5G38460	171	165	177	192	174	167
AT5G38470	1758	1778	1657	1519	1525	1467
AT5G38480	1761	1868	1920	1738	1619	1643
AT5G38490	0	0	0	0	0	0
AT5G38500	0	0	0	0	0	0
AT5G38510	683	644	597	680	623	564
AT5G38520	770	695	569	717	684	560
AT5G38530	853	835	693	844	862	861
AT5G38540	48	27	33	15	16	12
AT5G38550	167	126	151	80	95	83
AT5G38560	581	554	518	508	465	499
AT5G38565	29	24	13	13	15	14
AT5G38570	0	0	0	0	0	0
AT5G38580	0	0	0	0	0	0
AT5G38590	68	71	49	65	54	65
AT5G38600	303	305	302	286	279	270
AT5G38610	74	68	72	73	61	75
AT5G38620	0	0	0	0	0	0
AT5G38630	232	251	266	224	196	180
AT5G38640	372	329	349	318	353	345
AT5G38650	0	0	0	0	0	0
AT5G38660	1170	1291	989	1150	1055	1066
AT5G38670	0	0	0	0	0	0
AT5G38680	0	0	0	0	0	0
AT5G38690	249	229	254	251	235	210
AT5G38700	63	29	49	51	32	31
AT5G38710	310	297	251	106	178	229
AT5G38720	318	359	341	354	314	311
AT5G38730	46	44	32	34	27	33
AT5G38740	0	0	0	0	0	0
AT5G38743	4	3	0	5	3	3
AT5G38747	12	18	11	17	12	17
AT5G38750	1	2	7	2	4	3
AT5G38760	0	0	0	0	0	0
AT5G38770	3	8	4	2	2	5
AT5G38780	72	79	62	35	50	53
AT5G38790	24	18	10	10	9	6
AT5G38800	3	2	1	5	3	2
AT5G38810	0	0	0	0	0	0
AT5G38820	7	1	8	6	3	1
AT5G38830	792	715	625	602	580	624
AT5G38840	552	547	544	481	468	527
AT5G38850	160	204	197	117	176	166
AT5G38860	113	139	108	117	123	131
AT5G38865	86	80	97	185	134	101
AT5G38880	591	616	604	561	533	573
AT5G38890	93	88	89	104	106	102
AT5G38895	172	196	170	152	146	163
AT5G38900	186	259	133	97	178	149
AT5G38905	0	0	0	0	0	0
AT5G38910	22	35	24	1	12	20
AT5G38920	0	0	0	0	0	0
AT5G38930	51	42	46	54	34	29
AT5G38940	486	470	397	364	320	285
AT5G38950	0	0	0	0	0	0
AT5G38960	0	0	0	0	0	0
AT5G38970	21	11	16	5	7	1
AT5G38980	1329	1307	1032	874	887	917
AT5G38990	790	924	713	451	556	522
AT5G39000	9	8	11	5	6	8
AT5G39010	0	0	1	0	0	0
AT5G39020	168	335	222	97	134	160
AT5G39024	0	0	0	0	0	0
AT5G39030	250	427	257	82	175	140
AT5G39040	539	675	552	496	514	487
AT5G39050	857	1053	722	499	646	758
AT5G39080	407	357	332	407	377	331
AT5G39090	45	42	48	11	27	21
AT5G39100	3	5	3	4	4	4
AT5G39110	12	21	19	6	13	12
AT5G39120	7	7	11	0	7	7
AT5G39130	2	10	4	1	1	5
AT5G39140	0	0	0	0	0	0
AT5G39150	0	0	0	0	0	0
AT5G39160	0	0	0	1	2	1
AT5G39170	0	0	0	0	0	0
AT5G39180	0	0	0	1	0	0
AT5G39190	4	3	1	0	0	2
AT5G39200	0	0	0	0	0	0
AT5G39210	214	204	164	333	245	216
AT5G39220	5	4	10	14	18	12
AT5G39230	0	2	1	0	0	0
AT5G39240	41	32	34	32	17	31
AT5G39250	57	80	64	67	58	54
AT5G39260	0	1	1	1	1	1
AT5G39270	0	0	0	0	0	0
AT5G39280	0	0	0	0	0	0
AT5G39290	0	0	0	0	0	0
AT5G39300	0	0	0	0	0	0
AT5G39310	0	0	0	0	0	0
AT5G39320	990	795	836	833	714	649
AT5G39330	7	6	9	6	6	4
AT5G39340	319	308	280	263	264	202
AT5G39350	56	67	84	58	81	72
AT5G39360	215	201	170	180	189	195
AT5G39365	0	0	0	0	0	0
AT5G39370	0	0	0	0	0	0
AT5G39380	122	124	100	118	101	107
AT5G39390	0	1	0	0	0	2
AT5G39400	0	0	1	0	1	1
AT5G39410	541	674	554	579	522	482
AT5G39420	15	14	9	3	8	9
AT5G39430	0	0	0	0	0	0
AT5G39440	0	0	0	0	0	0
AT5G39450	109	113	103	72	73	73
AT5G39460	0	1	0	0	0	0
AT5G39470	0	0	0	0	0	0
AT5G39471	13	12	9	9	10	12
AT5G39480	2	0	1	0	0	0
AT5G39490	7	2	0	1	0	2
AT5G39493	0	1	0	0	0	0
AT5G39500	626	639	556	579	509	541
AT5G39510	1153	1081	1052	1043	1059	1039
AT5G39520	215	302	140	14	39	57
AT5G39530	349	417	344	433	397	400
AT5G39535	0	0	0	0	0	0
AT5G39540	0	0	0	0	0	0
AT5G39550	150	148	148	159	138	117
AT5G39560	0	0	0	0	0	0
AT5G39570	7320	7194	6670	6701	6484	6331
AT5G39580	510	318	398	289	512	697
AT5G39590	1630	1859	1591	1733	1897	1766
AT5G39600	223	176	177	181	184	179
AT5G39610	646	494	603	306	359	429
AT5G39620	0	0	0	0	0	0
AT5G39630	0	0	1	0	1	2
AT5G39635	0	0	0	0	1	0
AT5G39640	0	0	0	0	0	0
AT5G39645	0	0	0	0	0	0
AT5G39650	0	0	0	0	0	0
AT5G39660	331	267	208	81	89	99
AT5G39670	77	93	71	19	46	60
AT5G39680	25	17	18	19	31	18
AT5G39690	0	0	0	0	0	0
AT5G39693	0	0	0	0	0	0
AT5G39700	0	0	0	0	0	0
AT5G39710	129	145	119	97	95	131
AT5G39715	4	7	0	0	0	0
AT5G39720	100	90	72	8	8	19
AT5G39730	694	788	685	458	499	551
AT5G39740	4517	4357	4500	4823	4522	4112
AT5G39750	0	0	0	0	0	0
AT5G39760	307	313	270	245	256	227
AT5G39770	1	2	0	0	0	1
AT5G39775	0	0	0	0	0	0
AT5G39785	145	228	166	87	119	142
AT5G39790	171	174	139	143	121	164
AT5G39800	110	127	103	111	126	115
AT5G39810	2	0	0	0	0	0
AT5G39820	3	10	11	10	7	10
AT5G39830	666	634	526	726	587	568
AT5G39840	144	156	152	170	193	166
AT5G39850	165	143	142	10	4	7
AT5G39860	10	7	4	11	2	3
AT5G39865	17	11	13	6	5	3
AT5G39870	0	1	0	0	0	0
AT5G39880	0	0	0	0	0	0
AT5G39890	202	429	269	159	236	216
AT5G39895	0	0	0	0	0	0
AT5G39900	91	115	74	94	93	93
AT5G39910	0	0	0	0	0	0
AT5G39920	0	0	1	1	1	0
AT5G39930	2	1	1	1	0	0
AT5G39940	276	287	240	303	283	251
AT5G39950	1193	1159	1022	853	859	920
AT5G39960	134	133	111	135	135	100
AT5G39970	235	197	203	221	209	197
AT5G39980	86	107	98	124	96	86
AT5G39990	368	341	348	338	300	277
AT5G40000	7	4	18	15	24	19
AT5G40010	130	107	140	92	211	172
AT5G40020	61	69	84	60	65	59
AT5G40030	43	44	30	41	38	46
AT5G40040	1	1	1	0	0	3
AT5G40050	0	1	0	1	0	0
AT5G40060	240	256	177	149	168	155
AT5G40070	0	0	0	0	0	0
AT5G40080	105	123	111	115	112	109
AT5G40090	34	24	35	38	23	24
AT5G40100	102	71	76	110	92	93
AT5G40120	0	0	0	0	0	0
AT5G40140	102	98	108	107	106	100
AT5G40150	60	61	73	87	77	62
AT5G40153	0	0	0	0	0	0
AT5G40155	0	0	0	0	0	0
AT5G40160	388	397	398	412	375	358
AT5G40170	872	1185	840	739	941	848
AT5G40180	13	17	14	15	14	11
AT5G40190	277	336	282	287	239	282
AT5G40200	552	501	538	564	547	490
AT5G40210	26	25	12	15	10	16
AT5G40220	0	0	0	0	0	0
AT5G40230	70	84	88	34	71	48
AT5G40240	542	528	524	375	459	502
AT5G40250	304	306	266	287	278	323
AT5G40260	0	0	0	0	0	0
AT5G40270	153	133	135	120	125	111
AT5G40275	0	0	0	0	0	0
AT5G40280	282	240	224	213	202	195
AT5G40290	0	0	0	0	0	0
AT5G40300	275	287	281	201	222	229
AT5G40310	43	36	31	2	4	5
AT5G40315	0	0	0	0	0	0
AT5G40316	1	2	4	1	3	0
AT5G40320	6	9	6	7	4	5
AT5G40330	33	37	43	46	44	40
AT5G40340	797	946	900	720	783	913
AT5G40348	0	0	1	0	0	0
AT5G40350	0	0	0	0	0	0
AT5G40360	0	0	0	0	0	0
AT5G40370	2169	2441	1829	1293	1464	1562
AT5G40380	75	106	88	86	86	94
AT5G40382	4	7	1	1	1	2
AT5G40384	0	0	0	0	0	0
AT5G40390	591	448	416	417	338	322
AT5G40395	0	0	0	0	0	0
AT5G40400	44	37	40	48	31	40
AT5G40405	36	36	41	41	39	52
AT5G40410	8	14	15	9	9	7
AT5G40420	0	0	0	0	0	0
AT5G40430	0	0	0	0	0	0
AT5G40440	185	191	147	207	162	126
AT5G40450	5604	5250	6332	4697	6469	5220
AT5G40460	19	20	20	15	13	23
AT5G40470	138	150	135	110	127	111
AT5G40480	884	933	826	810	875	821
AT5G40490	430	410	420	355	406	361
AT5G40500	195	226	178	217	198	188
AT5G40510	419	368	385	279	287	225
AT5G40520	197	170	168	145	150	165
AT5G40530	170	164	167	164	137	138
AT5G40540	119	139	156	143	140	127
AT5G40545	0	0	0	0	0	0
AT5G40550	118	113	111	115	80	99
AT5G40560	0	0	0	0	0	0
AT5G40570	39	45	39	37	29	28
AT5G40580	622	692	639	644	664	632
AT5G40590	102	102	141	148	218	179
AT5G40595	0	0	0	0	0	0
AT5G40600	78	94	80	85	60	81
AT5G40610	277	306	286	294	258	273
AT5G40620	0	2	0	1	2	0
AT5G40630	13	14	6	28	10	14
AT5G40640	161	156	107	183	128	115
AT5G40645	1	4	2	0	0	0
AT5G40650	282	285	219	248	215	228
AT5G40660	239	269	217	237	234	227
AT5G40670	593	645	538	496	512	518
AT5G40680	2	2	4	0	0	0
AT5G40690	1201	1106	967	434	455	512
AT5G40700	76	63	62	51	43	39
AT5G40710	103	113	107	119	100	92
AT5G40720	158	170	173	116	123	172
AT5G40730	674	477	531	455	317	261
AT5G40740	300	381	372	336	314	297
AT5G40750	0	0	0	0	0	0
AT5G40760	1068	1090	936	877	963	934
AT5G40770	859	999	916	878	947	763
AT5G40780	424	493	460	353	589	480
AT5G40790	0	0	0	0	0	0
AT5G40800	14	14	10	10	6	7
AT5G40810	1313	1335	1172	1170	1162	1025
AT5G40820	101	87	84	81	84	72
AT5G40830	198	259	194	230	208	169
AT5G40840	103	96	93	115	77	84
AT5G40850	1670	1974	1937	2009	2094	1807
AT5G40855	0	0	0	0	0	0
AT5G40860	72	27	37	20	24	20
AT5G40870	393	459	392	406	425	373
AT5G40880	115	127	96	88	95	98
AT5G40890	1721	1284	1376	1134	1111	1283
AT5G40900	3	2	2	0	0	3
AT5G40910	1180	1426	1198	1109	1065	1328
AT5G40930	403	444	373	340	339	312
AT5G40940	0	0	1	0	0	0
AT5G40945	0	0	0	0	0	0
AT5G40950	3591	3700	3016	3698	3397	3183
AT5G40960	21	22	8	14	10	12
AT5G40970	86	82	42	74	58	72
AT5G40980	0	0	0	0	0	0
AT5G40981	0	0	0	1	0	0
AT5G40990	47	59	17	18	34	31
AT5G41000	91	111	104	107	106	93
AT5G41010	167	139	116	136	116	127
AT5G41020	351	382	333	302	329	311
AT5G41025	0	0	0	0	0	0
AT5G41030	0	4	0	0	0	1
AT5G41040	628	610	626	532	579	440
AT5G41050	175	217	187	113	119	100
AT5G41060	141	167	148	145	137	120
AT5G41070	153	143	126	171	162	127
AT5G41071	0	0	0	1	0	0
AT5G41080	905	886	893	472	589	679
AT5G41090	0	2	0	0	0	0
AT5G41100	233	399	312	229	296	337
AT5G41109	0	0	0	0	0	0
AT5G41110	171	192	163	167	187	170
AT5G41120	150	158	117	122	106	141
AT5G41130	123	116	107	117	119	101
AT5G41140	810	852	750	841	783	691
AT5G41150	314	289	298	273	268	269
AT5G41160	16	17	11	9	14	7
AT5G41170	32	27	34	28	28	25
AT5G41180	258	340	272	249	248	239
AT5G41190	635	662	668	584	611	598
AT5G41200	0	0	0	0	0	0
AT5G41210	912	902	825	856	785	883
AT5G41220	198	215	186	189	188	155
AT5G41240	196	187	166	201	167	180
AT5G41250	0	0	0	0	0	0
AT5G41260	779	845	754	731	737	761
AT5G41265	0	0	0	0	0	0
AT5G41270	66	64	82	61	69	60
AT5G41280	4	9	8	1	2	5
AT5G41290	11	11	12	5	5	8
AT5G41300	4	7	5	3	4	5
AT5G41310	1	0	0	2	1	3
AT5G41315	49	35	45	38	29	23
AT5G41320	2	1	1	1	2	0
AT5G41330	173	157	171	149	147	158
AT5G41340	348	392	345	389	393	348
AT5G41350	271	292	249	233	216	219
AT5G41360	298	281	294	235	262	229
AT5G41370	826	884	768	766	707	749
AT5G41380	6	6	6	5	5	4
AT5G41390	1	0	1	0	0	1
AT5G41400	119	111	88	94	87	85
AT5G41401	0	0	0	0	0	0
AT5G41410	487	620	501	526	589	531
AT5G41420	0	0	0	0	0	0
AT5G41430	0	1	0	0	0	0
AT5G41440	0	0	0	0	0	0
AT5G41450	0	0	0	0	0	0
AT5G41460	137	169	102	163	131	122
AT5G41470	13	15	14	14	15	10
AT5G41471	0	0	0	1	0	0
AT5G41480	160	196	163	155	182	130
AT5G41490	0	0	0	0	0	0
AT5G41500	0	0	0	0	0	0
AT5G41510	0	0	0	0	0	0
AT5G41520	1819	1634	1661	1608	1642	1407
AT5G41530	0	0	0	0	0	0
AT5G41540	6	2	1	1	0	2
AT5G41550	23	24	23	15	33	17
AT5G41560	211	254	225	212	209	215
AT5G41570	17	42	30	34	17	27
AT5G41580	234	236	234	212	184	186
AT5G41590	15	25	28	14	16	13
AT5G41600	498	568	473	455	478	440
AT5G41605	0	0	0	0	0	0
AT5G41610	3	9	3	9	12	5
AT5G41612	0	0	0	0	0	0
AT5G41620	107	108	103	59	55	51
AT5G41630	0	0	0	0	0	0
AT5G41640	0	0	0	0	0	0
AT5G41650	26	13	23	15	24	12
AT5G41660	0	0	0	0	0	0
AT5G41663	3	1	2	2	1	2
AT5G41670	1348	1442	1506	1482	1516	1242
AT5G41675	0	0	0	0	0	0
AT5G41680	21	17	13	9	23	17
AT5G41685	285	273	249	260	259	226
AT5G41690	62	63	58	60	48	43
AT5G41700	5471	5880	5156	4241	4158	3847
AT5G41720	0	0	0	0	0	0
AT5G41730	31	16	26	17	7	9
AT5G41740	500	1805	813	168	459	704
AT5G41750	367	1505	476	85	226	426
AT5G41760	235	213	199	219	214	206
AT5G41761	77	45	57	81	79	70
AT5G41763	13	18	11	12	19	9
AT5G41765	14	21	20	12	12	18
AT5G41770	867	924	920	895	863	829
AT5G41780	3	3	0	0	0	0
AT5G41790	3278	3508	3277	2281	2722	2610
AT5G41800	158	138	140	101	113	98
AT5G41810	275	288	267	218	203	213
AT5G41820	4	3	7	3	1	1
AT5G41830	4	4	3	1	2	2
AT5G41840	0	0	0	0	0	0
AT5G41850	44	37	37	48	35	30
AT5G41860	6	3	8	3	5	4
AT5G41870	182	180	166	176	157	138
AT5G41880	107	106	90	97	90	82
AT5G41890	0	1	0	0	0	0
AT5G41900	23	36	31	23	38	25
AT5G41905	1	1	1	1	0	1
AT5G41908	0	0	0	0	1	0
AT5G41910	79	85	73	79	108	81
AT5G41920	223	286	247	294	275	235
AT5G41940	628	663	579	563	560	470
AT5G41950	862	840	814	736	726	719
AT5G41960	214	233	199	180	169	189
AT5G41970	467	434	440	460	442	396
AT5G41980	26	30	28	30	40	37
AT5G41990	1187	1159	1106	1040	1136	1087
AT5G42000	301	333	298	264	289	286
AT5G42010	138	140	127	68	90	84
AT5G42020	4090	4874	3905	3537	3307	3139
AT5G42030	897	1081	870	1113	1139	969
AT5G42040	6	7	13	14	6	10
AT5G42050	5949	8769	5552	3372	4501	5269
AT5G42053	0	0	0	0	0	0
AT5G42060	140	117	110	116	104	127
AT5G42070	197	217	166	185	167	149
AT5G42080	2635	2728	2543	2566	2523	2350
AT5G42090	9	7	6	10	6	8
AT5G42092	0	0	0	0	0	0
AT5G42100	901	975	913	757	747	710
AT5G42110	118	96	121	97	104	110
AT5G42120	3	2	3	1	0	2
AT5G42130	472	416	381	460	392	361
AT5G42140	267	284	237	215	210	231
AT5G42146	59	77	46	54	44	70
AT5G42150	273	318	279	278	265	250
AT5G42170	0	0	0	0	0	0
AT5G42180	342	211	236	201	174	132
AT5G42190	906	915	816	867	893	846
AT5G42200	28	63	59	45	64	63
AT5G42210	67	59	47	47	42	46
AT5G42220	1225	1323	1149	1066	1042	1012
AT5G42223	0	1	0	0	0	2
AT5G42230	1	7	1	6	6	3
AT5G42232	0	0	0	0	0	0
AT5G42235	1	1	1	1	0	2
AT5G42240	369	382	327	419	364	346
AT5G42242	0	0	0	0	0	0
AT5G42250	675	635	548	347	306	340
AT5G42260	0	0	0	0	0	0
AT5G42270	5833	6000	4895	5629	5383	4877
AT5G42280	49	54	42	76	66	75
AT5G42290	0	0	0	0	0	0
AT5G42300	2299	2592	2215	1797	1812	1962
AT5G42310	616	576	478	648	528	482
AT5G42320	445	416	411	380	399	372
AT5G42325	0	1	2	0	0	3
AT5G42330	80	60	69	67	70	50
AT5G42340	0	0	0	0	1	0
AT5G42350	91	70	74	64	75	66
AT5G42360	126	134	112	126	110	113
AT5G42370	67	71	58	67	60	84
AT5G42380	91	181	94	28	45	61
AT5G42390	3282	3405	2885	2750	2907	2708
AT5G42400	500	521	399	449	442	409
AT5G42410	0	0	0	0	0	1
AT5G42420	549	498	461	502	431	432
AT5G42430	0	0	0	0	0	0
AT5G42440	142	238	171	130	151	162
AT5G42450	20	20	21	31	20	31
AT5G42460	71	81	64	49	58	65
AT5G42470	254	264	221	222	200	196
AT5G42480	433	529	422	512	493	441
AT5G42490	3	3	3	6	4	6
AT5G42500	79	62	60	53	33	27
AT5G42504	0	0	0	0	0	0
AT5G42510	219	84	100	74	38	24
AT5G42520	719	767	648	677	730	659
AT5G42530	16389	12890	12476	2726	4971	5018
AT5G42540	1302	1464	1328	1046	1139	1101
AT5G42560	532	472	450	476	428	448
AT5G42567	0	0	0	0	0	0
AT5G42570	668	677	606	474	517	463
AT5G42580	159	75	126	66	19	55
AT5G42590	228	106	206	129	60	125
AT5G42600	14	1	56	28	2	12
AT5G42610	0	0	0	2	0	0
AT5G42620	755	780	705	736	747	653
AT5G42630	88	123	70	71	63	67
AT5G42635	0	0	0	0	0	0
AT5G42640	0	0	0	0	0	0
AT5G42650	2078	2798	1857	1015	1324	2247
AT5G42655	25	18	22	16	17	14
AT5G42660	297	279	227	271	247	227
AT5G42670	135	134	119	117	129	117
AT5G42680	189	170	177	164	136	126
AT5G42690	80	63	69	41	49	50
AT5G42700	32	32	48	37	25	36
AT5G42710	26	28	23	18	14	14
AT5G42720	267	264	226	253	206	188
AT5G42740	1247	1293	1087	1037	1045	936
AT5G42750	232	210	242	215	195	160
AT5G42760	62	44	20	21	21	18
AT5G42765	227	201	166	199	170	176
AT5G42770	155	168	135	156	150	135
AT5G42780	59	73	47	62	59	67
AT5G42785	39	26	23	23	13	9
AT5G42790	1205	1173	1095	1014	1021	979
AT5G42797	0	0	0	0	0	0
AT5G42800	79	97	33	99	48	199
AT5G42810	293	341	314	246	250	212
AT5G42820	134	141	152	127	143	120
AT5G42825	0	0	0	0	0	0
AT5G42830	303	516	453	179	404	372
AT5G42840	28	26	25	19	24	30
AT5G42850	634	646	597	493	535	532
AT5G42860	271	254	226	198	167	203
AT5G42870	1001	1031	962	721	792	825
AT5G42880	237	216	192	208	153	153
AT5G42890	874	829	753	670	705	688
AT5G42895	0	0	0	0	0	0
AT5G42900	529	665	585	422	409	454
AT5G42905	0	0	0	0	0	0
AT5G42910	0	0	0	0	0	0
AT5G42920	491	537	418	529	529	498
AT5G42930	33	17	17	10	11	24
AT5G42940	644	728	640	539	525	582
AT5G42950	1689	1900	1705	1582	1626	1615
AT5G42955	0	0	0	0	0	0
AT5G42957	0	0	0	0	0	0
AT5G42960	253	254	225	202	192	183
AT5G42965	0	3	1	2	1	3
AT5G42970	450	474	418	413	408	397
AT5G42980	9144	10231	8718	7583	7602	7901
AT5G42990	399	408	361	302	287	324
AT5G43000	0	1	0	0	0	1
AT5G43010	722	738	660	686	661	652
AT5G43020	223	245	203	246	205	239
AT5G43030	27	24	10	19	15	7
AT5G43040	51	36	30	30	30	16
AT5G43050	138	162	110	147	136	142
AT5G43060	1890	1504	1578	1601	1468	1441
AT5G43064	0	0	1	1	1	1
AT5G43066	0	0	0	0	0	0
AT5G43068	0	0	0	0	1	0
AT5G43070	136	123	126	123	131	112
AT5G43080	42	32	42	41	55	44
AT5G43090	0	1	0	0	0	1
AT5G43100	831	961	846	725	812	709
AT5G43110	0	0	0	0	0	0
AT5G43120	8	4	4	8	3	13
AT5G43130	811	804	747	714	729	692
AT5G43140	100	103	71	76	64	84
AT5G43150	897	1187	696	208	240	318
AT5G43155	57	53	61	44	56	41
AT5G43160	58	81	46	61	82	57
AT5G43170	52	59	59	46	34	51
AT5G43175	15	4	3	8	8	4
AT5G43180	93	95	79	87	70	113
AT5G43185	0	0	0	0	0	0
AT5G43190	236	343	324	208	266	249
AT5G43200	1	1	1	0	0	0
AT5G43210	70	57	56	47	62	42
AT5G43211	0	0	0	0	0	0
AT5G43230	70	40	47	24	25	15
AT5G43240	3	4	5	6	8	3
AT5G43250	21	32	22	23	16	20
AT5G43260	225	217	177	130	118	154
AT5G43270	308	286	292	219	248	225
AT5G43280	348	411	400	374	390	358
AT5G43285	0	0	0	0	0	0
AT5G43290	5	35	59	47	67	36
AT5G43300	81	122	77	34	23	53
AT5G43310	590	652	628	617	643	599
AT5G43320	1545	1634	1500	1320	1443	1420
AT5G43330	627	703	625	534	590	588
AT5G43340	1	1	0	0	0	0
AT5G43350	1156	1099	1088	497	620	730
AT5G43360	1	0	0	0	0	0
AT5G43370	156	100	107	18	15	19
AT5G43380	91	83	66	41	47	60
AT5G43390	0	0	0	0	0	0
AT5G43400	291	254	255	210	166	190
AT5G43401	0	0	0	0	0	0
AT5G43403	83	81	73	86	81	79
AT5G43410	0	0	0	0	1	0
AT5G43420	135	213	160	106	123	133
AT5G43430	224	240	214	177	182	200
AT5G43440	449	628	489	514	524	496
AT5G43450	1120	1707	1034	548	710	890
AT5G43455	0	0	0	0	0	0
AT5G43460	929	891	814	909	838	723
AT5G43470	1656	1936	1630	1268	1498	1397
AT5G43480	0	1	0	0	0	1
AT5G43490	0	0	0	1	0	0
AT5G43500	272	286	230	309	225	226
AT5G43510	0	0	0	0	0	0
AT5G43513	0	0	0	0	0	0
AT5G43518	0	0	0	0	0	0
AT5G43520	40	53	54	37	48	42
AT5G43525	0	0	0	0	0	0
AT5G43530	13	14	13	7	12	18
AT5G43535	0	0	0	0	0	0
AT5G43540	21	15	18	20	13	7
AT5G43550	0	0	0	0	0	0
AT5G43560	1141	1109	1020	975	928	936
AT5G43570	23	19	18	10	11	21
AT5G43580	772	508	442	179	271	399
AT5G43590	57	17	15	6	14	8
AT5G43600	413	405	414	437	418	402
AT5G43603	1	0	0	1	1	0
AT5G43610	0	2	0	0	0	0
AT5G43620	60	76	56	33	32	59
AT5G43630	932	706	673	540	467	403
AT5G43640	0	0	0	0	0	0
AT5G43650	24	19	12	2	4	12
AT5G43660	23	20	14	17	19	16
AT5G43670	250	245	223	218	248	212
AT5G43680	150	158	146	105	135	133
AT5G43690	49	55	60	42	42	49
AT5G43695	0	0	0	0	0	0
AT5G43700	921	875	857	1056	1005	870
AT5G43710	333	364	291	268	300	280
AT5G43720	306	354	343	284	276	276
AT5G43725	21	14	20	18	22	13
AT5G43730	95	105	132	107	110	127
AT5G43740	235	239	196	162	202	153
AT5G43745	467	425	352	353	374	357
AT5G43750	787	946	624	837	785	710
AT5G43755	0	0	1	0	0	1
AT5G43760	1267	1495	1381	1257	1322	1351
AT5G43770	1	0	1	1	0	1
AT5G43780	2132	1769	1737	1071	1237	1250
AT5G43790	66	75	73	63	54	77
AT5G43810	781	860	668	891	874	809
AT5G43820	58	48	39	45	50	49
AT5G43822	86	99	82	77	80	69
AT5G43830	1626	1611	1529	1693	1649	1500
AT5G43840	0	2	0	0	0	1
AT5G43850	616	598	525	392	450	399
AT5G43860	23	25	22	11	16	14
AT5G43870	175	203	134	154	153	163
AT5G43880	538	618	566	569	613	566
AT5G43890	12	16	18	23	16	30
AT5G43900	1897	1973	1629	1341	1490	1491
AT5G43910	140	176	173	132	144	132
AT5G43920	272	295	290	254	275	278
AT5G43930	390	483	406	393	404	372
AT5G43935	0	2	1	0	0	0
AT5G43940	3299	3520	2962	2807	2912	2717
AT5G43950	63	81	53	66	65	46
AT5G43960	914	889	895	888	893	820
AT5G43970	290	301	296	320	254	255
AT5G43980	18	18	10	15	14	25
AT5G43990	132	128	113	139	123	145
AT5G44000	278	304	263	265	241	255
AT5G44005	106	150	70	100	95	112
AT5G44010	40	38	42	41	43	31
AT5G44020	3445	2932	3756	2995	3220	3148
AT5G44030	284	311	250	277	260	217
AT5G44040	133	142	140	174	150	123
AT5G44050	40	51	45	28	33	48
AT5G44060	153	167	140	140	137	186
AT5G44063	11	13	10	7	11	12
AT5G44065	1	0	1	0	0	2
AT5G44070	1161	1965	1506	1102	1386	1362
AT5G44080	273	261	243	255	264	221
AT5G44090	909	1037	777	757	766	759
AT5G44100	1123	1136	1002	932	1003	1029
AT5G44110	414	269	261	310	258	208
AT5G44120	0	0	0	0	1	1
AT5G44130	815	670	977	531	684	613
AT5G44140	2	0	0	0	1	1
AT5G44150	144	124	136	111	108	106
AT5G44160	90	102	108	83	82	90
AT5G44170	114	81	106	99	109	99
AT5G44180	1292	1340	1082	1088	1157	1073
AT5G44190	1197	1161	1037	721	704	603
AT5G44200	472	468	386	484	415	405
AT5G44210	43	67	62	39	43	32
AT5G44220	0	0	0	0	0	0
AT5G44230	69	87	78	60	57	75
AT5G44240	1617	1635	1207	926	996	1087
AT5G44250	317	365	366	444	373	433
AT5G44260	380	488	517	583	447	520
AT5G44265	0	0	0	0	0	0
AT5G44270	0	0	0	1	3	0
AT5G44280	139	121	150	138	137	127
AT5G44283	0	0	0	0	0	0
AT5G44286	0	0	0	1	0	0
AT5G44290	1471	1687	1550	1108	1263	1276
AT5G44300	0	0	0	0	0	0
AT5G44306	1	1	1	1	0	0
AT5G44310	0	0	0	0	0	0
AT5G44316	0	0	1	1	0	0
AT5G44320	694	742	681	746	653	686
AT5G44330	0	0	0	1	0	0
AT5G44340	3551	3380	3616	3339	3143	2755
AT5G44345	0	0	0	0	0	0
AT5G44350	47	62	48	36	29	55
AT5G44360	0	0	0	0	0	0
AT5G44370	169	162	157	156	140	155
AT5G44375	0	0	0	0	0	0
AT5G44380	2110	1675	1541	1220	1166	1474
AT5G44390	168	241	205	111	164	170
AT5G44400	395	481	410	436	317	351
AT5G44410	176	189	143	222	167	134
AT5G44420	1003	150	130	1	15	19
AT5G44430	450	42	55	1	1	8
AT5G44440	2	1	4	2	1	2
AT5G44450	330	262	282	274	326	258
AT5G44460	49	64	57	31	14	44
AT5G44470	0	0	0	0	0	0
AT5G44480	479	352	349	232	201	241
AT5G44490	51	55	56	60	60	51
AT5G44495	0	0	0	0	0	0
AT5G44500	87	85	88	105	76	84
AT5G44510	447	414	349	368	301	346
AT5G44520	397	365	290	370	281	263
AT5G44530	347	396	292	141	122	111
AT5G44540	3	0	0	0	0	0
AT5G44550	308	382	252	331	249	182
AT5G44560	136	140	126	138	96	113
AT5G44562	0	0	0	0	0	0
AT5G44563	3	6	0	0	2	5
AT5G44565	162	159	118	28	32	51
AT5G44566	0	0	0	0	0	0
AT5G44567	2	4	1	4	1	5
AT5G44568	226	414	339	108	163	183
AT5G44569	14	13	12	16	6	21
AT5G44570	2	2	1	2	0	4
AT5G44572	198	386	414	343	369	365
AT5G44574	15	24	29	24	21	22
AT5G44575	20	169	103	36	58	67
AT5G44578	15	38	22	35	28	23
AT5G44580	2163	2488	2296	1178	1281	1130
AT5G44582	27	37	22	24	19	18
AT5G44585	41	104	117	72	87	76
AT5G44590	0	0	0	0	0	0
AT5G44600	104	99	109	103	121	107
AT5G44610	1284	654	834	465	407	423
AT5G44620	4	3	5	11	9	18
AT5G44630	0	0	1	2	1	2
AT5G44635	226	205	201	211	210	197
AT5G44640	0	0	0	0	0	0
AT5G44650	1446	1458	1226	1391	1256	1179
AT5G44660	308	313	256	339	293	259
AT5G44670	222	208	179	141	134	114
AT5G44680	372	564	527	628	674	646
AT5G44690	0	0	0	0	1	0
AT5G44700	28	35	33	20	24	26
AT5G44705	0	0	0	0	0	0
AT5G44710	114	115	109	130	120	117
AT5G44720	974	978	851	762	770	786
AT5G44730	221	344	272	280	279	247
AT5G44740	138	156	148	138	147	122
AT5G44750	1177	1226	1230	1165	1064	1060
AT5G44760	1	0	0	0	0	0
AT5G44770	2	0	0	4	0	1
AT5G44780	65	55	56	56	69	53
AT5G44785	393	403	391	446	440	391
AT5G44790	1703	1632	1498	1462	1398	1402
AT5G44800	1481	1483	1241	1289	1225	1221
AT5G44820	236	208	202	59	80	88
AT5G44830	0	0	0	0	0	0
AT5G44840	0	0	0	0	0	0
AT5G44850	0	0	0	0	0	0
AT5G44860	298	284	271	221	200	249
AT5G44870	627	634	547	360	410	396
AT5G44900	27	25	29	14	21	20
AT5G44910	160	174	258	155	165	137
AT5G44920	72	52	72	33	35	40
AT5G44930	142	131	120	117	126	118
AT5G44940	1	2	1	0	1	0
AT5G44950	0	0	0	0	0	0
AT5G44960	0	0	0	0	0	0
AT5G44970	0	0	0	0	0	0
AT5G44973	0	0	0	9	5	6
AT5G44980	30	23	19	0	0	2
AT5G44990	26	25	19	13	12	17
AT5G45000	40	50	41	14	23	34
AT5G45010	83	108	87	98	74	81
AT5G45020	112	104	103	123	103	107
AT5G45030	0	0	1	0	0	1
AT5G45040	50	43	36	60	32	38
AT5G45050	671	728	594	543	561	534
AT5G45060	673	737	634	534	593	567
AT5G45070	175	149	172	83	85	101
AT5G45080	17	38	42	18	32	30
AT5G45090	5	10	7	2	4	5
AT5G45095	12	7	11	10	11	14
AT5G45100	551	486	432	422	453	449
AT5G45110	537	892	655	312	484	607
AT5G45113	0	0	3	0	0	0
AT5G45115	8	14	6	9	11	8
AT5G45120	0	0	1	0	0	0
AT5G45130	1052	1125	964	879	966	942
AT5G45140	465	514	477	474	516	476
AT5G45150	18	21	20	29	25	18
AT5G45160	409	467	401	357	376	373
AT5G45170	479	444	403	395	428	375
AT5G45180	1	1	0	0	0	0
AT5G45190	684	661	686	621	587	581
AT5G45200	48	31	48	47	21	33
AT5G45210	57	44	36	45	41	29
AT5G45220	45	47	37	50	45	40
AT5G45230	0	0	0	0	0	0
AT5G45240	41	18	22	14	23	16
AT5G45250	522	635	523	389	432	442
AT5G45260	451	430	375	392	385	353
AT5G45275	131	150	122	119	111	115
AT5G45277	0	0	0	0	0	0
AT5G45280	413	465	465	449	476	544
AT5G45290	338	350	347	388	350	358
AT5G45300	233	268	205	248	187	215
AT5G45307	0	0	0	0	0	0
AT5G45310	21	19	24	14	17	16
AT5G45320	7	3	10	7	3	1
AT5G45330	129	149	134	138	114	121
AT5G45340	251	802	433	72	110	114
AT5G45350	861	1068	770	668	670	774
AT5G45360	587	606	526	489	472	511
AT5G45370	87	94	85	95	96	92
AT5G45380	645	556	533	282	375	312
AT5G45390	2740	2671	2366	2771	2530	2417
AT5G45400	131	106	96	100	80	75
AT5G45410	1270	1295	1071	809	913	942
AT5G45420	528	530	496	456	417	412
AT5G45430	2342	2295	1842	1544	1396	1327
AT5G45440	34	37	30	29	42	38
AT5G45450	1	0	0	0	0	0
AT5G45455	6	4	4	6	2	3
AT5G45460	43	47	39	55	49	42
AT5G45469	0	0	0	0	0	0
AT5G45470	0	0	0	0	0	0
AT5G45472	11	13	11	13	18	12
AT5G45475	0	0	0	0	0	0
AT5G45480	0	0	0	0	0	0
AT5G45490	741	790	867	748	778	730
AT5G45500	994	1123	1102	758	767	818
AT5G45510	3798	4009	3968	2969	3421	3259
AT5G45520	28	68	45	51	64	44
AT5G45530	20	17	20	32	25	30
AT5G45540	11	27	19	22	18	15
AT5G45550	655	575	557	497	528	470
AT5G45560	143	144	175	182	147	157
AT5G45570	0	1	0	0	0	0
AT5G45573	0	0	0	0	0	0
AT5G45580	67	53	67	57	66	45
AT5G45590	104	82	119	117	85	99
AT5G45600	327	276	277	290	288	268
AT5G45610	195	206	168	160	162	152
AT5G45620	582	578	506	565	581	524
AT5G45630	8	27	13	10	3	25
AT5G45640	0	0	0	0	0	0
AT5G45650	426	499	330	375	402	353
AT5G45660	94	77	71	84	70	67
AT5G45670	218	306	240	354	337	387
AT5G45680	466	395	324	498	465	391
AT5G45690	0	0	0	0	0	0
AT5G45700	44	45	52	51	34	32
AT5G45710	202	220	183	146	192	179
AT5G45715	0	0	0	0	0	0
AT5G45720	81	63	67	123	92	90
AT5G45730	33	21	19	26	27	17
AT5G45740	13	16	14	17	15	9
AT5G45745	0	0	0	0	0	0
AT5G45750	392	463	404	387	493	492
AT5G45760	78	98	74	85	85	101
AT5G45770	10	2	8	6	2	4
AT5G45775	1085	991	1019	959	959	823
AT5G45780	124	152	136	134	126	106
AT5G45790	50	43	35	35	31	47
AT5G45800	462	536	425	440	419	481
AT5G45810	12	13	12	2	10	1
AT5G45820	231	312	274	193	237	156
AT5G45830	19	39	17	28	20	31
AT5G45840	92	68	62	24	11	19
AT5G45850	16	13	4	6	1	4
AT5G45860	2	1	0	1	2	5
AT5G45870	1	4	2	3	4	1
AT5G45875	0	0	0	0	0	0
AT5G45880	1	0	0	0	0	0
AT5G45890	0	1	6	0	0	1
AT5G45900	256	223	215	210	177	179
AT5G45910	0	0	0	0	0	0
AT5G45920	73	69	64	66	54	60
AT5G45930	496	531	444	679	621	599
AT5G45940	119	122	127	156	147	132
AT5G45950	317	357	255	304	306	300
AT5G45960	14	12	10	14	22	21
AT5G45970	28	25	22	19	23	15
AT5G45980	0	0	0	0	0	0
AT5G45990	38	28	31	9	6	6
AT5G46000	0	0	0	0	0	0
AT5G46010	0	0	0	0	0	0
AT5G46020	1716	1705	1540	1052	914	1009
AT5G46025	0	0	0	0	0	0
AT5G46030	977	941	949	900	902	911
AT5G46040	13	8	13	9	5	11
AT5G46050	201	326	327	118	232	227
AT5G46060	34	17	27	25	13	16
AT5G46070	934	909	804	831	828	766
AT5G46080	129	171	116	80	93	96
AT5G46085	0	2	1	1	2	0
AT5G46090	69	56	60	44	36	51
AT5G46100	49	51	46	38	33	44
AT5G46105	0	0	0	1	0	1
AT5G46110	7645	8984	6760	8725	8412	7482
AT5G46115	12	12	10	8	5	7
AT5G46130	3	6	7	8	4	7
AT5G46140	6	11	8	6	9	10
AT5G46150	440	489	400	400	371	351
AT5G46160	253	322	246	248	275	242
AT5G46170	316	274	245	245	251	196
AT5G46180	858	806	854	614	772	797
AT5G46190	557	490	481	543	497	502
AT5G46200	0	0	0	0	0	0
AT5G46210	1642	1730	1585	1449	1417	1395
AT5G46220	6	17	4	9	10	11
AT5G46230	131	106	113	79	74	84
AT5G46240	395	498	344	147	177	193
AT5G46250	1993	2086	1670	1413	1457	1499
AT5G46260	95	96	88	12	28	18
AT5G46270	473	470	460	308	370	342
AT5G46280	345	323	303	326	300	300
AT5G46290	1827	1686	1842	2051	1909	1709
AT5G46295	15	43	36	6	13	11
AT5G46297	0	0	0	0	0	0
AT5G46300	0	0	0	0	0	0
AT5G46310	0	0	0	0	0	0
AT5G46315	0	0	0	0	0	0
AT5G46320	0	0	0	0	0	0
AT5G46325	0	0	0	0	0	0
AT5G46330	491	573	567	665	600	579
AT5G46340	494	523	411	418	413	421
AT5G46350	43	47	36	32	29	46
AT5G46360	1	1	0	0	0	0
AT5G46370	1	1	2	1	1	3
AT5G46380	0	0	0	0	0	0
AT5G46390	248	258	224	272	263	252
AT5G46395	6	2	4	8	2	4
AT5G46400	293	355	266	306	267	303
AT5G46410	561	620	531	424	411	428
AT5G46420	1261	1392	1132	1534	1422	1401
AT5G46430	775	633	618	723	647	656
AT5G46440	38	48	39	28	38	30
AT5G46450	749	960	808	603	761	703
AT5G46460	66	78	60	60	57	63
AT5G46470	1312	1856	1335	903	1183	1300
AT5G46490	399	422	299	138	166	173
AT5G46500	103	112	79	18	45	49
AT5G46510	249	297	257	286	264	252
AT5G46520	127	166	110	63	84	109
AT5G46530	38	32	23	30	26	37
AT5G46540	2	2	2	3	0	0
AT5G46550	288	292	259	278	289	286
AT5G46560	228	174	157	169	175	180
AT5G46570	244	230	203	282	187	183
AT5G46580	1057	1051	880	1098	1087	956
AT5G46590	7	11	15	11	16	15
AT5G46595	0	0	0	0	0	0
AT5G46600	17	21	21	40	46	34
AT5G46610	0	1	3	1	2	2
AT5G46620	235	238	220	222	210	245
AT5G46630	1481	1506	1372	1230	1273	1188
AT5G46640	76	80	78	90	92	88
AT5G46650	16	9	8	13	7	8
AT5G46660	0	0	0	0	0	0
AT5G46670	0	0	0	0	0	0
AT5G46680	29	35	25	20	34	33
AT5G46690	80	80	55	127	113	89
AT5G46700	272	268	234	265	241	241
AT5G46710	185	373	236	279	325	285
AT5G46720	30	27	22	20	22	17
AT5G46730	56	64	56	63	50	82
AT5G46740	155	157	125	156	111	113
AT5G46750	734	690	684	649	628	614
AT5G46760	1700	1725	1639	1291	1405	1447
AT5G46770	0	0	0	2	1	0
AT5G46780	300	425	390	329	390	424
AT5G46790	436	403	355	381	380	354
AT5G46795	0	0	0	0	0	0
AT5G46800	602	631	510	504	539	440
AT5G46810	1	0	0	0	0	0
AT5G46820	0	0	0	0	0	0
AT5G46825	1	0	0	0	0	0
AT5G46830	9	4	1	8	7	6
AT5G46840	662	687	678	580	646	572
AT5G46845	3	0	4	3	0	2
AT5G46850	96	99	88	84	84	69
AT5G46860	682	690	602	607	581	522
AT5G46870	81	68	56	57	38	38
AT5G46871	12	9	7	3	6	4
AT5G46873	0	0	0	0	0	0
AT5G46874	0	0	0	0	0	0
AT5G46877	0	0	0	0	0	0
AT5G46880	74	65	83	102	76	82
AT5G46890	198	67	58	54	9	5
AT5G46900	123	36	49	45	3	7
AT5G46910	198	236	197	161	149	200
AT5G46915	14	9	7	5	4	9
AT5G46920	137	169	152	179	166	142
AT5G46930	0	0	0	0	0	0
AT5G46940	0	0	0	0	0	0
AT5G46950	0	3	1	0	0	0
AT5G46960	3	23	6	0	0	4
AT5G46970	0	0	0	0	0	0
AT5G46980	0	0	0	0	0	0
AT5G46990	0	0	0	0	0	0
AT5G47000	27	76	39	48	61	44
AT5G47010	2328	2332	2034	2013	1995	1945
AT5G47020	1330	1407	1159	1179	1158	1185
AT5G47030	2324	2259	2211	2114	1861	1878
AT5G47040	1359	1507	1278	1343	1300	1313
AT5G47050	334	321	286	269	268	315
AT5G47060	454	569	489	399	398	385
AT5G47070	284	627	247	168	279	338
AT5G47075	0	0	0	0	0	0
AT5G47077	0	0	0	0	0	0
AT5G47080	392	442	377	390	361	365
AT5G47090	236	284	253	199	227	215
AT5G47100	169	204	173	230	226	227
AT5G47110	1925	2036	1812	2335	1910	1794
AT5G47120	1380	1597	1312	879	1098	1076
AT5G47130	27	45	27	19	38	25
AT5G47140	317	289	292	210	203	186
AT5G47150	1	0	2	1	3	2
AT5G47160	17	11	9	9	15	12
AT5G47170	2	2	2	0	2	3
AT5G47175	0	0	0	0	0	0
AT5G47180	318	354	329	265	288	286
AT5G47190	1679	1841	1591	1875	1808	1642
AT5G47200	1605	1514	1397	1192	1260	1172
AT5G47210	5411	5086	5108	5607	5215	4967
AT5G47220	705	1237	942	452	562	887
AT5G47229	1	0	0	0	0	0
AT5G47230	584	798	560	464	346	423
AT5G47240	538	1025	722	496	646	796
AT5G47250	109	130	115	60	86	91
AT5G47260	0	0	0	1	0	0
AT5G47280	0	0	0	0	0	0
AT5G47290	0	0	0	0	0	0
AT5G47300	0	0	0	0	0	0
AT5G47310	556	600	467	521	485	444
AT5G47320	450	493	436	444	388	413
AT5G47330	21	34	16	3	7	4
AT5G47340	0	0	0	0	0	0
AT5G47350	2	2	2	2	4	0
AT5G47360	48	33	27	43	27	35
AT5G47370	385	382	498	400	535	439
AT5G47380	100	135	99	90	96	97
AT5G47390	619	627	587	532	542	565
AT5G47400	98	126	88	102	101	103
AT5G47420	291	302	266	254	268	222
AT5G47430	799	785	760	709	713	718
AT5G47435	863	921	774	746	759	751
AT5G47440	18	16	19	27	29	25
AT5G47450	50	50	57	49	25	27
AT5G47455	130	107	116	137	119	127
AT5G47460	18	22	24	16	28	31
AT5G47470	2	3	2	1	1	1
AT5G47480	1879	2018	1784	1580	1674	1681
AT5G47490	524	459	401	461	403	443
AT5G47500	497	539	447	831	604	714
AT5G47510	29	72	46	60	54	49
AT5G47520	287	274	229	231	246	224
AT5G47530	54	47	57	42	47	43
AT5G47540	510	456	407	414	365	353
AT5G47550	168	218	234	153	172	141
AT5G47560	1846	1743	1870	1055	1493	1468
AT5G47570	421	338	313	336	289	295
AT5G47580	181	207	197	157	181	175
AT5G47590	65	48	58	17	29	34
AT5G47600	7	12	8	6	7	4
AT5G47610	277	222	215	131	117	119
AT5G47620	866	862	829	704	653	669
AT5G47630	132	145	125	123	121	96
AT5G47635	34	52	41	34	29	26
AT5G47640	268	284	208	327	266	278
AT5G47650	202	236	218	228	215	171
AT5G47660	190	213	185	166	162	179
AT5G47670	2	1	2	2	0	0
AT5G47680	434	454	392	404	373	366
AT5G47690	2896	2820	2544	2618	2590	2439
AT5G47700	1346	1169	1242	1257	1086	1119
AT5G47710	138	150	128	129	126	118
AT5G47720	489	443	454	409	340	344
AT5G47730	460	496	375	353	367	379
AT5G47740	711	597	525	194	214	266
AT5G47750	556	558	536	542	517	497
AT5G47760	309	353	304	294	277	243
AT5G47770	944	839	801	920	775	726
AT5G47780	1298	1391	1350	1260	1353	1226
AT5G47790	242	232	235	229	219	256
AT5G47800	126	97	101	153	113	107
AT5G47810	134	154	127	89	125	110
AT5G47820	1053	1160	1064	962	993	934
AT5G47830	110	160	128	118	127	114
AT5G47840	986	1081	874	1125	991	897
AT5G47850	21	51	32	7	19	20
AT5G47860	639	680	616	502	596	589
AT5G47870	263	301	261	240	244	233
AT5G47880	815	841	829	731	780	767
AT5G47890	734	768	698	672	623	535
AT5G47900	41	73	46	88	64	57
AT5G47910	2360	4623	3040	1068	1911	2445
AT5G47920	31	35	47	40	38	37
AT5G47930	2265	2200	2275	2251	2230	1983
AT5G47940	251	248	244	219	219	232
AT5G47950	117	59	77	37	38	46
AT5G47960	79	81	80	66	44	59
AT5G47970	206	256	208	197	178	179
AT5G47980	101	87	72	83	41	50
AT5G47990	2417	1217	1625	1146	578	1000
AT5G48000	1399	1038	1055	775	368	760
AT5G48010	1875	1250	1370	924	409	916
AT5G48020	651	618	603	619	627	634
AT5G48030	506	499	469	424	454	463
AT5G48040	74	65	57	90	62	74
AT5G48050	7	6	5	8	5	7
AT5G48060	54	39	37	70	55	40
AT5G48070	94	93	93	92	119	76
AT5G48090	14	15	16	27	17	11
AT5G48100	26	11	14	14	18	21
AT5G48110	346	268	314	309	224	263
AT5G48120	454	478	422	393	404	395
AT5G48130	5	7	7	9	8	6
AT5G48140	0	0	0	0	0	0
AT5G48150	638	670	543	526	510	440
AT5G48160	1580	1714	1667	1418	1451	1511
AT5G48170	23	28	22	26	19	24
AT5G48175	40	51	36	24	48	28
AT5G48180	2518	2665	1993	1609	1536	1761
AT5G48190	0	0	1	2	4	9
AT5G48200	0	0	0	0	0	0
AT5G48205	0	0	0	0	0	0
AT5G48210	0	0	0	0	0	0
AT5G48220	390	422	362	430	413	362
AT5G48230	893	687	744	755	685	639
AT5G48240	381	421	384	325	383	360
AT5G48250	586	635	525	607	523	520
AT5G48270	0	0	0	0	0	0
AT5G48280	0	0	0	0	0	0
AT5G48290	196	185	186	120	131	146
AT5G48300	5293	6475	4732	4712	4644	4514
AT5G48310	171	151	169	179	138	145
AT5G48320	42	42	41	38	32	34
AT5G48330	196	180	201	189	182	161
AT5G48335	295	288	254	287	246	250
AT5G48340	179	165	153	173	145	150
AT5G48350	0	3	1	1	2	0
AT5G48360	303	324	259	414	354	340
AT5G48370	238	252	239	228	219	203
AT5G48375	0	0	0	0	0	0
AT5G48380	1500	2614	1662	1064	1416	1597
AT5G48385	2066	2117	1833	1839	1804	1964
AT5G48390	9	7	4	4	3	7
AT5G48400	284	253	166	42	64	118
AT5G48410	114	147	99	33	52	65
AT5G48412	384	473	371	415	314	339
AT5G48420	0	0	0	0	0	0
AT5G48430	22	65	65	47	97	94
AT5G48440	297	355	297	240	269	264
AT5G48450	109	114	114	112	116	115
AT5G48460	218	234	204	266	268	231
AT5G48465	0	0	0	0	0	0
AT5G48470	342	349	358	336	387	370
AT5G48480	284	306	312	380	302	328
AT5G48485	0	0	0	0	0	0
AT5G48490	86	133	84	92	143	124
AT5G48500	255	294	265	278	252	257
AT5G48510	0	0	2	0	0	0
AT5G48515	0	0	0	0	0	0
AT5G48520	319	299	312	299	218	251
AT5G48530	154	214	175	112	125	106
AT5G48540	596	995	615	240	266	338
AT5G48543	0	0	0	0	0	0
AT5G48545	313	272	276	282	236	203
AT5G48550	5	3	4	13	9	8
AT5G48560	381	429	369	320	313	322
AT5G48570	524	841	579	432	660	516
AT5G48575	1	0	0	0	0	0
AT5G48580	1035	1000	978	947	852	902
AT5G48590	291	368	306	325	306	303
AT5G48595	0	0	0	0	0	0
AT5G48600	392	366	339	407	385	341
AT5G48605	0	0	0	0	0	0
AT5G48610	279	258	229	215	202	212
AT5G48620	1598	1726	1545	1368	1411	1317
AT5G48630	206	206	155	233	170	145
AT5G48640	222	223	232	230	200	198
AT5G48650	44	58	49	45	44	43
AT5G48655	344	359	301	278	270	290
AT5G48657	416	427	372	184	241	271
AT5G48660	67	91	84	84	67	64
AT5G48670	19	12	19	19	11	18
AT5G48675	0	0	0	0	0	0
AT5G48680	238	247	226	236	227	213
AT5G48690	23	26	19	29	26	14
AT5G48700	0	0	0	0	0	0
AT5G48710	2	3	2	0	0	0
AT5G48720	214	190	198	173	139	170
AT5G48730	168	154	127	169	177	141
AT5G48740	26	32	31	23	22	26
AT5G48750	0	0	0	0	0	0
AT5G48760	757	692	660	806	663	631
AT5G48770	4	1	2	3	2	2
AT5G48775	20	16	10	20	16	15
AT5G48780	29	23	22	21	16	25
AT5G48790	730	781	604	697	613	586
AT5G48800	156	157	152	149	127	105
AT5G48810	1147	1288	1071	1139	1086	985
AT5G48820	41	34	29	39	39	42
AT5G48830	309	274	242	333	272	255
AT5G48835	0	0	0	0	0	0
AT5G48840	183	177	174	162	145	154
AT5G48850	270	165	190	337	154	252
AT5G48860	0	0	0	0	0	0
AT5G48870	313	356	304	285	260	262
AT5G48880	568	593	500	639	481	483
AT5G48890	0	1	0	0	0	0
AT5G48900	208	219	196	299	237	221
AT5G48905	0	0	0	0	0	0
AT5G48910	197	202	184	212	216	172
AT5G48920	98	94	122	115	71	77
AT5G48930	1732	1625	1515	1545	1456	1387
AT5G48940	240	249	214	207	177	190
AT5G48945	0	0	0	0	0	1
AT5G48950	21	27	18	19	18	23
AT5G48953	0	0	0	0	0	0
AT5G48960	697	791	623	562	570	606
AT5G48970	198	216	199	171	201	165
AT5G48980	3	0	5	3	4	9
AT5G48990	100	97	77	68	87	89
AT5G49000	69	59	63	52	60	55
AT5G49010	56	56	51	67	42	41
AT5G49015	176	162	158	160	135	135
AT5G49020	270	295	279	353	276	281
AT5G49030	1345	1325	1147	1486	1337	1300
AT5G49040	0	0	0	0	0	0
AT5G49050	0	1	0	0	0	0
AT5G49060	211	201	158	145	141	155
AT5G49070	9	14	7	8	11	11
AT5G49100	313	280	279	292	283	234
AT5G49110	65	53	67	65	68	67
AT5G49120	29	25	29	15	20	11
AT5G49130	0	0	0	0	0	0
AT5G49138	0	0	0	0	1	0
AT5G49140	3	4	0	7	4	5
AT5G49150	0	0	0	0	0	0
AT5G49152	0	0	0	0	0	0
AT5G49160	931	851	740	842	702	729
AT5G49170	58	52	43	82	42	46
AT5G49180	0	0	0	0	0	0
AT5G49190	22	24	23	13	8	27
AT5G49200	4	1	6	1	0	1
AT5G49210	277	266	272	279	202	197
AT5G49215	55	64	70	67	81	54
AT5G49220	280	269	267	207	218	231
AT5G49230	222	255	197	205	181	195
AT5G49240	0	0	0	0	0	0
AT5G49250	0	0	0	0	0	0
AT5G49260	0	0	0	0	0	0
AT5G49270	318	176	214	160	90	108
AT5G49280	284	272	240	180	141	203
AT5G49290	29	31	22	27	26	19
AT5G49300	67	71	70	36	35	30
AT5G49305	0	3	2	0	4	1
AT5G49310	1	2	0	2	1	0
AT5G49320	12	23	11	23	13	22
AT5G49330	101	71	53	57	46	63
AT5G49340	7	15	12	5	13	9
AT5G49350	70	139	84	75	68	48
AT5G49360	1152	1172	2164	1057	1824	1992
AT5G49390	57	68	53	63	73	70
AT5G49400	358	447	443	380	385	405
AT5G49410	68	74	64	58	59	58
AT5G49420	1	2	2	0	0	0
AT5G49430	446	490	402	408	480	429
AT5G49435	0	0	0	0	0	0
AT5G49440	1051	1004	1085	1029	955	948
AT5G49450	269	336	342	262	342	382
AT5G49460	926	941	881	1013	813	746
AT5G49470	330	382	379	331	343	293
AT5G49480	2400	2460	1723	819	1041	1282
AT5G49490	0	0	0	0	0	0
AT5G49500	121	113	122	129	116	113
AT5G49510	665	729	632	634	570	536
AT5G49520	91	183	154	100	191	191
AT5G49525	12	24	11	12	5	14
AT5G49530	465	538	404	389	405	453
AT5G49540	475	493	472	407	426	400
AT5G49550	82	83	104	82	98	75
AT5G49555	519	648	481	527	499	491
AT5G49560	30	33	19	38	20	24
AT5G49570	440	499	387	346	406	339
AT5G49580	503	492	440	425	370	386
AT5G49590	0	0	0	0	0	0
AT5G49600	17	34	11	4	3	12
AT5G49610	47	45	38	44	38	49
AT5G49615	1	0	2	2	5	1
AT5G49620	33	27	21	17	24	31
AT5G49630	366	503	326	267	307	331
AT5G49640	0	0	0	0	0	0
AT5G49645	23	38	29	33	29	30
AT5G49650	867	958	860	856	871	834
AT5G49660	708	757	681	656	645	700
AT5G49665	233	223	219	202	203	191
AT5G49680	439	320	318	211	205	266
AT5G49690	111	69	73	19	16	35
AT5G49700	206	150	187	113	98	133
AT5G49710	350	290	327	236	278	251
AT5G49720	4749	4962	4480	3949	3886	3758
AT5G49730	1156	1054	946	678	626	726
AT5G49740	805	659	553	279	306	279
AT5G49750	0	0	0	0	0	0
AT5G49760	2038	2034	1856	1431	1644	1528
AT5G49770	96	75	74	33	38	31
AT5G49780	20	44	31	18	23	17
AT5G49800	35	33	34	48	33	29
AT5G49810	1567	1471	1390	1244	1158	1129
AT5G49820	516	538	463	548	480	451
AT5G49830	856	850	850	722	762	725
AT5G49840	428	453	442	470	435	425
AT5G49850	141	185	142	60	70	67
AT5G49860	0	0	0	0	0	0
AT5G49870	62	48	35	19	29	11
AT5G49880	437	471	440	405	414	386
AT5G49890	986	955	929	780	793	807
AT5G49900	550	492	464	309	299	277
AT5G49910	4681	4535	3970	3540	3893	3333
AT5G49920	1	1	1	0	1	0
AT5G49930	514	496	476	397	438	446
AT5G49940	977	877	803	894	931	893
AT5G49945	278	280	261	282	279	247
AT5G49950	372	328	328	328	366	352
AT5G49960	199	233	189	188	194	170
AT5G49970	1097	1117	966	989	1035	944
AT5G49980	1120	1157	1091	1146	1110	1036
AT5G49990	374	312	288	334	274	309
AT5G50000	880	962	908	950	876	785
AT5G50010	136	115	102	108	70	72
AT5G50020	396	392	400	420	377	343
AT5G50030	0	0	1	0	0	0
AT5G50040	0	0	0	0	0	0
AT5G50050	0	1	0	0	0	0
AT5G50060	1	1	1	2	0	1
AT5G50070	0	0	0	0	1	0
AT5G50080	1	0	0	0	0	0
AT5G50090	49	45	43	28	37	36
AT5G50100	415	407	281	235	211	237
AT5G50110	151	165	131	142	117	122
AT5G50115	0	0	0	0	0	0
AT5G50120	39	70	45	45	54	47
AT5G50130	97	118	86	174	175	184
AT5G50140	0	0	0	0	1	1
AT5G50150	405	512	387	475	448	397
AT5G50160	1125	1275	994	1233	1221	1237
AT5G50170	177	199	220	193	213	183
AT5G50175	11	7	7	10	9	8
AT5G50180	446	471	429	519	456	424
AT5G50190	0	0	0	0	0	0
AT5G50200	305	441	384	246	350	279
AT5G50210	488	578	524	429	422	460
AT5G50220	0	0	0	0	0	0
AT5G50230	348	343	284	263	274	268
AT5G50240	51	44	16	31	32	35
AT5G50250	969	986	936	1008	973	920
AT5G50260	83	63	87	51	61	78
AT5G50270	0	1	1	2	0	0
AT5G50280	289	320	256	347	316	299
AT5G50290	7	16	8	8	6	5
AT5G50300	46	32	28	36	33	35
AT5G50310	939	938	824	760	810	784
AT5G50320	378	420	370	391	373	361
AT5G50330	114	134	88	107	128	108
AT5G50335	141	143	105	191	129	158
AT5G50340	249	282	225	231	218	187
AT5G50345	0	0	0	0	0	0
AT5G50350	185	221	192	189	194	180
AT5G50360	5	3	0	0	0	3
AT5G50361	3	0	0	0	0	0
AT5G50365	0	0	0	0	0	0
AT5G50370	402	369	338	360	281	319
AT5G50375	208	196	187	214	177	176
AT5G50380	688	758	684	521	611	528
AT5G50390	105	110	105	139	109	108
AT5G50400	436	433	349	372	399	367
AT5G50410	158	178	139	164	142	127
AT5G50420	211	229	197	191	215	219
AT5G50423	0	0	0	0	0	0
AT5G50430	400	452	373	358	386	368
AT5G50440	72	69	80	68	69	56
AT5G50443	12	13	11	6	9	5
AT5G50450	583	610	548	526	640	568
AT5G50460	502	517	509	444	413	439
AT5G50470	0	0	0	0	0	0
AT5G50480	0	0	0	0	0	0
AT5G50490	0	0	0	0	0	0
AT5G50500	0	0	0	0	0	0
AT5G50510	0	0	0	0	0	0
AT5G50520	0	0	0	0	0	0
AT5G50530	0	0	0	0	0	0
AT5G50540	0	0	0	0	0	0
AT5G50550	0	0	0	0	0	0
AT5G50560	0	0	0	0	0	0
AT5G50562	0	0	0	0	0	0
AT5G50565	0	0	0	0	0	0
AT5G50570	1	0	0	0	0	0
AT5G50580	1	0	0	1	0	0
AT5G50590	0	0	0	0	0	0
AT5G50600	0	0	0	0	0	0
AT5G50610	0	0	0	0	0	0
AT5G50620	0	0	0	0	0	0
AT5G50630	0	0	0	0	0	0
AT5G50640	2	2	4	4	2	1
AT5G50650	0	0	0	0	0	0
AT5G50660	0	0	0	0	0	0
AT5G50665	0	0	0	0	0	0
AT5G50670	0	0	0	0	0	0
AT5G50680	0	0	0	0	0	0
AT5G50690	0	0	0	0	0	0
AT5G50700	0	0	0	0	0	0
AT5G50710	0	0	0	0	0	0
AT5G50717	0	0	0	0	0	0
AT5G50720	41	48	37	33	38	25
AT5G50740	240	217	211	345	253	258
AT5G50750	0	0	1	3	1	2
AT5G50760	265	220	211	267	221	254
AT5G50770	0	0	0	4	0	0
AT5G50780	281	353	308	270	308	343
AT5G50790	60	77	55	74	158	115
AT5G50800	27	62	30	7	6	13
AT5G50805	0	0	0	0	0	0
AT5G50810	296	291	259	292	274	228
AT5G50820	37	37	31	43	33	32
AT5G50830	1	0	2	0	0	1
AT5G50840	244	277	219	205	218	220
AT5G50850	2005	1964	1873	1845	1824	1670
AT5G50860	311	364	313	360	359	352
AT5G50870	478	531	431	448	447	468
AT5G50890	80	77	79	84	53	84
AT5G50900	384	404	366	355	374	364
AT5G50910	0	0	0	0	0	0
AT5G50915	33	75	24	68	105	99
AT5G50920	19718	19288	15763	17448	16261	15567
AT5G50930	28	14	21	13	13	21
AT5G50940	13	10	17	8	8	10
AT5G50950	281	511	287	290	494	490
AT5G50960	503	563	485	430	498	539
AT5G50970	183	150	144	170	140	190
AT5G50990	18	38	26	36	31	32
AT5G50995	0	0	0	0	0	0
AT5G51000	0	0	0	0	0	0
AT5G51010	1068	1200	1051	1158	1123	1061
AT5G51020	460	537	384	459	402	389
AT5G51030	9	13	4	7	4	7
AT5G51040	927	1004	763	672	623	599
AT5G51050	408	457	375	280	319	307
AT5G51055	0	0	0	0	0	0
AT5G51060	619	430	498	333	317	206
AT5G51070	4549	4868	3698	2680	3425	3431
AT5G51080	64	79	44	61	69	53
AT5G51090	0	0	0	0	1	0
AT5G51100	427	394	411	449	410	394
AT5G51105	0	0	0	0	0	0
AT5G51110	1504	1409	1249	1498	1351	1204
AT5G51120	570	540	555	525	518	480
AT5G51130	89	114	99	99	103	89
AT5G51140	424	455	384	410	387	385
AT5G51150	370	405	376	380	359	365
AT5G51160	43	37	58	36	56	35
AT5G51170	69	67	46	61	48	55
AT5G51174	0	0	0	0	2	0
AT5G51180	407	413	446	383	448	364
AT5G51190	0	0	0	0	0	0
AT5G51195	0	0	0	0	0	0
AT5G51200	1160	1156	1153	1269	1187	1115
AT5G51210	5	3	0	3	3	2
AT5G51220	210	231	192	204	189	173
AT5G51230	395	436	338	386	349	338
AT5G51250	0	0	0	0	0	0
AT5G51260	155	129	123	117	98	96
AT5G51270	74	54	56	41	30	26
AT5G51280	283	301	271	286	257	245
AT5G51290	485	505	425	422	400	448
AT5G51300	1123	1215	1062	1129	1045	1008
AT5G51310	29	31	24	23	18	12
AT5G51330	3	6	6	4	7	8
AT5G51340	546	544	508	502	525	485
AT5G51350	191	228	179	214	203	181
AT5G51360	0	0	0	0	0	1
AT5G51370	75	88	82	79	79	79
AT5G51380	111	80	107	122	115	75
AT5G51390	62	58	58	62	84	84
AT5G51400	640	651	607	683	548	591
AT5G51410	535	553	540	529	473	465
AT5G51420	1	0	0	0	0	0
AT5G51430	847	890	728	795	801	715
AT5G51440	398	440	356	215	355	341
AT5G51450	321	289	240	277	245	226
AT5G51451	9	7	4	12	8	11
AT5G51460	270	310	299	202	220	220
AT5G51465	16	34	19	6	26	25
AT5G51470	32	28	30	25	20	17
AT5G51480	1	4	4	1	2	3
AT5G51490	25	16	20	16	14	10
AT5G51500	34	18	22	32	13	16
AT5G51510	174	177	186	180	158	151
AT5G51520	9	14	12	8	6	2
AT5G51530	7	4	6	5	10	11
AT5G51540	132	116	128	185	177	175
AT5G51545	326	403	344	392	361	333
AT5G51550	595	909	784	728	908	891
AT5G51560	250	238	217	254	221	187
AT5G51570	533	546	451	431	444	438
AT5G51580	0	0	0	0	0	0
AT5G51585	0	0	0	0	0	0
AT5G51590	117	100	104	135	112	95
AT5G51600	190	170	215	234	207	212
AT5G51610	0	0	0	0	1	0
AT5G51620	216	232	190	186	182	194
AT5G51630	256	245	238	222	213	185
AT5G51640	209	252	184	147	182	147
AT5G51650	0	0	0	1	1	0
AT5G51660	594	669	559	657	602	596
AT5G51670	144	132	147	136	103	107
AT5G51680	0	0	0	0	0	0
AT5G51690	305	289	287	324	311	270
AT5G51700	225	256	227	211	178	223
AT5G51710	228	201	173	160	175	163
AT5G51720	548	404	388	335	312	287
AT5G51730	154	174	160	179	168	155
AT5G51740	148	127	113	115	150	116
AT5G51750	692	939	688	877	799	701
AT5G51760	7	10	8	0	7	2
AT5G51770	241	231	163	130	140	161
AT5G51780	126	77	100	112	122	121
AT5G51790	47	34	36	53	82	83
AT5G51795	47	57	71	57	67	68
AT5G51800	3	2	2	3	3	4
AT5G51810	28	12	15	8	8	3
AT5G51820	2615	3236	2296	2827	2649	2523
AT5G51830	400	484	334	323	372	410
AT5G51840	315	316	281	293	288	281
AT5G51845	0	0	0	0	0	0
AT5G51850	16	29	20	4	3	8
AT5G51860	1	0	0	1	0	0
AT5G51870	0	1	1	0	1	0
AT5G51880	324	319	307	300	269	286
AT5G51890	366	390	337	365	290	308
AT5G51900	0	0	0	0	1	0
AT5G51910	41	42	32	52	47	42
AT5G51915	0	0	0	0	0	0
AT5G51920	35	33	41	23	25	21
AT5G51930	12	8	10	7	8	7
AT5G51940	297	288	280	281	250	250
AT5G51950	4	2	1	4	3	2
AT5G51960	77	132	94	147	123	105
AT5G51970	1777	1712	1679	1818	1810	1613
AT5G51980	408	420	384	346	362	337
AT5G51990	2	4	1	1	0	0
AT5G52000	0	0	0	0	1	2
AT5G52010	307	264	242	321	253	249
AT5G52020	75	37	42	39	23	24
AT5G52030	178	179	158	171	157	144
AT5G52040	1259	1392	1194	1241	1182	1129
AT5G52045	0	0	0	0	0	0
AT5G52050	38	204	67	35	47	103
AT5G52060	964	1014	888	776	744	717
AT5G52070	124	110	121	96	115	80
AT5G52080	0	0	0	0	0	0
AT5G52090	0	0	0	0	0	0
AT5G52100	244	236	199	324	264	254
AT5G52110	109	126	108	120	115	99
AT5G52115	0	0	0	0	0	0
AT5G52120	143	156	197	133	144	180
AT5G52130	0	0	0	0	0	0
AT5G52140	0	0	0	0	0	0
AT5G52150	0	0	0	0	0	0
AT5G52155	0	0	0	0	0	0
AT5G52160	0	0	0	0	0	0
AT5G52170	35	38	18	23	31	34
AT5G52180	0	0	0	0	0	0
AT5G52190	0	0	0	0	0	0
AT5G52200	375	342	321	359	293	326
AT5G52210	208	221	215	201	203	223
AT5G52220	25	15	10	13	9	9
AT5G52230	196	163	191	191	157	164
AT5G52240	1302	1332	1287	1087	1146	989
AT5G52250	230	168	215	167	165	156
AT5G52260	40	15	12	3	3	2
AT5G52270	9	3	6	5	5	2
AT5G52280	505	568	482	553	487	499
AT5G52290	7	9	9	6	1	4
AT5G52300	6	5	4	2	0	1
AT5G52310	1405	2401	1076	271	404	310
AT5G52320	126	146	85	77	93	120
AT5G52330	14	14	12	24	14	7
AT5G52340	7	13	5	11	3	11
AT5G52350	0	0	1	0	0	1
AT5G52355	0	0	0	0	0	0
AT5G52360	0	0	0	0	0	0
AT5G52370	182	229	160	164	156	151
AT5G52380	146	150	174	122	126	120
AT5G52390	10	33	17	14	21	21
AT5G52400	2	1	1	0	0	3
AT5G52410	174	178	133	176	134	173
AT5G52420	340	310	280	257	279	250
AT5G52430	226	234	211	204	173	197
AT5G52440	883	1010	889	1063	961	906
AT5G52450	622	611	462	322	388	369
AT5G52460	0	0	0	0	0	0
AT5G52470	1866	1885	1900	1703	1848	1711
AT5G52471	0	4	0	4	4	3
AT5G52480	0	0	0	0	0	0
AT5G52490	0	0	0	0	0	0
AT5G52495	0	0	0	0	0	0
AT5G52500	0	0	0	0	1	0
AT5G52510	708	620	595	524	565	544
AT5G52520	754	733	716	725	689	659
AT5G52530	1572	1697	1486	1235	1263	1301
AT5G52540	714	780	679	475	554	525
AT5G52545	45	75	45	69	46	42
AT5G52547	13	7	7	9	15	10
AT5G52550	440	460	438	357	358	365
AT5G52560	729	748	614	601	534	557
AT5G52570	45	55	41	13	26	22
AT5G52580	816	977	762	599	683	663
AT5G52600	3	1	3	5	3	2
AT5G52605	0	0	0	0	0	0
AT5G52610	0	0	0	0	0	0
AT5G52620	0	0	0	0	0	0
AT5G52630	45	51	66	56	64	60
AT5G52640	1694	2241	1460	1127	1544	1347
AT5G52650	1775	1612	1655	1616	1622	1454
AT5G52655	0	0	0	0	0	1
AT5G52660	179	183	158	127	119	127
AT5G52670	6	2	14	13	26	11
AT5G52680	2	2	4	0	4	3
AT5G52690	4	6	2	4	7	3
AT5G52700	1	0	0	0	1	2
AT5G52710	3	12	6	3	8	3
AT5G52720	29	23	16	6	14	26
AT5G52730	0	2	5	0	0	1
AT5G52740	4	8	8	10	9	16
AT5G52750	261	666	285	103	154	231
AT5G52760	84	220	78	28	40	116
AT5G52770	0	1	0	1	1	0
AT5G52780	506	550	456	425	481	387
AT5G52790	174	57	94	148	70	61
AT5G52797	0	0	1	0	0	0
AT5G52800	36	30	23	23	37	20
AT5G52810	475	582	420	254	363	318
AT5G52815	0	0	0	0	0	0
AT5G52820	516	585	540	472	505	473
AT5G52830	104	122	131	89	103	128
AT5G52840	1136	1124	993	1057	953	910
AT5G52850	53	65	53	60	42	53
AT5G52860	137	132	124	182	99	91
AT5G52870	215	263	255	165	166	177
AT5G52880	174	162	162	186	174	163
AT5G52882	1776	1486	1652	1202	1203	1307
AT5G52890	46	35	37	33	31	52
AT5G52900	227	188	197	98	133	135
AT5G52910	128	124	129	108	120	91
AT5G52920	2365	2199	2100	2500	2214	2061
AT5G52930	10	14	8	1	2	4
AT5G52940	7	19	10	4	9	2
AT5G52950	88	60	74	72	70	69
AT5G52960	432	453	369	486	488	437
AT5G52965	1	0	0	0	0	0
AT5G52970	449	476	378	565	509	528
AT5G52975	1	0	0	0	1	0
AT5G52980	151	180	132	161	134	141
AT5G52990	65	76	64	74	51	68
AT5G53000	654	627	554	546	557	537
AT5G53010	335	315	286	314	278	288
AT5G53020	267	281	241	273	277	231
AT5G53030	89	88	86	41	37	43
AT5G53040	0	0	0	0	0	0
AT5G53045	77	66	56	71	44	65
AT5G53048	250	247	202	112	90	131
AT5G53050	445	534	423	313	354	378
AT5G53060	214	227	183	213	204	197
AT5G53070	170	179	162	195	181	183
AT5G53080	91	111	68	110	112	85
AT5G53090	47	72	71	81	67	63
AT5G53100	0	2	0	1	2	0
AT5G53110	173	172	164	99	114	103
AT5G53120	594	626	483	344	375	386
AT5G53130	620	968	700	654	771	795
AT5G53140	1739	1733	1633	1595	1555	1476
AT5G53150	635	709	636	681	611	547
AT5G53160	1242	1108	1241	1194	1151	1038
AT5G53170	1679	1619	1527	1402	1471	1376
AT5G53180	461	460	385	407	420	387
AT5G53190	1	0	1	0	1	1
AT5G53200	14	9	5	8	5	6
AT5G53210	86	67	83	135	90	102
AT5G53220	138	152	125	160	139	149
AT5G53230	3	4	1	0	0	0
AT5G53240	1	0	0	0	0	0
AT5G53250	348	139	190	131	59	65
AT5G53260	0	0	0	1	0	0
AT5G53270	0	0	0	0	0	0
AT5G53280	152	118	131	133	131	97
AT5G53290	102	118	90	92	78	85
AT5G53300	5260	5642	4883	4520	4382	4046
AT5G53310	527	584	528	498	530	453
AT5G53320	86	89	88	100	94	103
AT5G53330	474	506	414	341	386	362
AT5G53340	366	381	347	321	315	291
AT5G53350	2144	2110	1917	1814	1898	1762
AT5G53360	58	75	58	43	58	57
AT5G53370	873	924	746	432	536	529
AT5G53380	7	8	5	5	0	4
AT5G53390	1	0	0	1	0	0
AT5G53400	631	651	608	564	558	492
AT5G53410	0	0	0	0	0	0
AT5G53420	1926	2213	1605	1217	1303	1339
AT5G53430	300	314	281	350	277	287
AT5G53440	861	880	786	738	660	738
AT5G53450	794	953	714	739	899	715
AT5G53460	11250	9457	9719	10850	10566	9674
AT5G53470	171	181	148	177	131	148
AT5G53480	2277	2274	2070	2022	2065	1824
AT5G53486	23	22	16	31	22	44
AT5G53487	0	0	0	0	0	0
AT5G53490	1294	1378	1187	1525	1492	1272
AT5G53500	374	451	387	380	410	381
AT5G53510	0	0	0	0	0	0
AT5G53520	0	0	0	0	0	0
AT5G53530	415	417	402	364	382	394
AT5G53540	463	520	472	433	409	415
AT5G53550	1701	1917	1978	875	1209	1236
AT5G53560	2437	2442	2290	2228	2210	2124
AT5G53570	561	628	585	503	543	539
AT5G53580	600	626	498	585	521	479
AT5G53590	182	177	187	156	137	154
AT5G53592	0	3	0	3	3	2
AT5G53600	1	0	0	0	0	0
AT5G53610	0	0	0	0	0	0
AT5G53620	688	761	668	704	586	641
AT5G53635	0	0	0	0	0	0
AT5G53637	0	0	0	0	0	0
AT5G53640	0	0	0	0	0	0
AT5G53650	135	108	115	96	84	101
AT5G53660	14	8	8	12	6	7
AT5G53670	0	0	0	0	0	0
AT5G53680	0	0	0	0	0	0
AT5G53700	3	0	4	1	2	1
AT5G53710	2	0	1	0	0	0
AT5G53720	0	0	0	0	0	0
AT5G53730	124	82	140	97	117	103
AT5G53740	1	2	1	0	3	2
AT5G53742	0	0	1	0	0	0
AT5G53750	115	111	99	17	19	24
AT5G53760	245	265	199	257	248	245
AT5G53770	304	329	330	368	351	321
AT5G53780	0	0	0	0	0	0
AT5G53790	0	0	0	0	0	0
AT5G53800	468	428	438	419	447	412
AT5G53810	9	9	7	5	7	11
AT5G53820	47	79	41	29	36	37
AT5G53830	276	366	278	263	189	213
AT5G53840	0	0	0	0	0	0
AT5G53850	1044	1119	1008	1074	1050	930
AT5G53860	950	889	899	1006	952	844
AT5G53870	38	51	22	2	2	7
AT5G53880	806	753	830	823	781	787
AT5G53890	396	389	332	368	344	305
AT5G53895	2	6	1	4	5	3
AT5G53900	437	408	389	276	259	189
AT5G53902	0	3	1	0	0	0
AT5G53905	1	1	0	0	1	2
AT5G53910	0	0	0	0	0	0
AT5G53920	76	71	71	52	49	50
AT5G53930	262	256	244	220	246	202
AT5G53940	254	305	250	281	255	261
AT5G53950	5	4	8	3	4	1
AT5G53960	0	0	0	0	0	0
AT5G53970	685	611	466	215	186	212
AT5G53980	34	49	47	40	39	27
AT5G53990	125	96	100	105	108	124
AT5G54000	0	0	0	1	0	0
AT5G54010	0	0	0	0	0	0
AT5G54020	40	56	57	38	29	25
AT5G54030	10	15	8	7	2	7
AT5G54035	0	0	0	0	0	0
AT5G54040	117	109	116	74	72	68
AT5G54043	0	0	0	0	0	0
AT5G54050	11	9	10	9	1	6
AT5G54060	20	23	3	24	12	33
AT5G54062	1	0	0	0	0	0
AT5G54067	1	1	0	0	0	2
AT5G54070	0	0	0	0	0	0
AT5G54075	0	0	0	0	0	0
AT5G54080	502	568	476	403	465	449
AT5G54090	146	124	110	127	126	117
AT5G54095	1	0	1	1	1	3
AT5G54100	280	320	198	162	180	242
AT5G54110	433	460	389	341	345	347
AT5G54130	225	238	179	130	151	138
AT5G54140	109	97	91	78	51	68
AT5G54145	109	106	86	103	114	113
AT5G54148	2	2	3	5	1	4
AT5G54150	0	0	0	0	0	0
AT5G54160	4677	4986	4774	4597	5163	4794
AT5G54165	14	21	17	10	9	12
AT5G54170	819	949	790	546	643	762
AT5G54180	109	118	95	99	100	105
AT5G54190	31	44	15	45	28	43
AT5G54200	290	314	318	291	269	255
AT5G54210	0	0	0	0	0	0
AT5G54215	0	0	0	0	0	0
AT5G54220	0	0	0	0	0	0
AT5G54225	0	0	0	0	0	0
AT5G54230	212	163	159	133	105	102
AT5G54240	48	22	28	41	23	14
AT5G54250	644	665	522	407	484	506
AT5G54260	121	121	114	129	117	121
AT5G54270	9469	17700	10372	18605	16850	14995
AT5G54280	604	566	544	599	528	538
AT5G54290	767	972	748	889	794	711
AT5G54300	204	163	169	85	135	114
AT5G54310	1286	1307	1177	1045	1041	1103
AT5G54320	0	0	0	0	0	0
AT5G54330	0	0	0	0	0	0
AT5G54340	0	0	0	0	0	0
AT5G54350	0	0	0	0	0	0
AT5G54360	0	0	0	0	0	0
AT5G54365	0	0	0	0	0	0
AT5G54370	439	336	359	298	196	188
AT5G54375	0	0	0	0	0	0
AT5G54380	490	702	695	483	698	780
AT5G54390	1624	1613	1177	1025	1084	1296
AT5G54400	27	19	26	25	22	16
AT5G54410	0	0	0	0	0	0
AT5G54420	1	0	0	0	0	0
AT5G54430	893	823	774	802	732	834
AT5G54440	857	951	835	814	810	820
AT5G54450	0	0	1	0	0	0
AT5G54460	0	0	0	0	0	0
AT5G54470	132	118	93	36	54	49
AT5G54480	1	0	0	0	0	0
AT5G54490	151	180	141	62	93	119
AT5G54500	2790	2675	2675	2398	2658	2531
AT5G54510	1031	1178	726	596	537	631
AT5G54520	105	100	112	111	91	93
AT5G54530	24	34	22	49	44	51
AT5G54540	1013	993	926	979	867	866
AT5G54550	1	1	1	1	0	0
AT5G54560	0	0	0	0	0	0
AT5G54569	17	12	13	14	14	12
AT5G54570	1	6	5	3	3	5
AT5G54580	284	312	279	266	277	240
AT5G54585	34	38	20	64	32	29
AT5G54590	105	153	112	100	116	104
AT5G54600	3576	3929	3400	4377	3981	3704
AT5G54610	570	523	338	51	114	128
AT5G54620	1	0	0	0	1	2
AT5G54630	323	309	342	345	334	290
AT5G54640	271	216	189	184	142	141
AT5G54650	322	279	260	276	276	292
AT5G54660	166	166	197	161	163	154
AT5G54670	518	422	419	417	377	395
AT5G54680	1370	1467	1304	1084	1104	1138
AT5G54690	50	65	50	61	47	41
AT5G54700	4	4	1	2	2	4
AT5G54710	380	1048	682	359	605	696
AT5G54720	134	306	209	104	200	239
AT5G54730	437	516	393	357	426	425
AT5G54740	0	0	1	0	0	0
AT5G54745	0	0	1	0	0	0
AT5G54750	448	435	362	357	384	355
AT5G54760	1361	1423	1344	1291	1435	1320
AT5G54770	35007	39000	32515	37066	33502	30243
AT5G54780	334	285	251	194	184	197
AT5G54790	62	28	47	22	16	12
AT5G54800	710	796	667	649	617	668
AT5G54810	5593	5729	4691	3610	4053	3737
AT5G54820	0	0	0	0	0	0
AT5G54830	356	382	395	290	306	289
AT5G54840	321	313	255	191	206	220
AT5G54850	136	148	156	106	106	136
AT5G54855	244	248	207	180	227	202
AT5G54860	301	387	268	218	264	285
AT5G54865	0	0	0	0	0	0
AT5G54870	687	714	576	504	497	547
AT5G54880	64	65	50	57	65	51
AT5G54890	89	102	73	88	77	77
AT5G54900	895	920	855	841	790	795
AT5G54910	282	228	245	250	254	243
AT5G54920	226	225	213	210	213	192
AT5G54930	207	225	167	131	134	125
AT5G54940	7220	9216	7839	4943	6696	7198
AT5G54950	0	1	0	2	2	2
AT5G54960	3075	3131	2691	1351	1762	1564
AT5G54970	194	172	178	164	169	168
AT5G54980	102	105	94	120	134	142
AT5G54990	0	0	0	0	0	1
AT5G55000	221	236	187	205	183	202
AT5G55010	7	1	2	1	1	1
AT5G55020	2	0	1	0	1	1
AT5G55040	1148	1134	1099	1016	1099	1003
AT5G55045	0	0	0	1	0	0
AT5G55050	180	166	178	144	136	143
AT5G55055	0	0	0	0	0	0
AT5G55060	429	401	390	364	369	375
AT5G55070	1222	1166	1050	947	910	933
AT5G55080	0	0	0	0	0	0
AT5G55090	52	38	43	23	23	30
AT5G55100	1012	1029	989	901	860	910
AT5G55110	27	31	32	36	35	22
AT5G55120	1100	1122	1011	733	812	897
AT5G55125	182	150	153	156	146	139
AT5G55130	370	376	339	320	315	295
AT5G55131	0	0	0	0	0	0
AT5G55132	0	0	0	0	0	0
AT5G55135	0	0	0	0	0	0
AT5G55140	141	174	151	148	129	154
AT5G55150	12	29	1	1	1	17
AT5G55160	702	733	659	598	637	564
AT5G55170	48	48	59	41	39	32
AT5G55180	548	699	614	648	538	566
AT5G55190	1354	1406	1252	1252	1217	1169
AT5G55200	147	171	127	145	120	144
AT5G55210	195	222	166	224	195	169
AT5G55220	1834	1958	1630	2161	1992	1911
AT5G55230	972	1085	957	1151	1057	917
AT5G55240	0	0	0	0	0	0
AT5G55250	64	79	42	120	80	68
AT5G55260	169	190	149	195	167	157
AT5G55270	0	1	0	0	3	1
AT5G55280	765	782	684	863	844	753
AT5G55290	343	308	250	316	274	295
AT5G55300	1313	1194	1136	1226	1038	1083
AT5G55310	1090	1054	942	868	867	913
AT5G55320	0	0	0	0	0	0
AT5G55330	0	0	0	0	1	0
AT5G55340	13	13	11	19	13	16
AT5G55350	2	7	7	3	2	2
AT5G55360	3	8	3	2	2	4
AT5G55370	4	3	4	1	1	0
AT5G55380	57	38	42	27	29	21
AT5G55390	862	962	814	855	749	778
AT5G55400	258	221	202	257	201	176
AT5G55410	1	7	1	0	0	0
AT5G55430	0	0	0	0	0	1
AT5G55440	0	0	0	0	0	1
AT5G55450	2	2	3	2	1	0
AT5G55460	22	29	16	12	5	12
AT5G55470	44	59	44	56	47	38
AT5G55480	418	428	396	397	384	359
AT5G55490	19	22	19	12	12	10
AT5G55500	411	382	381	332	295	343
AT5G55505	0	0	0	0	0	0
AT5G55507	1	1	0	1	1	2
AT5G55508	0	0	0	0	0	0
AT5G55510	117	96	125	130	128	103
AT5G55520	158	154	151	174	156	174
AT5G55530	532	558	535	506	494	456
AT5G55540	445	514	466	522	483	439
AT5G55550	297	305	265	284	286	279
AT5G55560	64	65	59	18	28	21
AT5G55565	0	0	0	0	0	0
AT5G55570	16	10	12	6	4	4
AT5G55580	225	211	197	190	182	171
AT5G55590	29	57	27	35	34	25
AT5G55600	746	771	728	687	680	647
AT5G55610	517	478	403	512	414	436
AT5G55620	487	538	343	431	309	277
AT5G55630	308	344	329	262	215	226
AT5G55640	126	150	111	89	91	94
AT5G55650	2	4	2	5	2	4
AT5G55660	1964	2062	1917	1942	1865	1792
AT5G55670	667	647	618	613	597	610
AT5G55680	13	17	23	14	16	15
AT5G55690	1	13	3	1	4	6
AT5G55700	284	305	279	282	283	260
AT5G55710	409	412	314	503	439	443
AT5G55720	15	14	16	8	11	16
AT5G55730	452	432	429	454	442	352
AT5G55740	180	175	164	239	205	171
AT5G55750	1	0	0	1	0	0
AT5G55760	108	131	98	121	95	75
AT5G55770	12	5	7	1	4	2
AT5G55780	5	8	7	5	5	3
AT5G55790	186	179	164	192	178	162
AT5G55800	0	0	0	1	0	1
AT5G55810	80	75	72	88	57	75
AT5G55820	202	199	174	219	168	170
AT5G55830	46	43	41	40	44	33
AT5G55835	0	0	0	0	0	0
AT5G55840	118	123	104	103	138	117
AT5G55850	1215	1118	1022	858	990	971
AT5G55855	0	0	0	0	0	0
AT5G55856	0	0	0	0	0	0
AT5G55860	503	463	446	278	321	309
AT5G55870	0	0	0	0	0	0
AT5G55880	0	0	0	0	0	0
AT5G55890	0	0	0	0	0	0
AT5G55893	0	5	5	1	1	0
AT5G55900	54	44	47	49	43	46
AT5G55910	728	669	628	565	583	596
AT5G55920	809	792	767	750	768	740
AT5G55930	337	414	498	522	708	509
AT5G55940	566	530	489	481	474	471
AT5G55950	18	19	8	7	13	9
AT5G55960	468	447	381	395	309	314
AT5G55970	336	370	312	170	190	200
AT5G55980	0	0	0	0	0	0
AT5G55990	345	374	311	353	330	342
AT5G56000	424	426	421	425	388	343
AT5G56010	4953	4483	3633	4136	3732	3326
AT5G56020	157	168	138	127	131	129
AT5G56030	4897	4855	3759	4270	4114	3715
AT5G56040	826	642	630	708	590	491
AT5G56050	29	22	32	17	19	16
AT5G56060	1	0	0	0	0	1
AT5G56070	0	0	0	0	0	0
AT5G56075	0	0	1	4	0	0
AT5G56080	31	34	26	42	63	74
AT5G56090	219	230	191	155	189	179
AT5G56100	52	54	62	76	61	65
AT5G56110	0	0	0	0	0	0
AT5G56120	182	196	188	202	189	159
AT5G56130	225	210	217	214	211	224
AT5G56140	559	611	607	594	587	584
AT5G56150	722	691	625	524	550	588
AT5G56160	105	95	84	109	91	103
AT5G56170	715	771	708	577	617	658
AT5G56180	333	381	318	290	339	322
AT5G56190	387	466	363	340	327	344
AT5G56200	18	15	15	8	8	8
AT5G56210	278	284	256	276	291	261
AT5G56220	412	356	347	532	442	411
AT5G56230	40	52	34	42	36	45
AT5G56240	1156	1189	1091	1143	1201	1135
AT5G56250	503	539	500	345	387	410
AT5G56260	625	667	578	492	534	516
AT5G56270	235	323	253	295	318	309
AT5G56280	548	605	585	520	560	465
AT5G56290	1009	1090	967	866	911	861
AT5G56300	8	4	4	15	6	6
AT5G56310	36	40	36	42	54	25
AT5G56320	167	139	157	139	100	105
AT5G56325	0	0	0	0	0	0
AT5G56330	0	0	0	0	0	0
AT5G56340	321	374	309	238	297	290
AT5G56350	1347	1340	1121	872	955	957
AT5G56360	1392	1502	1402	1297	1274	1228
AT5G56365	0	0	0	0	0	0
AT5G56368	4	2	3	0	0	0
AT5G56369	0	0	0	0	0	0
AT5G56370	34	55	40	65	44	67
AT5G56380	130	156	108	116	98	90
AT5G56390	0	0	0	0	0	0
AT5G56400	0	0	0	0	0	0
AT5G56410	0	0	0	0	0	0
AT5G56420	81	73	78	79	71	70
AT5G56430	0	0	0	0	0	0
AT5G56440	0	0	0	0	0	0
AT5G56450	57	76	56	73	64	48
AT5G56452	0	0	0	0	0	0
AT5G56460	147	156	139	81	84	69
AT5G56470	0	0	0	0	0	0
AT5G56480	0	0	0	0	0	0
AT5G56490	34	34	17	7	7	6
AT5G56500	889	905	922	492	440	418
AT5G56510	4	4	1	0	1	4
AT5G56520	122	114	123	169	150	148
AT5G56530	324	332	279	395	380	307
AT5G56540	216	95	150	182	83	62
AT5G56550	337	253	244	201	188	169
AT5G56555	3	3	4	0	0	2
AT5G56560	0	0	0	0	0	0
AT5G56570	0	0	0	0	0	0
AT5G56580	69	82	82	79	57	64
AT5G56590	149	158	134	136	147	132
AT5G56600	282	327	271	249	239	225
AT5G56610	99	100	85	83	86	70
AT5G56620	13	12	17	21	19	11
AT5G56630	1686	2108	1300	950	904	1177
AT5G56640	0	0	0	0	0	0
AT5G56650	547	555	480	431	468	419
AT5G56660	370	379	389	279	291	277
AT5G56670	1531	1513	1469	1473	1385	1346
AT5G56680	753	698	635	710	631	596
AT5G56690	0	0	0	0	0	0
AT5G56700	9	8	9	6	6	7
AT5G56710	3085	2874	3103	3146	2944	2863
AT5G56720	27	19	16	22	15	35
AT5G56730	294	259	262	306	225	247
AT5G56740	254	232	211	212	198	195
AT5G56745	0	0	0	0	0	0
AT5G56750	581	598	551	428	431	450
AT5G56760	1217	1318	1115	1020	939	1081
AT5G56770	0	0	0	0	0	0
AT5G56780	85	101	84	108	80	87
AT5G56790	366	409	346	356	314	307
AT5G56795	58	52	38	21	16	29
AT5G56800	0	0	0	0	0	0
AT5G56810	41	31	47	0	0	0
AT5G56820	0	0	0	0	0	0
AT5G56840	131	119	97	39	78	43
AT5G56850	936	834	663	585	535	551
AT5G56860	441	361	356	236	248	221
AT5G56870	1108	1066	1732	645	926	1028
AT5G56880	0	0	0	0	0	0
AT5G56890	815	844	692	754	697	615
AT5G56900	487	473	416	443	398	421
AT5G56910	162	146	112	143	134	140
AT5G56920	0	0	0	0	0	0
AT5G56930	157	166	159	118	132	156
AT5G56940	379	359	395	391	375	337
AT5G56950	1298	1226	1227	1075	999	925
AT5G56960	6	12	2	2	9	6
AT5G56970	14	10	17	8	11	4
AT5G56975	0	0	0	0	0	0
AT5G56980	699	765	547	266	318	441
AT5G56985	0	0	0	0	0	0
AT5G56990	11	10	13	39	53	39
AT5G57000	100	99	78	92	90	95
AT5G57010	67	70	32	57	54	57
AT5G57015	498	660	497	408	469	503
AT5G57020	888	996	914	957	944	864
AT5G57030	659	786	556	689	619	631
AT5G57035	454	526	435	340	325	385
AT5G57040	826	882	755	728	771	705
AT5G57050	210	179	139	152	121	132
AT5G57060	165	125	111	107	125	123
AT5G57070	241	201	228	218	187	155
AT5G57080	12	22	16	13	18	11
AT5G57090	503	419	449	438	375	352
AT5G57100	141	186	130	149	139	174
AT5G57110	2362	2539	2109	2270	1957	1768
AT5G57120	883	816	814	881	768	764
AT5G57123	14	10	11	28	17	17
AT5G57130	361	314	298	410	325	342
AT5G57140	125	125	89	123	117	109
AT5G57150	371	402	335	288	275	333
AT5G57160	421	444	367	345	324	325
AT5G57170	200	195	190	262	213	184
AT5G57180	791	896	747	799	792	768
AT5G57190	58	69	52	23	17	28
AT5G57200	25	3	8	6	2	4
AT5G57210	230	260	226	189	198	171
AT5G57220	371	801	547	263	496	444
AT5G57230	127	135	113	110	110	125
AT5G57240	47	30	42	63	37	41
AT5G57250	241	210	187	210	211	199
AT5G57260	0	0	0	0	0	0
AT5G57270	268	298	229	267	257	241
AT5G57280	214	191	234	208	215	194
AT5G57290	1073	970	1023	1126	892	877
AT5G57300	312	304	248	253	242	227
AT5G57320	47	37	37	30	45	20
AT5G57330	1021	1093	987	917	881	913
AT5G57340	366	367	327	350	348	405
AT5G57345	823	1175	763	662	737	725
AT5G57350	1722	2146	1601	1793	1703	1864
AT5G57360	672	725	634	608	587	557
AT5G57370	205	235	204	197	191	193
AT5G57380	0	1	0	0	0	0
AT5G57390	50	64	51	57	41	49
AT5G57400	27	12	34	17	16	16
AT5G57410	214	205	210	231	223	215
AT5G57420	6	14	3	7	2	4
AT5G57440	254	253	259	258	247	230
AT5G57450	14	8	14	14	10	8
AT5G57460	599	562	568	534	536	511
AT5G57480	225	251	215	113	130	152
AT5G57490	829	836	851	697	705	647
AT5G57500	40	23	26	19	13	21
AT5G57510	61	37	35	4	17	26
AT5G57520	2	0	2	3	4	2
AT5G57530	173	113	145	105	63	42
AT5G57535	0	0	0	0	0	0
AT5G57540	138	89	140	100	69	46
AT5G57550	19	9	14	0	0	0
AT5G57560	1506	3052	1956	509	892	1442
AT5G57565	70	82	62	46	42	53
AT5G57567	6	8	4	1	0	1
AT5G57569	0	0	0	0	0	0
AT5G57570	13	15	10	2	1	3
AT5G57580	1078	1216	1109	961	982	929
AT5G57590	209	188	164	204	167	185
AT5G57610	813	923	643	507	449	547
AT5G57620	103	105	115	102	107	81
AT5G57625	752	405	464	317	192	156
AT5G57630	1011	1348	1354	1280	1522	1395
AT5G57640	16	18	11	0	1	0
AT5G57650	0	0	0	1	0	0
AT5G57655	1432	1526	1560	1567	1660	1616
AT5G57660	987	1392	1006	1111	1123	1183
AT5G57670	9	11	9	12	8	10
AT5G57685	312	292	319	223	239	227
AT5G57690	3	1	3	3	0	3
AT5G57700	249	221	220	259	258	205
AT5G57710	2123	2675	2139	1893	2208	2188
AT5G57720	0	1	0	0	0	0
AT5G57735	0	0	0	1	1	0
AT5G57740	185	154	177	179	158	168
AT5G57750	0	0	0	0	0	0
AT5G57760	54	65	54	72	45	52
AT5G57770	76	58	57	51	38	41
AT5G57780	82	71	72	179	89	86
AT5G57785	147	192	132	289	231	188
AT5G57790	43	37	35	26	29	21
AT5G57800	697	718	679	573	609	562
AT5G57810	0	0	0	0	1	0
AT5G57815	379	439	357	391	367	297
AT5G57820	0	3	2	1	4	2
AT5G57830	182	161	179	121	122	118
AT5G57840	141	136	140	114	94	116
AT5G57850	567	714	619	785	744	663
AT5G57860	167	159	122	123	126	120
AT5G57870	2260	2205	2003	1874	1882	1757
AT5G57880	35	32	35	36	31	37
AT5G57885	0	0	0	0	0	0
AT5G57887	57	41	52	56	50	38
AT5G57890	46	75	50	55	70	57
AT5G57900	445	400	343	371	328	352
AT5G57910	240	184	179	177	180	186
AT5G57920	19	7	21	17	17	12
AT5G57930	1047	1048	922	1301	1025	1009
AT5G57940	686	745	677	690	728	664
AT5G57950	139	151	163	156	151	149
AT5G57960	449	368	396	359	310	312
AT5G57970	123	98	84	91	89	85
AT5G57980	29	38	32	28	27	28
AT5G57990	1517	1575	1458	1444	1503	1399
AT5G58000	333	336	303	377	338	320
AT5G58003	219	194	203	184	196	165
AT5G58005	205	224	171	184	150	177
AT5G58010	136	92	98	82	48	54
AT5G58020	522	477	478	439	446	443
AT5G58030	375	363	354	375	350	327
AT5G58040	1466	1590	1417	1368	1337	1319
AT5G58050	0	1	1	0	0	3
AT5G58060	671	697	625	550	575	561
AT5G58070	1635	2152	1544	1241	1434	1393
AT5G58080	0	3	0	1	1	0
AT5G58090	516	694	541	562	685	797
AT5G58100	1111	1109	1045	945	955	961
AT5G58110	852	760	682	589	543	569
AT5G58120	366	850	390	89	208	376
AT5G58130	246	295	260	277	287	229
AT5G58140	3814	4403	3380	3083	3023	3060
AT5G58150	0	0	0	0	0	0
AT5G58160	372	345	291	309	316	320
AT5G58170	0	0	1	0	0	1
AT5G58180	0	0	0	0	0	0
AT5G58190	275	288	250	258	227	206
AT5G58200	1175	1162	1131	1033	1064	1020
AT5G58210	154	171	154	128	148	150
AT5G58220	561	637	528	422	489	480
AT5G58230	346	358	323	328	344	287
AT5G58240	294	296	348	310	322	299
AT5G58250	920	957	825	1062	905	925
AT5G58260	556	562	363	640	580	498
AT5G58270	615	713	565	622	571	586
AT5G58280	7	7	5	6	8	6
AT5G58290	2349	2425	2206	2025	2078	2088
AT5G58300	406	440	382	468	393	387
AT5G58310	6	4	6	6	3	8
AT5G58320	391	331	310	235	221	229
AT5G58330	2418	2623	2228	2434	2380	2242
AT5G58340	223	226	191	196	163	201
AT5G58350	1467	1528	1217	691	805	920
AT5G58360	13	13	17	15	11	9
AT5G58370	194	188	172	188	170	170
AT5G58375	583	583	497	430	433	501
AT5G58380	486	485	441	355	353	336
AT5G58390	583	473	433	380	405	359
AT5G58400	5	5	1	0	3	2
AT5G58410	841	872	832	665	692	674
AT5G58412	0	0	0	0	0	0
AT5G58420	2182	1953	2103	2212	1950	1852
AT5G58430	1210	1862	1167	1085	1150	1218
AT5G58440	519	538	478	560	492	409
AT5G58450	576	591	569	551	547	491
AT5G58460	0	0	0	0	0	0
AT5G58465	0	2	1	0	0	0
AT5G58470	498	508	435	486	486	436
AT5G58480	115	131	104	144	113	127
AT5G58490	486	548	508	486	502	458
AT5G58495	0	0	0	0	0	0
AT5G58500	39	42	42	31	17	42
AT5G58510	456	499	514	382	450	440
AT5G58520	150	159	178	175	191	157
AT5G58530	145	129	127	147	113	93
AT5G58540	318	307	261	257	294	236
AT5G58550	264	243	225	245	217	225
AT5G58560	593	593	510	563	518	513
AT5G58570	115	102	93	74	116	92
AT5G58575	188	205	192	178	160	145
AT5G58580	86	95	118	57	76	88
AT5G58590	749	763	797	627	728	697
AT5G58595	1	2	2	2	2	5
AT5G58600	195	240	213	231	221	194
AT5G58610	21	15	15	12	21	15
AT5G58620	504	600	518	386	453	453
AT5G58630	3	10	3	9	15	5
AT5G58640	443	435	432	369	365	392
AT5G58650	126	140	185	123	172	156
AT5G58660	44	56	96	65	82	79
AT5G58670	173	120	136	82	100	118
AT5G58680	9	24	19	16	19	27
AT5G58690	113	109	98	82	101	88
AT5G58700	280	236	236	218	206	196
AT5G58710	1370	1459	1368	1214	1269	1275
AT5G58720	914	945	798	791	822	869
AT5G58730	371	300	301	255	266	255
AT5G58740	421	446	396	412	370	378
AT5G58750	84	43	42	39	57	44
AT5G58760	245	197	202	212	173	180
AT5G58770	296	199	166	95	73	115
AT5G58780	40	39	31	5	22	21
AT5G58782	0	0	0	0	0	1
AT5G58784	31	23	29	13	12	11
AT5G58787	347	437	353	370	376	338
AT5G58790	82	76	70	82	69	72
AT5G58800	500	519	478	459	461	477
AT5G58820	1	0	0	0	0	0
AT5G58830	0	0	0	0	0	0
AT5G58840	17	14	2	8	6	8
AT5G58850	0	0	0	0	0	0
AT5G58860	524	812	513	529	524	369
AT5G58870	1008	1013	874	743	717	653
AT5G58880	0	0	0	0	0	0
AT5G58890	0	0	0	0	0	0
AT5G58900	578	469	472	576	555	455
AT5G58910	30	29	31	29	34	39
AT5G58920	351	408	343	314	376	338
AT5G58930	504	584	528	615	530	531
AT5G58940	254	274	231	157	176	173
AT5G58950	2004	1960	1656	1763	1681	1525
AT5G58960	310	309	280	356	295	280
AT5G58970	196	187	156	168	163	158
AT5G58980	241	242	245	230	219	257
AT5G58990	181	160	128	159	151	137
AT5G59000	53	49	55	53	65	71
AT5G59010	231	211	206	264	201	221
AT5G59020	112	95	68	96	105	88
AT5G59030	710	702	674	413	487	383
AT5G59040	0	2	0	0	1	0
AT5G59050	216	319	240	110	128	117
AT5G59055	0	0	0	0	0	0
AT5G59060	1	0	1	1	0	0
AT5G59070	0	0	0	0	0	0
AT5G59080	229	257	245	138	150	174
AT5G59090	784	523	577	496	381	413
AT5G59100	1	0	0	0	0	0
AT5G59105	0	0	0	0	0	0
AT5G59110	0	0	0	0	0	0
AT5G59120	0	0	0	0	0	0
AT5G59130	350	515	302	399	354	322
AT5G59140	474	479	419	420	424	418
AT5G59150	441	454	426	385	420	340
AT5G59160	802	732	757	683	664	716
AT5G59170	0	0	0	4	3	1
AT5G59180	105	79	86	92	92	85
AT5G59190	7	3	5	8	9	5
AT5G59200	16	18	18	24	12	15
AT5G59210	441	494	404	368	383	359
AT5G59220	223	217	109	30	31	81
AT5G59230	1	1	0	1	0	0
AT5G59240	34	51	71	44	25	38
AT5G59250	982	1167	914	1110	1063	874
AT5G59260	3	3	7	5	2	1
AT5G59270	3	2	2	0	0	0
AT5G59280	0	0	0	0	0	0
AT5G59290	1213	1229	1177	1080	1018	960
AT5G59300	217	246	179	202	185	185
AT5G59305	6	3	3	0	1	1
AT5G59310	3	6	1	0	4	2
AT5G59320	36	110	64	53	69	66
AT5G59330	24	12	10	14	7	7
AT5G59340	5	11	8	5	6	12
AT5G59350	159	159	140	185	148	152
AT5G59360	15	11	15	8	10	10
AT5G59370	1	5	2	2	0	1
AT5G59380	131	102	127	104	96	107
AT5G59385	0	0	0	0	0	0
AT5G59390	11	12	17	1	3	3
AT5G59395	0	0	0	0	0	0
AT5G59400	129	135	114	104	82	80
AT5G59410	113	117	88	83	95	102
AT5G59420	1296	1347	1253	1052	1085	1130
AT5G59430	428	430	376	362	355	401
AT5G59440	275	272	274	286	290	275
AT5G59450	158	209	162	125	127	136
AT5G59460	137	156	141	140	117	148
AT5G59470	60	72	36	53	56	63
AT5G59480	359	339	247	185	192	200
AT5G59490	46	33	39	49	46	43
AT5G59500	264	243	242	225	224	242
AT5G59505	0	0	0	0	0	0
AT5G59510	29	16	18	12	15	9
AT5G59520	689	584	631	438	409	395
AT5G59530	286	200	279	204	204	218
AT5G59540	2300	2255	1742	1468	1354	1389
AT5G59550	683	1014	644	417	450	548
AT5G59560	149	175	159	152	147	143
AT5G59570	123	154	110	139	119	132
AT5G59580	0	0	0	0	0	0
AT5G59590	17	7	6	2	5	3
AT5G59600	0	0	0	0	0	0
AT5G59610	199	189	180	224	210	166
AT5G59613	898	879	754	821	653	657
AT5G59616	0	0	0	0	0	0
AT5G59650	65	74	61	69	77	73
AT5G59660	25	57	22	23	22	33
AT5G59662	29	19	14	5	13	7
AT5G59670	365	238	73	17	67	118
AT5G59680	108	149	108	7	17	16
AT5G59690	773	692	669	735	618	522
AT5G59700	113	126	105	64	86	86
AT5G59710	565	610	557	525	511	479
AT5G59720	45	65	53	33	61	59
AT5G59730	0	0	0	0	0	0
AT5G59732	0	0	0	0	0	0
AT5G59740	53	66	53	54	53	51
AT5G59750	355	345	266	259	224	243
AT5G59760	7	17	8	13	7	12
AT5G59770	245	243	180	190	161	157
AT5G59780	926	609	804	378	373	424
AT5G59790	174	180	161	161	183	155
AT5G59800	164	203	196	155	180	147
AT5G59810	0	0	0	0	0	0
AT5G59820	183	204	142	128	172	221
AT5G59830	319	342	271	265	227	260
AT5G59840	483	517	400	444	461	431
AT5G59845	13	21	10	20	9	14
AT5G59850	1272	1195	1357	1295	1271	1176
AT5G59860	1	2	2	1	1	1
AT5G59865	3	7	8	10	3	7
AT5G59870	562	519	446	532	459	458
AT5G59880	3472	3897	3507	2923	3230	2966
AT5G59890	790	905	723	618	599	754
AT5G59895	0	0	0	0	0	0
AT5G59900	72	52	63	56	63	80
AT5G59910	2525	2301	2017	1894	1705	1750
AT5G59920	226	196	180	111	115	111
AT5G59930	18	13	18	11	13	18
AT5G59940	45	25	26	36	23	33
AT5G59945	0	0	0	0	0	0
AT5G59950	899	802	759	752	742	682
AT5G59960	735	697	712	589	640	627
AT5G59970	237	219	203	237	169	161
AT5G59980	113	133	96	107	118	113
AT5G59990	23	15	11	10	11	14
AT5G60000	0	0	0	0	0	0
AT5G60010	1	0	0	0	0	0
AT5G60020	181	167	176	168	155	129
AT5G60022	5	3	6	5	2	8
AT5G60030	434	413	460	357	396	377
AT5G60040	282	320	327	271	305	268
AT5G60050	81	64	67	71	67	47
AT5G60060	3	2	0	0	0	0
AT5G60070	0	0	0	0	0	0
AT5G60080	0	0	0	0	0	0
AT5G60090	0	0	0	0	0	0
AT5G60100	732	790	630	698	638	540
AT5G60110	0	0	0	0	0	0
AT5G60120	461	484	417	478	386	379
AT5G60130	4	2	0	4	8	8
AT5G60140	0	0	2	1	2	0
AT5G60142	20	22	14	3	1	2
AT5G60150	79	65	70	78	88	75
AT5G60160	744	718	674	642	619	625
AT5G60170	1425	1377	1168	1098	1111	1019
AT5G60180	1	1	1	0	0	1
AT5G60190	93	86	83	90	99	95
AT5G60200	300	271	279	247	267	244
AT5G60210	493	515	464	546	453	440
AT5G60215	0	0	0	0	0	0
AT5G60220	0	5	1	2	5	5
AT5G60230	17	18	14	19	16	8
AT5G60240	0	0	0	0	0	0
AT5G60250	69	61	50	9	11	14
AT5G60260	1	2	1	0	0	0
AT5G60265	1	1	0	0	0	0
AT5G60270	449	506	429	187	268	311
AT5G60280	161	147	129	113	116	116
AT5G60285	0	2	0	0	0	0
AT5G60290	11	12	4	7	12	7
AT5G60300	363	379	349	288	300	385
AT5G60310	14	12	17	2	9	7
AT5G60320	0	0	0	1	0	0
AT5G60335	7	10	11	17	10	6
AT5G60340	699	761	649	623	670	602
AT5G60350	19	26	27	17	37	25
AT5G60360	7830	8100	6694	5011	5824	5830
AT5G60370	113	120	113	110	98	110
AT5G60380	0	0	0	0	0	0
AT5G60390	20306	18957	19213	20436	18894	17251
AT5G60400	172	171	186	203	196	198
AT5G60408	1	1	0	0	0	0
AT5G60410	1500	1756	1539	1304	1324	1274
AT5G60430	64	64	60	36	56	51
AT5G60440	14	7	12	10	8	6
AT5G60450	590	611	671	661	634	583
AT5G60460	110	103	93	73	74	64
AT5G60470	9	10	2	11	3	4
AT5G60480	1	0	0	1	0	0
AT5G60490	56	55	62	35	36	47
AT5G60500	0	0	0	0	0	0
AT5G60510	0	0	0	0	0	0
AT5G60520	61	53	40	24	24	24
AT5G60530	483	344	427	284	248	199
AT5G60540	913	989	796	740	763	669
AT5G60550	620	629	579	498	492	477
AT5G60553	0	0	0	0	0	0
AT5G60560	0	0	0	0	0	0
AT5G60570	717	735	598	635	589	585
AT5G60580	169	175	149	179	153	148
AT5G60590	110	113	100	87	104	89
AT5G60600	5157	6068	4842	4584	4898	4455
AT5G60610	2	10	3	5	5	2
AT5G60615	0	0	0	0	0	0
AT5G60620	581	612	531	458	503	422
AT5G60630	13	17	19	20	25	22
AT5G60640	2395	2413	2187	2038	2150	2030
AT5G60650	23	15	21	14	13	12
AT5G60660	140	61	107	58	49	37
AT5G60670	620	618	592	586	570	562
AT5G60680	1053	1476	1138	1190	1243	1266
AT5G60690	486	402	377	526	385	467
AT5G60700	316	292	316	286	272	299
AT5G60710	699	791	794	704	812	809
AT5G60720	54	44	53	57	39	50
AT5G60730	41	31	30	55	46	40
AT5G60740	0	0	0	0	0	0
AT5G60750	407	450	354	381	359	299
AT5G60760	89	70	92	90	122	89
AT5G60770	2	0	0	0	0	0
AT5G60780	9	9	6	15	20	19
AT5G60790	1704	1685	1400	1226	1195	1293
AT5G60800	171	255	144	139	104	164
AT5G60805	0	0	0	0	0	0
AT5G60810	6	6	4	4	5	5
AT5G60820	108	144	119	126	111	138
AT5G60830	1	0	0	0	0	0
AT5G60840	136	163	124	138	154	140
AT5G60850	234	281	240	230	232	193
AT5G60860	52	62	41	44	44	37
AT5G60870	98	115	100	110	139	102
AT5G60880	26	28	22	35	30	22
AT5G60890	507	396	393	478	411	424
AT5G60900	409	416	233	20	79	110
AT5G60910	15	26	13	16	19	23
AT5G60920	1997	1984	1787	1713	1628	1589
AT5G60930	400	369	335	399	313	325
AT5G60940	235	230	234	291	220	219
AT5G60945	0	0	0	0	0	0
AT5G60950	218	166	147	114	111	121
AT5G60960	609	642	559	607	582	551
AT5G60963	0	0	0	0	0	0
AT5G60964	0	0	0	0	0	0
AT5G60966	0	0	0	0	0	0
AT5G60970	133	139	127	119	149	132
AT5G60980	1184	1325	1231	1252	1195	1074
AT5G60990	411	390	424	369	389	356
AT5G61000	194	175	161	227	189	160
AT5G61010	649	792	533	271	347	387
AT5G61020	1581	1610	1561	1412	1428	1382
AT5G61030	301	297	297	314	285	312
AT5G61040	132	113	109	131	129	118
AT5G61050	0	0	0	0	0	0
AT5G61060	653	704	528	497	502	481
AT5G61070	14	10	15	3	11	7
AT5G61090	0	3	2	2	0	1
AT5G61100	0	0	0	0	3	0
AT5G61110	0	0	0	0	0	0
AT5G61120	3	0	2	5	1	2
AT5G61130	496	502	497	602	556	501
AT5G61140	1342	1367	1190	1197	1303	1192
AT5G61150	1204	1216	1119	1137	1099	1078
AT5G61160	925	560	549	217	477	222
AT5G61170	1230	1096	1173	1180	1057	959
AT5G61180	0	1	0	1	0	2
AT5G61190	635	724	610	551	586	568
AT5G61200	47	54	54	56	36	37
AT5G61210	1007	1474	1081	760	971	1038
AT5G61220	170	182	145	144	151	137
AT5G61230	746	797	719	717	728	670
AT5G61240	583	541	449	501	439	405
AT5G61250	135	163	137	104	132	123
AT5G61260	58	35	45	25	30	25
AT5G61270	212	246	208	277	225	210
AT5G61280	16	13	17	10	8	8
AT5G61290	92	137	60	77	63	110
AT5G61300	88	115	72	119	95	96
AT5G61310	183	170	149	139	155	153
AT5G61320	1	0	0	0	0	0
AT5G61330	406	425	370	429	439	408
AT5G61340	247	238	200	156	146	134
AT5G61345	0	0	0	0	0	0
AT5G61350	120	87	93	66	45	40
AT5G61360	34	53	51	55	59	47
AT5G61370	55	51	51	63	65	69
AT5G61380	2804	3215	2753	2724	2609	2580
AT5G61390	103	93	91	85	100	107
AT5G61400	29	19	27	22	26	15
AT5G61410	4321	4176	3173	3906	3295	3212
AT5G61412	0	2	5	10	8	8
AT5G61420	911	914	804	930	791	748
AT5G61430	151	127	125	76	70	70
AT5G61440	516	636	612	514	809	709
AT5G61445	0	0	0	0	0	0
AT5G61450	391	403	367	356	390	370
AT5G61455	0	0	0	0	0	0
AT5G61460	285	333	302	242	246	247
AT5G61470	0	0	0	0	0	0
AT5G61480	397	413	345	467	400	374
AT5G61490	4	4	4	4	4	6
AT5G61495	0	0	0	0	0	0
AT5G61500	671	619	540	619	576	560
AT5G61510	847	1005	799	523	654	727
AT5G61520	473	578	564	342	451	379
AT5G61530	1007	1163	962	786	919	838
AT5G61540	69	60	68	82	69	76
AT5G61550	274	318	173	52	36	110
AT5G61560	171	276	237	161	204	198
AT5G61570	73	67	73	70	59	75
AT5G61580	451	518	411	450	419	412
AT5G61590	1819	1989	2060	2185	2568	2074
AT5G61600	1577	1887	1229	1214	1044	1203
AT5G61605	0	0	0	0	0	0
AT5G61610	1	4	11	6	4	9
AT5G61620	0	1	1	2	1	0
AT5G61630	0	0	0	0	0	0
AT5G61640	252	210	205	59	42	48
AT5G61650	75	42	45	22	19	15
AT5G61660	0	0	0	0	0	0
AT5G61670	832	807	692	579	553	561
AT5G61680	0	0	0	0	0	0
AT5G61690	0	0	0	0	0	0
AT5G61700	0	0	0	0	0	0
AT5G61710	0	0	0	0	0	0
AT5G61720	0	0	0	0	0	0
AT5G61730	0	1	3	0	0	1
AT5G61740	14	20	12	14	12	17
AT5G61750	0	1	2	1	0	0
AT5G61760	219	193	190	111	106	106
AT5G61770	413	364	358	316	351	321
AT5G61780	2613	2600	2363	2171	2223	2106
AT5G61790	4727	5306	4682	4041	4078	3842
AT5G61800	15	10	17	21	18	22
AT5G61810	333	360	246	271	219	274
AT5G61820	1800	1727	1388	977	1123	1238
AT5G61830	158	139	131	135	119	128
AT5G61835	0	0	0	0	0	0
AT5G61840	454	513	435	403	395	332
AT5G61850	0	3	1	1	0	3
AT5G61865	36	38	29	34	30	38
AT5G61880	174	178	158	180	201	139
AT5G61890	10	11	11	16	14	13
AT5G61900	1	1	4	2	1	1
AT5G61910	460	436	369	389	381	390
AT5G61920	33	33	32	30	20	29
AT5G61930	60	44	61	83	69	79
AT5G61940	33	42	42	44	30	39
AT5G61950	70	77	68	70	74	55
AT5G61960	2088	2182	1659	1383	1448	1513
AT5G61970	674	672	605	584	581	549
AT5G61980	91	87	76	83	81	80
AT5G61990	83	78	67	76	61	67
AT5G61997	0	0	0	0	0	0
AT5G62000	5268	5737	5098	3909	4398	4359
AT5G62020	223	260	206	175	191	217
AT5G62030	236	252	223	198	259	254
AT5G62040	6	4	1	9	11	3
AT5G62050	577	626	602	558	563	556
AT5G62060	0	0	0	0	0	0
AT5G62065	0	0	0	0	0	0
AT5G62070	352	379	351	291	262	233
AT5G62080	1	2	0	0	1	1
AT5G62090	763	788	699	723	687	729
AT5G62100	129	108	111	79	78	89
AT5G62110	0	0	0	0	0	0
AT5G62120	0	0	0	0	0	0
AT5G62130	154	139	107	87	77	71
AT5G62140	180	169	117	134	131	112
AT5G62150	64	51	42	16	20	25
AT5G62160	27	48	21	7	7	11
AT5G62162	10	18	9	4	4	5
AT5G62165	95	70	97	47	52	72
AT5G62170	92	65	67	83	60	51
AT5G62180	99	113	84	97	83	95
AT5G62190	3758	3704	3548	3393	3236	3100
AT5G62200	513	578	505	419	412	426
AT5G62210	203	171	183	190	158	131
AT5G62220	255	282	210	216	196	245
AT5G62230	69	72	72	81	89	71
AT5G62240	2	2	0	1	1	2
AT5G62250	3	2	1	0	2	1
AT5G62260	124	96	101	96	97	98
AT5G62270	563	519	521	516	510	499
AT5G62280	233	235	314	261	327	282
AT5G62290	127	157	100	132	131	138
AT5G62300	1838	1811	1799	1847	1772	1649
AT5G62310	175	80	115	78	55	64
AT5G62320	0	1	0	0	1	0
AT5G62330	3	1	2	0	0	2
AT5G62340	120	73	113	70	40	33
AT5G62350	3568	3784	3532	3211	3299	2901
AT5G62360	969	1158	1313	1147	1398	1028
AT5G62370	48	49	62	53	62	52
AT5G62380	17	15	13	20	23	15
AT5G62390	2993	3083	2937	3132	3014	2938
AT5G62400	0	0	0	0	0	0
AT5G62410	386	375	360	323	336	302
AT5G62420	5	1	4	10	2	7
AT5G62430	244	231	144	60	50	54
AT5G62440	315	279	310	273	259	275
AT5G62460	364	442	349	334	356	313
AT5G62470	374	550	475	312	348	333
AT5G62480	252	489	227	66	98	218
AT5G62490	0	0	0	0	0	0
AT5G62500	166	159	127	149	134	121
AT5G62510	1	0	0	0	1	0
AT5G62520	104	163	113	67	101	100
AT5G62530	1235	1251	1176	1056	1190	1172
AT5G62540	475	467	368	374	445	433
AT5G62550	224	223	269	219	204	176
AT5G62560	321	459	359	332	343	337
AT5G62570	355	625	358	323	384	521
AT5G62573	0	0	0	0	0	0
AT5G62575	129	144	95	109	112	81
AT5G62580	353	436	356	367	306	317
AT5G62600	444	389	389	359	347	320
AT5G62610	558	609	491	508	480	399
AT5G62620	245	299	244	190	212	221
AT5G62623	0	0	0	0	0	0
AT5G62627	0	0	0	0	0	0
AT5G62630	366	438	431	354	354	330
AT5G62640	590	577	562	570	581	544
AT5G62650	280	331	293	248	310	241
AT5G62660	0	0	0	0	0	0
AT5G62670	1126	1165	1006	864	898	826
AT5G62680	1224	1292	1078	815	875	1025
AT5G62690	3290	3221	2818	3421	3007	2863
AT5G62700	2912	3026	2601	3092	2748	2505
AT5G62710	199	212	195	202	192	175
AT5G62720	902	1247	907	1401	1229	1073
AT5G62730	2	1	2	2	6	7
AT5G62740	542	615	546	453	537	532
AT5G62750	0	0	1	0	0	0
AT5G62760	282	259	233	257	225	222
AT5G62770	89	108	94	61	64	97
AT5G62780	0	1	0	0	0	0
AT5G62790	1002	1152	843	1091	1045	1027
AT5G62800	0	0	0	0	0	0
AT5G62810	1503	1485	1417	1471	1422	1339
AT5G62820	52	53	50	48	48	47
AT5G62830	0	0	0	1	0	2
AT5G62840	130	126	97	143	95	87
AT5G62848	0	0	0	0	0	0
AT5G62850	8	9	5	1	4	6
AT5G62860	0	0	0	0	0	0
AT5G62865	81	100	73	61	71	80
AT5G62880	392	386	362	378	357	349
AT5G62890	1606	1562	1494	1526	1471	1370
AT5G62900	238	272	289	206	217	194
AT5G62910	242	237	221	223	259	196
AT5G62920	134	114	102	113	80	111
AT5G62930	334	384	339	318	329	329
AT5G62940	69	64	50	75	70	76
AT5G62950	310	291	263	223	251	245
AT5G62960	85	101	69	70	70	80
AT5G62970	0	0	0	0	0	0
AT5G62980	161	160	127	155	163	147
AT5G62990	111	124	110	98	112	110
AT5G62998	0	0	0	1	0	0
AT5G63000	237	261	228	201	216	215
AT5G63010	135	124	109	123	112	134
AT5G63020	419	442	349	313	357	343
AT5G63030	427	461	376	286	326	339
AT5G63040	228	285	227	235	251	222
AT5G63050	458	452	399	459	507	427
AT5G63060	67	65	70	79	76	67
AT5G63063	0	0	0	0	0	0
AT5G63070	0	0	0	1	0	1
AT5G63080	144	156	164	131	137	118
AT5G63085	0	0	0	0	0	0
AT5G63087	3	5	4	1	2	2
AT5G63090	50	44	35	34	42	35
AT5G63100	77	71	54	64	68	78
AT5G63110	395	418	389	386	327	343
AT5G63120	302	289	263	256	255	252
AT5G63130	452	415	275	91	112	158
AT5G63135	115	104	91	98	100	90
AT5G63140	87	88	96	100	100	98
AT5G63145	0	0	0	0	0	0
AT5G63150	276	303	280	271	296	257
AT5G63160	445	640	1007	321	729	817
AT5G63170	0	0	0	0	0	0
AT5G63180	735	900	763	963	912	813
AT5G63190	374	390	335	358	369	319
AT5G63195	0	0	1	0	2	1
AT5G63200	279	329	314	275	265	261
AT5G63220	347	327	308	303	309	262
AT5G63225	3	5	2	0	0	6
AT5G63230	0	0	0	0	0	0
AT5G63240	1	1	2	0	0	1
AT5G63250	2	2	1	2	0	0
AT5G63260	355	389	315	344	306	334
AT5G63270	79	53	57	27	25	17
AT5G63280	263	270	227	200	209	207
AT5G63290	29	26	30	27	30	28
AT5G63300	7	9	17	7	9	21
AT5G63310	1324	1281	1152	1373	1155	1115
AT5G63320	562	542	513	462	494	396
AT5G63340	0	0	0	0	0	0
AT5G63350	6	8	5	1	3	7
AT5G63370	1833	2001	1801	1576	1680	1623
AT5G63375	0	0	0	0	0	0
AT5G63380	306	343	250	278	289	267
AT5G63390	10	9	12	4	9	5
AT5G63400	1650	1747	1540	1464	1427	1316
AT5G63410	419	515	425	361	429	367
AT5G63420	1113	1070	977	1148	1027	950
AT5G63440	167	148	141	142	135	129
AT5G63450	164	106	90	91	87	116
AT5G63460	331	334	317	267	276	229
AT5G63470	105	101	121	138	129	93
AT5G63480	57	64	51	50	53	58
AT5G63490	382	377	335	289	299	319
AT5G63500	23	20	19	21	17	27
AT5G63510	700	626	611	619	560	578
AT5G63520	146	188	162	160	130	142
AT5G63530	670	707	544	707	712	620
AT5G63540	31	15	11	16	25	18
AT5G63550	458	431	411	401	363	379
AT5G63560	719	548	612	424	445	515
AT5G63570	1718	1791	1551	1679	1592	1568
AT5G63580	62	58	67	56	53	72
AT5G63590	216	182	201	170	142	163
AT5G63595	82	72	55	54	45	46
AT5G63600	882	1009	891	869	846	941
AT5G63610	352	337	302	279	315	264
AT5G63620	365	303	302	359	323	370
AT5G63625	13	16	15	15	11	19
AT5G63630	165	190	164	194	187	156
AT5G63640	418	431	381	344	411	416
AT5G63650	164	179	168	168	154	158
AT5G63660	126	111	129	123	97	76
AT5G63670	340	331	299	272	267	276
AT5G63680	1381	1597	1221	830	951	1029
AT5G63690	27	21	26	32	18	18
AT5G63700	197	231	194	181	167	166
AT5G63710	376	407	372	366	387	418
AT5G63715	0	0	0	0	0	0
AT5G63720	0	0	1	0	0	0
AT5G63730	0	0	0	0	0	0
AT5G63740	0	0	0	0	0	0
AT5G63750	1	4	5	0	0	0
AT5G63760	232	233	232	64	85	67
AT5G63770	338	403	367	280	278	264
AT5G63780	437	372	379	617	509	461
AT5G63790	2033	2331	1859	1111	1320	1474
AT5G63800	1211	1714	1115	1195	1392	1320
AT5G63810	735	786	764	1046	852	741
AT5G63820	17	13	16	13	19	18
AT5G63830	106	100	104	105	117	117
AT5G63840	1632	1629	1526	1582	1483	1347
AT5G63850	877	1410	929	663	621	742
AT5G63860	2002	2277	1907	2173	1828	1850
AT5G63870	504	534	451	493	512	434
AT5G63880	386	430	368	312	351	330
AT5G63890	891	919	776	784	792	760
AT5G63900	1	0	1	1	0	0
AT5G63905	76	62	61	54	50	49
AT5G63910	417	449	388	400	360	372
AT5G63920	175	164	171	160	142	125
AT5G63930	472	418	404	378	376	360
AT5G63940	596	560	502	485	410	430
AT5G63950	389	309	355	315	303	287
AT5G63960	294	308	275	277	250	242
AT5G63970	291	234	260	167	191	254
AT5G63980	815	919	801	787	790	778
AT5G63990	285	298	259	246	214	245
AT5G64000	1	1	0	2	1	1
AT5G64010	62	81	48	70	52	52
AT5G64020	266	273	236	236	232	229
AT5G64030	1037	1035	1020	1110	965	941
AT5G64040	7123	9757	6543	8174	7804	6776
AT5G64050	925	990	907	824	885	815
AT5G64060	14	16	23	6	3	2
AT5G64070	1756	1892	1669	1543	1615	1478
AT5G64080	46	72	64	75	67	79
AT5G64090	319	304	303	284	294	284
AT5G64100	1770	1397	1796	1669	1894	1609
AT5G64110	464	421	419	370	439	459
AT5G64120	4027	7964	5636	3855	5840	5670
AT5G64130	1274	1338	1228	1325	1333	1262
AT5G64140	508	414	443	518	389	433
AT5G64150	111	99	78	131	126	115
AT5G64160	162	128	138	121	104	133
AT5G64170	800	970	636	512	554	574
AT5G64180	194	217	161	164	143	130
AT5G64190	110	147	132	40	84	128
AT5G64200	488	449	435	440	410	380
AT5G64210	1	0	0	0	0	0
AT5G64220	729	794	685	648	663	592
AT5G64230	316	364	164	82	84	139
AT5G64240	599	759	611	702	660	791
AT5G64250	998	996	815	787	823	874
AT5G64260	2414	2889	2497	2044	2194	2779
AT5G64270	1637	1567	1503	1537	1520	1483
AT5G64280	387	455	396	387	427	373
AT5G64290	1250	1159	1054	1153	1057	1003
AT5G64300	1635	1870	1546	1334	1417	1411
AT5G64310	578	912	550	535	554	839
AT5G64320	55	63	58	46	63	68
AT5G64330	882	906	893	1029	900	877
AT5G64340	1153	1049	962	1156	1037	943
AT5G64350	1146	1221	996	1023	1050	1016
AT5G64360	247	270	242	284	254	243
AT5G64370	1142	1126	1011	913	894	887
AT5G64380	139	156	163	253	212	185
AT5G64390	599	603	511	529	462	456
AT5G64395	0	0	0	0	0	0
AT5G64400	1490	1376	1346	1132	1186	1020
AT5G64401	0	0	0	0	0	0
AT5G64410	329	329	377	326	366	300
AT5G64420	771	738	659	737	731	706
AT5G64430	696	684	703	599	678	661
AT5G64440	916	907	858	834	831	800
AT5G64450	10	14	5	8	4	12
AT5G64460	614	594	489	499	503	433
AT5G64470	156	151	150	154	148	117
AT5G64480	169	177	157	176	185	149
AT5G64490	5	6	5	6	7	6
AT5G64500	802	829	678	610	656	633
AT5G64505	0	0	0	0	0	0
AT5G64510	104	161	112	64	87	77
AT5G64520	74	63	73	63	64	59
AT5G64530	32	41	25	17	22	16
AT5G64540	0	1	0	0	2	1
AT5G64550	453	455	390	301	314	277
AT5G64560	312	320	286	330	247	303
AT5G64570	942	805	1031	845	876	839
AT5G64572	0	0	0	0	0	0
AT5G64580	857	785	742	862	790	709
AT5G64590	0	0	0	0	1	0
AT5G64600	199	173	166	155	172	188
AT5G64610	425	429	397	378	366	354
AT5G64620	336	326	274	276	285	269
AT5G64630	107	93	88	91	89	76
AT5G64640	82	102	107	118	89	128
AT5G64650	151	139	145	171	155	110
AT5G64660	242	383	228	201	212	268
AT5G64667	14	11	7	17	13	10
AT5G64670	611	645	556	591	601	559
AT5G64680	160	216	182	162	153	184
AT5G64687	2	12	4	1	3	2
AT5G64690	12	11	11	15	5	3
AT5G64700	85	72	74	42	59	70
AT5G64710	56	55	60	44	46	46
AT5G64720	1	2	2	1	3	0
AT5G64730	105	99	88	101	94	90
AT5G64735	0	0	0	0	0	0
AT5G64740	3640	3967	3377	3126	3235	3070
AT5G64750	25	23	8	7	12	21
AT5G64760	336	320	331	295	295	287
AT5G64770	710	860	631	894	789	608
AT5G64780	47	44	32	35	34	33
AT5G64790	4	4	1	0	0	4
AT5G64800	12	7	6	7	8	3
AT5G64810	107	138	90	31	84	103
AT5G64813	560	631	499	512	459	457
AT5G64816	13	15	13	17	10	5
AT5G64820	2	1	1	0	0	0
AT5G64830	196	202	165	178	189	164
AT5G64840	4092	4187	3350	1378	1487	1433
AT5G64850	212	229	172	126	128	141
AT5G64855	0	0	0	0	0	0
AT5G64860	956	1219	988	1339	1270	1174
AT5G64870	36	65	31	21	41	62
AT5G64880	136	149	134	127	136	139
AT5G64890	35	58	37	14	33	19
AT5G64900	82	54	63	43	57	53
AT5G64905	65	79	55	35	85	57
AT5G64910	38	45	30	17	17	28
AT5G64920	454	464	423	371	434	424
AT5G64930	346	315	266	199	199	229
AT5G64940	2878	3209	2537	1343	1513	1474
AT5G64950	39	31	34	40	35	39
AT5G64960	1017	1075	969	934	981	890
AT5G64970	89	62	72	68	66	67
AT5G64980	57	57	51	59	60	46
AT5G64990	17	15	13	12	15	12
AT5G65000	208	236	206	183	192	164
AT5G65005	0	0	0	0	0	0
AT5G65010	1358	1227	1581	2169	1946	1847
AT5G65015	0	0	0	0	0	0
AT5G65020	1759	1372	1512	1492	1258	1347
AT5G65030	31	20	28	18	24	18
AT5G65040	106	103	119	116	120	80
AT5G65050	503	474	459	512	485	455
AT5G65060	179	178	128	123	156	138
AT5G65070	15	12	10	33	17	21
AT5G65080	7	10	8	55	75	63
AT5G65090	90	78	87	17	21	6
AT5G65100	0	0	0	0	0	0
AT5G65110	1329	1544	1274	960	1105	1121
AT5G65120	47	55	39	58	67	52
AT5G65130	0	0	1	1	1	2
AT5G65140	142	196	154	120	152	120
AT5G65158	16	9	10	4	1	6
AT5G65160	165	135	141	97	88	83
AT5G65165	7	6	2	2	1	1
AT5G65170	99	74	85	71	85	94
AT5G65180	187	162	155	160	160	172
AT5G65200	193	242	189	152	175	173
AT5G65205	65	74	65	62	65	54
AT5G65207	217	289	260	169	239	264
AT5G65210	1163	918	1003	797	801	818
AT5G65220	2890	3089	2677	3533	3027	2693
AT5G65225	4	2	3	6	7	4
AT5G65230	20	37	25	21	18	28
AT5G65240	302	332	256	273	272	244
AT5G65250	285	353	251	300	259	246
AT5G65260	674	638	605	614	555	606
AT5G65270	404	400	396	373	361	363
AT5G65274	0	0	0	0	0	0
AT5G65280	263	256	175	103	78	134
AT5G65290	335	376	302	268	295	276
AT5G65300	73	83	71	54	49	83
AT5G65305	0	1	0	0	0	0
AT5G65310	2070	1894	1804	2114	1685	1604
AT5G65320	19	27	24	29	21	23
AT5G65330	2	3	1	2	4	2
AT5G65340	2	5	3	4	8	2
AT5G65350	3	3	9	5	5	5
AT5G65360	796	657	678	728	634	584
AT5G65370	0	0	0	0	0	0
AT5G65380	1365	1182	1073	506	564	750
AT5G65390	180	164	193	221	183	164
AT5G65400	78	98	91	106	82	84
AT5G65410	149	133	143	145	130	124
AT5G65420	57	53	54	61	56	58
AT5G65430	1368	1321	1343	1301	1256	1154
AT5G65440	739	817	764	722	751	692
AT5G65445	0	0	0	0	0	0
AT5G65450	162	185	125	187	146	146
AT5G65460	495	426	383	432	422	387
AT5G65470	541	632	493	476	450	454
AT5G65480	758	801	659	649	627	595
AT5G65490	363	420	379	395	364	339
AT5G65495	91	97	83	85	77	74
AT5G65500	50	29	31	14	14	18
AT5G65510	48	48	45	34	41	35
AT5G65520	108	125	141	97	113	88
AT5G65530	200	169	130	124	116	106
AT5G65535	0	0	0	0	0	0
AT5G65540	278	313	270	318	244	252
AT5G65550	0	0	0	0	0	0
AT5G65560	189	172	190	193	154	165
AT5G65570	57	47	37	36	34	35
AT5G65575	92	97	94	78	80	84
AT5G65580	0	0	0	0	0	0
AT5G65590	101	93	91	99	108	111
AT5G65600	59	47	41	11	28	32
AT5G65609	36	33	26	23	44	33
AT5G65610	10	19	4	7	5	9
AT5G65613	0	1	1	0	0	0
AT5G65615	0	0	0	0	0	0
AT5G65620	2244	2439	2047	2138	2141	1890
AT5G65630	1994	2012	1653	1774	1689	1800
AT5G65640	760	1175	819	575	643	731
AT5G65650	167	152	183	183	156	187
AT5G65660	1153	1171	1188	953	923	1071
AT5G65670	4409	4343	4133	4164	4044	3853
AT5G65683	380	299	306	425	277	251
AT5G65685	324	335	313	336	323	281
AT5G65687	199	217	195	185	204	174
AT5G65690	69	75	76	70	65	50
AT5G65700	1316	1482	1317	1491	1422	1269
AT5G65710	188	223	179	196	168	161
AT5G65720	1481	1358	1316	1184	1165	1168
AT5G65730	300	377	305	266	247	331
AT5G65740	117	113	85	120	100	110
AT5G65750	1447	1593	1316	1083	1210	1151
AT5G65760	399	399	357	387	372	374
AT5G65770	0	0	0	0	0	0
AT5G65780	600	623	524	579	510	553
AT5G65790	172	144	158	173	126	137
AT5G65800	11	10	6	6	4	2
AT5G65810	384	345	353	452	382	338
AT5G65820	80	65	57	64	65	65
AT5G65830	93	85	94	75	80	67
AT5G65840	524	663	409	419	422	401
AT5G65850	19	23	20	22	20	23
AT5G65860	164	157	156	176	166	149
AT5G65870	101	116	80	117	90	124
AT5G65880	54	48	42	45	42	37
AT5G65890	86	78	60	90	83	96
AT5G65900	360	408	365	359	376	357
AT5G65910	545	573	543	501	530	534
AT5G65920	155	224	172	137	148	159
AT5G65925	81	67	86	63	64	65
AT5G65930	984	1037	899	906	847	792
AT5G65940	623	740	649	673	678	637
AT5G65950	1233	1245	1154	1077	1001	999
AT5G65960	437	441	400	390	381	346
AT5G65970	182	157	188	197	167	193
AT5G65980	23	9	10	14	5	9
AT5G65990	327	336	336	337	320	287
AT5G66000	54	38	52	42	46	49
AT5G66005	63	83	59	108	64	53
AT5G66010	335	425	320	248	329	244
AT5G66020	1	0	2	1	1	0
AT5G66030	1521	1755	1473	1494	1433	1432
AT5G66040	2024	1970	1876	1701	1580	1726
AT5G66045	2	1	1	0	0	2
AT5G66050	467	512	421	482	437	483
AT5G66052	168	186	161	200	170	196
AT5G66053	0	0	0	0	0	0
AT5G66055	826	924	792	853	868	774
AT5G66060	511	555	510	477	523	453
AT5G66070	267	380	279	238	250	296
AT5G66080	59	93	55	43	30	43
AT5G66090	306	318	298	320	279	281
AT5G66100	345	381	381	297	334	312
AT5G66110	5	3	7	8	10	5
AT5G66120	1472	1577	1364	1244	1303	1343
AT5G66130	65	108	118	88	97	100
AT5G66140	526	499	474	456	479	470
AT5G66150	6	4	4	1	1	2
AT5G66160	370	351	339	343	331	282
AT5G66170	1002	580	779	598	651	735
AT5G66180	235	221	161	191	177	163
AT5G66190	9747	10631	8243	10402	9881	8674
AT5G66200	627	666	549	488	560	595
AT5G66210	734	1825	1010	698	884	1239
AT5G66220	0	0	0	0	0	0
AT5G66230	228	251	238	276	205	244
AT5G66240	845	833	694	687	627	615
AT5G66250	475	421	436	353	364	361
AT5G66260	0	0	0	0	0	0
AT5G66270	36	33	25	22	14	21
AT5G66280	0	0	0	0	0	0
AT5G66290	198	226	176	210	207	166
AT5G66300	63	53	36	40	27	34
AT5G66310	537	593	515	577	562	435
AT5G66320	342	414	319	300	252	267
AT5G66330	29	46	44	46	37	50
AT5G66335	0	0	0	0	0	0
AT5G66340	1	2	2	0	3	1
AT5G66350	63	59	63	31	33	33
AT5G66360	165	201	203	149	148	146
AT5G66370	1	0	0	0	0	0
AT5G66380	119	121	122	129	111	125
AT5G66390	593	457	464	482	389	316
AT5G66400	282	290	137	176	175	303
AT5G66410	272	299	281	283	263	250
AT5G66420	1231	1354	1187	1164	1173	1088
AT5G66430	0	0	0	0	0	0
AT5G66440	130	198	178	168	172	163
AT5G66450	133	157	121	156	140	135
AT5G66460	166	201	183	177	163	154
AT5G66470	621	692	643	752	709	632
AT5G66480	101	154	92	117	129	130
AT5G66490	119	184	160	135	163	161
AT5G66500	39	30	33	24	33	29
AT5G66510	1092	1026	938	897	919	830
AT5G66520	0	0	0	0	0	0
AT5G66530	1131	1278	1064	1160	1097	953
AT5G66535	0	0	0	0	0	0
AT5G66540	446	396	397	404	357	413
AT5G66550	128	145	139	155	132	128
AT5G66558	7	5	6	7	7	10
AT5G66560	0	0	0	0	0	0
AT5G66562	0	1	1	1	1	0
AT5G66564	1	0	0	0	0	0
AT5G66567	0	0	0	0	0	0
AT5G66568	0	0	0	0	0	0
AT5G66570	28662	37792	26185	38190	32769	30447
AT5G66580	37	44	48	56	66	38
AT5G66590	88	84	101	118	112	94
AT5G66595	7	0	2	6	1	2
AT5G66600	72	90	60	92	74	70
AT5G66607	13	15	7	11	5	14
AT5G66610	120	124	82	83	72	71
AT5G66620	138	163	114	63	74	76
AT5G66630	117	80	77	48	73	76
AT5G66631	31	46	36	34	36	27
AT5G66640	57	97	55	36	41	59
AT5G66650	100	193	125	130	84	149
AT5G66658	20	30	14	19	24	25
AT5G66660	1	1	3	1	1	1
AT5G66670	17	11	9	5	9	7
AT5G66675	563	934	657	470	598	692
AT5G66680	1328	1363	1301	1272	1202	1102
AT5G66690	1779	1640	1484	1095	1173	1224
AT5G66700	53	36	44	33	36	38
AT5G66710	5	12	3	6	5	4
AT5G66720	521	532	462	493	425	436
AT5G66730	695	769	722	562	701	652
AT5G66740	6	4	2	3	3	4
AT5G66750	200	174	182	174	181	169
AT5G66755	0	0	0	0	0	0
AT5G66760	3538	3146	2919	2521	2322	2444
AT5G66770	314	288	338	273	303	283
AT5G66780	0	0	1	2	2	2
AT5G66790	166	272	205	125	178	181
AT5G66800	39	39	40	32	49	46
AT5G66810	412	424	396	361	357	312
AT5G66815	4	3	3	4	0	4
AT5G66816	3	1	2	2	0	0
AT5G66817	0	0	0	0	0	0
AT5G66820	281	315	246	264	266	278
AT5G66830	15	8	7	12	14	14
AT5G66840	28	20	35	29	27	28
AT5G66850	488	575	452	427	424	468
AT5G66860	280	290	243	267	296	270
AT5G66870	135	120	126	125	125	119
AT5G66880	809	1008	789	924	977	992
AT5G66890	1	2	1	0	0	0
AT5G66900	370	452	351	264	258	332
AT5G66910	319	388	304	216	244	295
AT5G66920	630	625	598	591	540	562
AT5G66930	333	332	291	286	260	280
AT5G66940	6	6	5	12	8	8
AT5G66950	625	591	553	555	506	480
AT5G66960	67	66	73	43	75	75
AT5G66970	0	0	0	0	0	0
AT5G66980	0	3	0	0	0	0
AT5G66985	174	393	218	142	199	170
AT5G66990	0	0	0	0	0	1
AT5G67000	0	0	0	0	0	0
AT5G67010	0	0	0	0	0	0
AT5G67020	14	13	19	17	14	7
AT5G67030	2860	3202	2212	1517	1267	1297
AT5G67040	0	0	0	0	0	0
AT5G67050	13	5	4	8	8	6
AT5G67060	52	36	45	112	46	59
AT5G67070	596	617	557	724	609	586
AT5G67080	273	294	214	26	74	139
AT5G67090	31	20	26	28	16	16
AT5G67100	390	429	343	427	358	336
AT5G67110	0	2	2	1	0	1
AT5G67120	0	0	0	1	1	3
AT5G67130	545	517	477	576	529	458
AT5G67140	115	104	59	35	42	52
AT5G67150	193	194	177	185	184	196
AT5G67160	84	84	83	63	66	79
AT5G67170	132	124	150	142	140	151
AT5G67180	114	113	58	75	65	78
AT5G67190	48	65	49	41	46	48
AT5G67200	136	123	109	100	112	99
AT5G67210	110	111	72	40	34	33
AT5G67220	744	756	656	680	575	624
AT5G67230	64	71	64	54	64	77
AT5G67240	728	737	659	615	578	541
AT5G67245	25	31	21	16	17	18
AT5G67250	608	587	563	505	503	595
AT5G67260	418	415	365	558	510	471
AT5G67265	0	0	0	1	0	0
AT5G67270	141	147	169	173	157	150
AT5G67280	311	336	292	366	325	315
AT5G67290	295	321	276	297	258	269
AT5G67300	1703	2508	1810	879	1244	1890
AT5G67310	25	22	17	0	1	5
AT5G67320	1042	1070	1026	1008	973	974
AT5G67330	398	396	324	289	354	330
AT5G67340	312	341	270	155	239	287
AT5G67350	98	96	77	72	56	69
AT5G67360	2165	2182	1985	2148	1981	1907
AT5G67370	676	591	440	389	380	358
AT5G67380	949	1087	905	759	803	720
AT5G67385	1104	956	953	635	676	551
AT5G67390	123	75	85	101	69	60
AT5G67400	1549	944	1054	661	495	429
AT5G67410	30	22	22	10	19	19
AT5G67411	0	2	0	5	1	2
AT5G67420	967	856	918	834	831	779
AT5G67430	188	128	106	69	55	68
AT5G67440	349	351	383	273	279	306
AT5G67450	118	285	152	95	127	129
AT5G67455	0	0	0	0	0	0
AT5G67460	64	76	57	81	75	75
AT5G67470	605	619	528	466	495	403
AT5G67480	1912	2152	2051	1310	2029	2371
AT5G67488	5	6	7	2	4	3
AT5G67490	3	3	2	1	6	1
AT5G67500	2101	1959	1775	1717	1626	1596
AT5G67510	510	480	416	438	423	390
AT5G67520	17	20	16	20	19	23
AT5G67530	389	455	379	375	337	376
AT5G67540	299	304	268	214	225	223
AT5G67550	22	22	22	17	13	10
AT5G67560	389	443	363	333	371	370
AT5G67570	411	487	459	465	481	440
AT5G67580	461	495	326	348	317	329
AT5G67590	1101	1110	1061	889	1027	915
AT5G67600	390	386	290	256	243	295
AT5G67610	249	222	184	205	238	215
AT5G67620	59	44	42	35	38	34
AT5G67630	346	400	336	323	351	364
AT5G67640	71	114	89	89	77	90
ATCG00010	0	0	0	2	0	0
ATCG00020	676	858	285	286	191	310
ATCG00030	4	1	0	5	1	4
ATCG00040	20	19	11	7	9	12
ATCG00050	4	3	2	0	2	0
ATCG00060	0	0	0	0	0	0
ATCG00065	5	12	6	4	1	2
ATCG00070	14	7	9	23	13	14
ATCG00080	12	25	16	16	20	16
ATCG00090	5	1	6	8	6	3
ATCG00100	8	5	2	4	2	4
ATCG00110	0	1	0	0	1	0
ATCG00120	43	46	27	44	34	37
ATCG00130	34	47	33	42	26	29
ATCG00140	28	27	18	26	13	25
ATCG00150	32	23	14	29	14	14
ATCG00160	8	11	5	8	8	7
ATCG00170	41	28	16	32	23	20
ATCG00180	47	50	31	39	34	39
ATCG00190	117	118	59	127	98	92
ATCG00200	3	1	1	2	2	0
ATCG00210	5	1	4	4	8	5
ATCG00220	23	18	17	31	22	14
ATCG00230	2	0	0	0	0	0
ATCG00240	0	0	0	0	0	0
ATCG00250	0	0	0	0	1	0
ATCG00260	0	0	0	0	0	0
ATCG00270	194	133	58	35	29	48
ATCG00280	222	168	90	84	92	104
ATCG00290	17	5	3	2	0	1
ATCG00300	19	9	1	1	4	3
ATCG00310	0	0	0	0	0	0
ATCG00320	0	0	2	0	0	0
ATCG00330	26	31	15	20	19	28
ATCG00340	183	135	86	86	78	75
ATCG00350	375	242	107	55	43	62
ATCG00360	10	6	10	8	6	8
ATCG00370	2	1	1	2	0	2
ATCG00380	7	6	2	6	0	1
ATCG00390	4	0	1	4	0	1
ATCG00400	5	5	8	4	3	5
ATCG00410	6	3	1	1	0	0
ATCG00420	16	11	3	8	7	5
ATCG00430	17	16	5	9	12	11
ATCG00440	14	11	7	1	3	4
ATCG00450	14	14	6	6	13	12
ATCG00460	5	2	0	0	1	0
ATCG00470	20	30	30	28	29	44
ATCG00480	133	176	104	160	120	120
ATCG00490	211	232	186	221	184	189
ATCG00500	13	15	4	5	3	5
ATCG00510	8	6	3	1	2	6
ATCG00520	8	15	2	4	5	1
ATCG00530	15	17	10	13	12	13
ATCG00540	20	21	19	21	13	17
ATCG00550	6	5	6	5	7	7
ATCG00560	8	6	3	3	2	6
ATCG00570	4	6	5	8	8	5
ATCG00580	33	26	14	13	13	17
ATCG00590	1	1	1	2	3	2
ATCG00600	2	0	0	2	2	0
ATCG00610	0	1	1	0	0	0
ATCG00620	5	2	2	0	1	1
ATCG00630	207	235	219	186	205	188
ATCG00640	7	16	3	6	7	4
ATCG00650	3	7	4	6	3	5
ATCG00660	11	14	9	3	7	5
ATCG00670	32	52	23	47	42	23
ATCG00680	129	113	70	61	51	73
ATCG00690	15	11	3	3	9	7
ATCG00700	11	13	3	5	6	3
ATCG00710	8	8	8	5	3	5
ATCG00720	36	31	20	15	16	19
ATCG00730	31	31	17	22	19	15
ATCG00740	20	13	14	13	15	13
ATCG00750	11	8	11	9	7	8
ATCG00760	9	10	7	7	5	2
ATCG00770	10	11	8	8	10	9
ATCG00780	27	30	21	36	24	27
ATCG00790	31	27	25	43	31	38
ATCG00800	24	15	17	26	23	26
ATCG00810	11	8	3	15	14	5
ATCG00820	0	1	0	0	1	0
ATCG00830	0	0	0	0	0	0
ATCG00840	0	0	0	0	0	0
ATCG00850	0	0	0	0	0	0
ATCG00860	0	0	0	0	0	0
ATCG00870	0	0	0	0	0	0
ATCG00880	0	0	0	0	0	0
ATCG00890	0	0	0	0	0	0
ATCG00900	0	1	0	0	0	0
ATCG00905	0	0	0	0	0	0
ATCG00910	0	0	0	0	0	0
ATCG00920	1	0	0	0	0	0
ATCG00930	0	0	0	0	0	0
ATCG00940	0	0	0	0	0	0
ATCG00950	0	1	0	1	1	0
ATCG00960	0	0	0	0	0	0
ATCG00970	0	0	0	0	0	0
ATCG00980	0	0	0	0	0	0
ATCG00990	0	0	0	0	0	0
ATCG01000	0	0	0	0	0	0
ATCG01010	7	5	5	1	6	2
ATCG01020	92	98	78	103	80	77
ATCG01030	0	0	0	0	0	0
ATCG01040	4	2	4	1	1	3
ATCG01050	25	36	18	24	29	21
ATCG01060	4	4	6	2	6	4
ATCG01070	2	5	4	2	7	4
ATCG01080	4	5	2	1	2	4
ATCG01090	2	2	0	0	3	2
ATCG01100	14	4	9	6	4	9
ATCG01110	11	5	2	2	2	0
ATCG01120	2	5	2	1	0	1
ATCG01130	29	19	11	9	11	14
ATCG01140	0	0	0	0	0	0
ATCG01150	0	0	0	0	0	0
ATCG01160	0	0	0	0	0	0
ATCG01170	0	0	0	0	0	0
ATCG01180	0	1	0	2	0	1
ATCG01190	0	0	0	0	0	0
ATCG01200	0	0	0	0	0	0
ATCG01210	0	0	0	0	0	0
ATCG01220	0	0	0	0	0	0
ATCG01230	0	0	0	0	0	0
ATCG01240	0	0	0	0	0	0
ATCG01250	0	0	0	0	0	0
ATCG01260	0	0	0	0	0	0
ATCG01270	0	0	0	0	0	0
ATCG01280	0	0	0	0	0	0
ATCG01290	0	0	0	0	0	0
ATCG01300	0	0	0	0	0	0
ATCG01310	0	0	0	0	0	0
ATMG00010	0	1	2	0	0	0
ATMG00020	1245	1070	974	838	806	807
ATMG00030	185	170	169	128	136	133
ATMG00040	1	1	1	2	1	1
ATMG00050	0	0	0	0	0	0
ATMG00060	8	8	7	2	11	7
ATMG00070	13	10	8	6	6	6
ATMG00080	15	20	10	6	9	8
ATMG00090	29	32	35	13	16	20
ATMG00100	0	0	0	0	0	0
ATMG00110	13	29	30	9	11	17
ATMG00120	1	0	2	0	0	0
ATMG00130	4	2	0	0	2	1
ATMG00140	0	2	3	0	2	0
ATMG00150	2	2	2	0	1	0
ATMG00160	18	6	13	3	7	11
ATMG00170	0	0	0	0	0	0
ATMG00180	0	0	0	0	0	0
ATMG00190	0	0	0	0	0	0
ATMG00200	0	0	0	0	0	0
ATMG00210	0	0	0	0	0	0
ATMG00220	0	0	0	0	0	0
ATMG00230	0	0	0	0	0	0
ATMG00240	0	0	0	0	0	0
ATMG00250	0	0	0	0	0	0
ATMG00260	0	0	0	0	0	0
ATMG00270	0	0	0	0	0	0
ATMG00280	0	0	0	0	0	0
ATMG00285	0	0	0	0	0	0
ATMG00290	0	0	0	0	0	0
ATMG00300	0	0	0	0	0	0
ATMG00310	0	0	0	0	0	0
ATMG00320	0	0	0	0	0	0
ATMG00330	0	0	0	0	0	0
ATMG00340	0	0	0	0	0	0
ATMG00350	0	0	0	0	0	0
ATMG00360	0	0	0	0	0	0
ATMG00370	0	0	0	0	0	0
ATMG00380	0	0	0	0	0	0
ATMG00390	0	0	0	0	0	0
ATMG00400	0	0	0	0	0	0
ATMG00410	0	0	0	0	0	0
ATMG00420	0	0	0	0	0	0
ATMG00430	0	0	0	0	0	0
ATMG00440	0	0	0	0	0	0
ATMG00450	0	0	0	0	0	0
ATMG00460	0	0	0	0	0	0
ATMG00470	0	0	0	0	0	0
ATMG00480	0	0	0	0	0	0
ATMG00490	0	0	0	0	0	0
ATMG00500	0	0	0	0	0	0
ATMG00510	2	0	0	0	1	0
ATMG00513	3	0	1	3	3	0
ATMG00516	0	0	1	0	1	0
ATMG00520	0	0	0	0	0	0
ATMG00530	0	0	0	0	0	0
ATMG00540	0	0	0	0	0	0
ATMG00550	0	0	0	0	0	0
ATMG00560	0	2	1	0	0	1
ATMG00570	0	0	0	0	0	0
ATMG00580	0	0	0	0	1	0
ATMG00590	0	0	0	0	0	0
ATMG00600	0	0	0	0	0	0
ATMG00610	0	0	0	0	0	0
ATMG00620	0	0	0	0	0	0
ATMG00630	8	17	7	1	3	4
ATMG00640	13	14	12	6	12	18
ATMG00650	6	3	6	7	11	7
ATMG00660	19	20	17	10	9	18
ATMG00665	1	0	0	0	0	0
ATMG00670	8	8	8	5	3	9
ATMG00680	0	1	1	1	1	0
ATMG00690	18	23	15	7	14	16
ATMG00700	0	0	0	0	0	0
ATMG00710	0	1	0	0	0	0
ATMG00720	2	1	2	0	0	1
ATMG00730	0	0	0	0	0	0
ATMG00740	0	0	0	0	0	0
ATMG00750	0	0	0	0	0	0
ATMG00760	0	0	0	0	0	0
ATMG00770	0	0	0	0	0	0
ATMG00780	0	0	0	0	0	0
ATMG00790	0	0	0	0	0	0
ATMG00800	0	0	0	0	0	0
ATMG00810	0	1	0	0	0	0
ATMG00820	0	0	0	0	0	0
ATMG00830	0	0	0	0	0	0
ATMG00840	0	0	0	0	0	0
ATMG00850	0	0	0	0	0	0
ATMG00860	0	0	0	0	0	0
ATMG00870	0	0	0	0	0	0
ATMG00880	0	0	0	0	0	0
ATMG00890	0	0	0	0	0	0
ATMG00900	0	0	0	0	0	0
ATMG00910	0	0	0	0	0	0
ATMG00920	0	0	0	0	0	0
ATMG00930	0	0	0	0	0	0
ATMG00940	0	0	0	0	0	0
ATMG00950	0	0	0	0	0	0
ATMG00960	0	0	0	0	0	0
ATMG00970	0	0	0	0	0	0
ATMG00980	0	0	0	0	0	0
ATMG00990	0	0	0	0	0	0
ATMG01000	0	0	0	0	0	0
ATMG01010	0	0	0	0	0	0
ATMG01020	0	0	0	0	0	0
ATMG01030	0	0	0	0	0	0
ATMG01040	0	0	0	0	0	0
ATMG01050	0	0	0	0	0	0
ATMG01060	0	0	0	0	0	0
ATMG01070	0	0	0	0	0	0
ATMG01080	0	0	0	0	0	0
ATMG01090	1	0	0	0	1	1
ATMG01100	0	0	0	0	0	0
ATMG01110	1	0	0	0	0	0
ATMG01120	2	3	3	1	1	2
ATMG01130	2	2	6	2	1	5
ATMG01140	0	0	0	0	0	0
ATMG01150	0	0	0	0	0	0
ATMG01160	0	0	0	0	0	0
ATMG01170	8	25	13	10	4	5
ATMG01180	0	0	0	0	0	0
ATMG01190	0	0	0	0	0	0
ATMG01200	0	0	0	0	2	0
ATMG01210	0	0	0	0	0	0
ATMG01220	1	3	2	2	2	1
ATMG01230	0	0	0	0	0	0
ATMG01240	0	0	0	0	0	0
ATMG01250	0	0	0	0	0	0
ATMG01260	0	0	0	0	0	0
ATMG01270	0	0	0	0	0	0
ATMG01275	1	0	0	0	0	0
ATMG01280	0	0	0	0	0	0
ATMG01290	0	0	0	0	0	0
ATMG01300	0	0	0	0	0	0
ATMG01310	0	0	0	0	0	0
ATMG01320	0	0	0	0	0	0
ATMG01330	2	3	1	1	1	0
ATMG01340	0	0	0	0	0	0
ATMG01350	3	4	3	1	0	2
ATMG01360	42	51	35	15	29	24
ATMG01370	17	7	13	6	5	4
ATMG01380	10	11	8	11	5	11
ATMG01390	1044	902	789	612	632	648
ATMG01400	2	1	0	0	1	0
ATMG01410	4	3	0	0	1	0
ATMG09450	0	0	0	0	0	0
ATMG09730	0	0	0	0	0	0
ATMG09740	0	0	0	0	0	0
ATMG09950	1	0	1	0	1	0
ATMG09960	0	2	1	0	0	1
ATMG09980	0	0	0	0	0	0
